Sample_ID,Question,Answer,Label
1,Are the leaves turning yellow starting from the tips?,1,1
1,Do you notice any brown streaks on the leaf veins?,1,1
1,Is there a sticky residue on the leaf surface?,1,1
1,Are the leaves curling inward or downward?,0,1
1,Do you see any tiny white spots on the leaves?,1,1
1,Is there a foul or unusual smell from the leaves?,0,1
1,Are the leaf edges turning brown or dry?,1,1
1,Do the leaves have patches of light green or pale color?,0,1
1,Is the plant growth slower than usual?,1,1
1,Are the leaves falling off prematurely?,0,1
1,Do you see black fungal spots on the leaves?,1,1
1,Are ants or other insects frequently found on the leaves?,0,1
1,Is there any powdery white coating on the leaves?,1,1
1,Do you see small holes or eaten parts on the leaves?,0,1
1,Are the younger leaves affected more than older ones?,1,1
1,Is there any sticky honeydew on the underside of leaves?,0,1
1,Do the leaves feel brittle or dry to touch?,1,1
1,Are there any web-like structures on the leaves?,0,1
1,Is there any mold or mildew on the leaf surface?,1,1
1,Are the leaves drooping or wilted during the day?,1,1
1,Do you see any yellow rings or spots on the leaves?,1,1
1,Are the leaves thinner or smaller than normal?,0,1
1,Is there any rust-colored powder on the leaves?,0,1
1,Do you notice any leaf veins turning red or purple?,0,1
1,Are the leaves brittle and breaking easily?,0,1
1,Is the plant showing signs of nutrient deficiency?,0,1
1,Are there any whiteflies or aphids on the leaves?,1,1
1,Do the leaves have translucent patches?,0,1
1,Is there a sticky substance attracting ants?,1,1
1,Are the leaves clustered tightly together unusually?,0,1
1,Is the leaf surface rough or bumpy?,1,1
1,Are the plants less productive than usual?,0,1
1,Do you see any holes forming in the leaf blades?,0,1
1,Are the edges of the leaves curling upward?,0,1
1,Do you notice any faint yellow halos around spots?,1,1
1,Is there excessive moisture or dew on the leaves?,0,1
1,Are the leaves uneven in size and shape?,1,1
1,Do you see any leaves that look scorched or sunburned?,0,1
1,Are the leaves losing their natural shine?,0,1
1,Is there a sticky film on the leaf surface?,0,1
1,Do the affected leaves wilt faster during hot weather?,0,1
1,Are any parts of the leaf transparent or thin?,1,1
1,Do you notice any fungus-like growth near leaf stems?,1,1
1,Are the leaves changing color faster than normal?,0,1
1,Is the plant less vigorous than healthy plants?,0,1
1,Do you observe any yellowing around leaf margins?,0,1
1,Are the leaves curling unevenly or asymmetrically?,1,1
1,Do you see any spots that look oily or greasy?,0,1
2,Are the leaves turning yellow starting from the tips?,1,0
2,Do you notice any brown streaks on the leaf veins?,0,0
2,Is there a sticky residue on the leaf surface?,0,0
2,Are the leaves curling inward or downward?,1,0
2,Do you see any tiny white spots on the leaves?,0,0
2,Is there a foul or unusual smell from the leaves?,1,0
2,Are the leaf edges turning brown or dry?,0,0
2,Do the leaves have patches of light green or pale color?,1,0
2,Is the plant growth slower than usual?,1,0
2,Are the leaves falling off prematurely?,0,0
2,Do you see black fungal spots on the leaves?,0,0
2,Are ants or other insects frequently found on the leaves?,1,0
2,Is there any powdery white coating on the leaves?,1,0
2,Do you see small holes or eaten parts on the leaves?,1,0
2,Are the younger leaves affected more than older ones?,0,0
2,Is there any sticky honeydew on the underside of leaves?,1,0
2,Do the leaves feel brittle or dry to touch?,1,0
2,Are there any web-like structures on the leaves?,0,0
2,Is there any mold or mildew on the leaf surface?,0,0
2,Are the leaves drooping or wilted during the day?,0,0
2,Do you see any yellow rings or spots on the leaves?,1,0
2,Are the leaves thinner or smaller than normal?,0,0
2,Is there any rust-colored powder on the leaves?,0,0
2,Do you notice any leaf veins turning red or purple?,1,0
2,Are the leaves brittle and breaking easily?,1,0
2,Is the plant showing signs of nutrient deficiency?,1,0
2,Are there any whiteflies or aphids on the leaves?,0,0
2,Do the leaves have translucent patches?,1,0
2,Is there a sticky substance attracting ants?,0,0
2,Are the leaves clustered tightly together unusually?,1,0
2,Is the leaf surface rough or bumpy?,0,0
2,Are the plants less productive than usual?,1,0
2,Do you see any holes forming in the leaf blades?,0,0
2,Are the edges of the leaves curling upward?,0,0
2,Do you notice any faint yellow halos around spots?,0,0
2,Is there excessive moisture or dew on the leaves?,1,0
2,Are the leaves uneven in size and shape?,1,0
2,Do you see any leaves that look scorched or sunburned?,1,0
2,Are the leaves losing their natural shine?,0,0
2,Is there a sticky film on the leaf surface?,1,0
2,Do the affected leaves wilt faster during hot weather?,0,0
2,Are any parts of the leaf transparent or thin?,1,0
2,Do you notice any fungus-like growth near leaf stems?,0,0
2,Are the leaves changing color faster than normal?,1,0
2,Is the plant less vigorous than healthy plants?,1,0
2,Do you observe any yellowing around leaf margins?,1,0
2,Are the leaves curling unevenly or asymmetrically?,0,0
2,Do you see any spots that look oily or greasy?,1,0
3,Are the leaves turning yellow starting from the tips?,1,0
3,Do you notice any brown streaks on the leaf veins?,1,0
3,Is there a sticky residue on the leaf surface?,1,0
3,Are the leaves curling inward or downward?,1,0
3,Do you see any tiny white spots on the leaves?,0,0
3,Is there a foul or unusual smell from the leaves?,1,0
3,Are the leaf edges turning brown or dry?,1,0
3,Do the leaves have patches of light green or pale color?,1,0
3,Is the plant growth slower than usual?,0,0
3,Are the leaves falling off prematurely?,1,0
3,Do you see black fungal spots on the leaves?,0,0
3,Are ants or other insects frequently found on the leaves?,1,0
3,Is there any powdery white coating on the leaves?,0,0
3,Do you see small holes or eaten parts on the leaves?,1,0
3,Are the younger leaves affected more than older ones?,0,0
3,Is there any sticky honeydew on the underside of leaves?,0,0
3,Do the leaves feel brittle or dry to touch?,0,0
3,Are there any web-like structures on the leaves?,0,0
3,Is there any mold or mildew on the leaf surface?,1,0
3,Are the leaves drooping or wilted during the day?,1,0
3,Do you see any yellow rings or spots on the leaves?,0,0
3,Are the leaves thinner or smaller than normal?,1,0
3,Is there any rust-colored powder on the leaves?,0,0
3,Do you notice any leaf veins turning red or purple?,1,0
3,Are the leaves brittle and breaking easily?,0,0
3,Is the plant showing signs of nutrient deficiency?,1,0
3,Are there any whiteflies or aphids on the leaves?,1,0
3,Do the leaves have translucent patches?,1,0
3,Is there a sticky substance attracting ants?,0,0
3,Are the leaves clustered tightly together unusually?,1,0
3,Is the leaf surface rough or bumpy?,1,0
3,Are the plants less productive than usual?,1,0
3,Do you see any holes forming in the leaf blades?,0,0
3,Are the edges of the leaves curling upward?,0,0
3,Do you notice any faint yellow halos around spots?,0,0
3,Is there excessive moisture or dew on the leaves?,1,0
3,Are the leaves uneven in size and shape?,1,0
3,Do you see any leaves that look scorched or sunburned?,1,0
3,Are the leaves losing their natural shine?,1,0
3,Is there a sticky film on the leaf surface?,1,0
3,Do the affected leaves wilt faster during hot weather?,0,0
3,Are any parts of the leaf transparent or thin?,1,0
3,Do you notice any fungus-like growth near leaf stems?,0,0
3,Are the leaves changing color faster than normal?,1,0
3,Is the plant less vigorous than healthy plants?,0,0
3,Do you observe any yellowing around leaf margins?,1,0
3,Are the leaves curling unevenly or asymmetrically?,0,0
3,Do you see any spots that look oily or greasy?,1,0
4,Are the leaves turning yellow starting from the tips?,1,1
4,Do you notice any brown streaks on the leaf veins?,1,1
4,Is there a sticky residue on the leaf surface?,1,1
4,Are the leaves curling inward or downward?,0,1
4,Do you see any tiny white spots on the leaves?,1,1
4,Is there a foul or unusual smell from the leaves?,0,1
4,Are the leaf edges turning brown or dry?,1,1
4,Do the leaves have patches of light green or pale color?,0,1
4,Is the plant growth slower than usual?,1,1
4,Are the leaves falling off prematurely?,0,1
4,Do you see black fungal spots on the leaves?,1,1
4,Are ants or other insects frequently found on the leaves?,1,1
4,Is there any powdery white coating on the leaves?,1,1
4,Do you see small holes or eaten parts on the leaves?,1,1
4,Are the younger leaves affected more than older ones?,1,1
4,Is there any sticky honeydew on the underside of leaves?,0,1
4,Do the leaves feel brittle or dry to touch?,1,1
4,Are there any web-like structures on the leaves?,0,1
4,Is there any mold or mildew on the leaf surface?,1,1
4,Are the leaves drooping or wilted during the day?,1,1
4,Do you see any yellow rings or spots on the leaves?,0,1
4,Are the leaves thinner or smaller than normal?,0,1
4,Is there any rust-colored powder on the leaves?,1,1
4,Do you notice any leaf veins turning red or purple?,0,1
4,Are the leaves brittle and breaking easily?,1,1
4,Is the plant showing signs of nutrient deficiency?,0,1
4,Are there any whiteflies or aphids on the leaves?,0,1
4,Do the leaves have translucent patches?,0,1
4,Is there a sticky substance attracting ants?,1,1
4,Are the leaves clustered tightly together unusually?,0,1
4,Is the leaf surface rough or bumpy?,1,1
4,Are the plants less productive than usual?,0,1
4,Do you see any holes forming in the leaf blades?,0,1
4,Are the edges of the leaves curling upward?,0,1
4,Do you notice any faint yellow halos around spots?,1,1
4,Is there excessive moisture or dew on the leaves?,0,1
4,Are the leaves uneven in size and shape?,1,1
4,Do you see any leaves that look scorched or sunburned?,0,1
4,Are the leaves losing their natural shine?,1,1
4,Is there a sticky film on the leaf surface?,1,1
4,Do the affected leaves wilt faster during hot weather?,1,1
4,Are any parts of the leaf transparent or thin?,1,1
4,Do you notice any fungus-like growth near leaf stems?,1,1
4,Are the leaves changing color faster than normal?,0,1
4,Is the plant less vigorous than healthy plants?,1,1
4,Do you observe any yellowing around leaf margins?,0,1
4,Are the leaves curling unevenly or asymmetrically?,1,1
4,Do you see any spots that look oily or greasy?,1,1
5,Are the leaves turning yellow starting from the tips?,0,0
5,Do you notice any brown streaks on the leaf veins?,1,0
5,Is there a sticky residue on the leaf surface?,1,0
5,Are the leaves curling inward or downward?,1,0
5,Do you see any tiny white spots on the leaves?,0,0
5,Is there a foul or unusual smell from the leaves?,1,0
5,Are the leaf edges turning brown or dry?,0,0
5,Do the leaves have patches of light green or pale color?,1,0
5,Is the plant growth slower than usual?,0,0
5,Are the leaves falling off prematurely?,1,0
5,Do you see black fungal spots on the leaves?,0,0
5,Are ants or other insects frequently found on the leaves?,0,0
5,Is there any powdery white coating on the leaves?,1,0
5,Do you see small holes or eaten parts on the leaves?,1,0
5,Are the younger leaves affected more than older ones?,0,0
5,Is there any sticky honeydew on the underside of leaves?,1,0
5,Do the leaves feel brittle or dry to touch?,0,0
5,Are there any web-like structures on the leaves?,1,0
5,Is there any mold or mildew on the leaf surface?,0,0
5,Are the leaves drooping or wilted during the day?,1,0
5,Do you see any yellow rings or spots on the leaves?,1,0
5,Are the leaves thinner or smaller than normal?,0,0
5,Is there any rust-colored powder on the leaves?,0,0
5,Do you notice any leaf veins turning red or purple?,1,0
5,Are the leaves brittle and breaking easily?,0,0
5,Is the plant showing signs of nutrient deficiency?,1,0
5,Are there any whiteflies or aphids on the leaves?,0,0
5,Do the leaves have translucent patches?,0,0
5,Is there a sticky substance attracting ants?,0,0
5,Are the leaves clustered tightly together unusually?,1,0
5,Is the leaf surface rough or bumpy?,1,0
5,Are the plants less productive than usual?,1,0
5,Do you see any holes forming in the leaf blades?,0,0
5,Are the edges of the leaves curling upward?,1,0
5,Do you notice any faint yellow halos around spots?,0,0
5,Is there excessive moisture or dew on the leaves?,0,0
5,Are the leaves uneven in size and shape?,0,0
5,Do you see any leaves that look scorched or sunburned?,1,0
5,Are the leaves losing their natural shine?,0,0
5,Is there a sticky film on the leaf surface?,1,0
5,Do the affected leaves wilt faster during hot weather?,1,0
5,Are any parts of the leaf transparent or thin?,1,0
5,Do you notice any fungus-like growth near leaf stems?,0,0
5,Are the leaves changing color faster than normal?,0,0
5,Is the plant less vigorous than healthy plants?,0,0
5,Do you observe any yellowing around leaf margins?,0,0
5,Are the leaves curling unevenly or asymmetrically?,0,0
5,Do you see any spots that look oily or greasy?,1,0
6,Are the leaves turning yellow starting from the tips?,1,0
6,Do you notice any brown streaks on the leaf veins?,1,0
6,Is there a sticky residue on the leaf surface?,0,0
6,Are the leaves curling inward or downward?,1,0
6,Do you see any tiny white spots on the leaves?,0,0
6,Is there a foul or unusual smell from the leaves?,0,0
6,Are the leaf edges turning brown or dry?,0,0
6,Do the leaves have patches of light green or pale color?,1,0
6,Is the plant growth slower than usual?,0,0
6,Are the leaves falling off prematurely?,1,0
6,Do you see black fungal spots on the leaves?,0,0
6,Are ants or other insects frequently found on the leaves?,1,0
6,Is there any powdery white coating on the leaves?,0,0
6,Do you see small holes or eaten parts on the leaves?,1,0
6,Are the younger leaves affected more than older ones?,0,0
6,Is there any sticky honeydew on the underside of leaves?,1,0
6,Do the leaves feel brittle or dry to touch?,0,0
6,Are there any web-like structures on the leaves?,1,0
6,Is there any mold or mildew on the leaf surface?,0,0
6,Are the leaves drooping or wilted during the day?,0,0
6,Do you see any yellow rings or spots on the leaves?,0,0
6,Are the leaves thinner or smaller than normal?,1,0
6,Is there any rust-colored powder on the leaves?,1,0
6,Do you notice any leaf veins turning red or purple?,1,0
6,Are the leaves brittle and breaking easily?,0,0
6,Is the plant showing signs of nutrient deficiency?,1,0
6,Are there any whiteflies or aphids on the leaves?,0,0
6,Do the leaves have translucent patches?,1,0
6,Is there a sticky substance attracting ants?,0,0
6,Are the leaves clustered tightly together unusually?,1,0
6,Is the leaf surface rough or bumpy?,1,0
6,Are the plants less productive than usual?,1,0
6,Do you see any holes forming in the leaf blades?,0,0
6,Are the edges of the leaves curling upward?,1,0
6,Do you notice any faint yellow halos around spots?,0,0
6,Is there excessive moisture or dew on the leaves?,1,0
6,Are the leaves uneven in size and shape?,0,0
6,Do you see any leaves that look scorched or sunburned?,1,0
6,Are the leaves losing their natural shine?,0,0
6,Is there a sticky film on the leaf surface?,1,0
6,Do the affected leaves wilt faster during hot weather?,0,0
6,Are any parts of the leaf transparent or thin?,1,0
6,Do you notice any fungus-like growth near leaf stems?,0,0
6,Are the leaves changing color faster than normal?,1,0
6,Is the plant less vigorous than healthy plants?,0,0
6,Do you observe any yellowing around leaf margins?,1,0
6,Are the leaves curling unevenly or asymmetrically?,0,0
6,Do you see any spots that look oily or greasy?,1,0
7,Are the leaves turning yellow starting from the tips?,1,1
7,Do you notice any brown streaks on the leaf veins?,0,1
7,Is there a sticky residue on the leaf surface?,1,1
7,Are the leaves curling inward or downward?,0,1
7,Do you see any tiny white spots on the leaves?,0,1
7,Is there a foul or unusual smell from the leaves?,1,1
7,Are the leaf edges turning brown or dry?,1,1
7,Do the leaves have patches of light green or pale color?,0,1
7,Is the plant growth slower than usual?,1,1
7,Are the leaves falling off prematurely?,1,1
7,Do you see black fungal spots on the leaves?,1,1
7,Are ants or other insects frequently found on the leaves?,1,1
7,Is there any powdery white coating on the leaves?,1,1
7,Do you see small holes or eaten parts on the leaves?,0,1
7,Are the younger leaves affected more than older ones?,1,1
7,Is there any sticky honeydew on the underside of leaves?,0,1
7,Do the leaves feel brittle or dry to touch?,0,1
7,Are there any web-like structures on the leaves?,0,1
7,Is there any mold or mildew on the leaf surface?,1,1
7,Are the leaves drooping or wilted during the day?,0,1
7,Do you see any yellow rings or spots on the leaves?,1,1
7,Are the leaves thinner or smaller than normal?,0,1
7,Is there any rust-colored powder on the leaves?,1,1
7,Do you notice any leaf veins turning red or purple?,0,1
7,Are the leaves brittle and breaking easily?,0,1
7,Is the plant showing signs of nutrient deficiency?,0,1
7,Are there any whiteflies or aphids on the leaves?,0,1
7,Do the leaves have translucent patches?,1,1
7,Is there a sticky substance attracting ants?,1,1
7,Are the leaves clustered tightly together unusually?,1,1
7,Is the leaf surface rough or bumpy?,1,1
7,Are the plants less productive than usual?,0,1
7,Do you see any holes forming in the leaf blades?,1,1
7,Are the edges of the leaves curling upward?,0,1
7,Do you notice any faint yellow halos around spots?,1,1
7,Is there excessive moisture or dew on the leaves?,0,1
7,Are the leaves uneven in size and shape?,1,1
7,Do you see any leaves that look scorched or sunburned?,1,1
7,Are the leaves losing their natural shine?,1,1
7,Is there a sticky film on the leaf surface?,1,1
7,Do the affected leaves wilt faster during hot weather?,1,1
7,Are any parts of the leaf transparent or thin?,0,1
7,Do you notice any fungus-like growth near leaf stems?,1,1
7,Are the leaves changing color faster than normal?,0,1
7,Is the plant less vigorous than healthy plants?,0,1
7,Do you observe any yellowing around leaf margins?,0,1
7,Are the leaves curling unevenly or asymmetrically?,1,1
7,Do you see any spots that look oily or greasy?,0,1
8,Are the leaves turning yellow starting from the tips?,0,0
8,Do you notice any brown streaks on the leaf veins?,1,0
8,Is there a sticky residue on the leaf surface?,0,0
8,Are the leaves curling inward or downward?,1,0
8,Do you see any tiny white spots on the leaves?,0,0
8,Is there a foul or unusual smell from the leaves?,1,0
8,Are the leaf edges turning brown or dry?,0,0
8,Do the leaves have patches of light green or pale color?,1,0
8,Is the plant growth slower than usual?,0,0
8,Are the leaves falling off prematurely?,1,0
8,Do you see black fungal spots on the leaves?,0,0
8,Are ants or other insects frequently found on the leaves?,0,0
8,Is there any powdery white coating on the leaves?,0,0
8,Do you see small holes or eaten parts on the leaves?,1,0
8,Are the younger leaves affected more than older ones?,0,0
8,Is there any sticky honeydew on the underside of leaves?,0,0
8,Do the leaves feel brittle or dry to touch?,0,0
8,Are there any web-like structures on the leaves?,1,0
8,Is there any mold or mildew on the leaf surface?,1,0
8,Are the leaves drooping or wilted during the day?,0,0
8,Do you see any yellow rings or spots on the leaves?,0,0
8,Are the leaves thinner or smaller than normal?,0,0
8,Is there any rust-colored powder on the leaves?,0,0
8,Do you notice any leaf veins turning red or purple?,1,0
8,Are the leaves brittle and breaking easily?,0,0
8,Is the plant showing signs of nutrient deficiency?,0,0
8,Are there any whiteflies or aphids on the leaves?,0,0
8,Do the leaves have translucent patches?,1,0
8,Is there a sticky substance attracting ants?,1,0
8,Are the leaves clustered tightly together unusually?,1,0
8,Is the leaf surface rough or bumpy?,0,0
8,Are the plants less productive than usual?,1,0
8,Do you see any holes forming in the leaf blades?,0,0
8,Are the edges of the leaves curling upward?,1,0
8,Do you notice any faint yellow halos around spots?,0,0
8,Is there excessive moisture or dew on the leaves?,1,0
8,Are the leaves uneven in size and shape?,0,0
8,Do you see any leaves that look scorched or sunburned?,1,0
8,Are the leaves losing their natural shine?,1,0
8,Is there a sticky film on the leaf surface?,1,0
8,Do the affected leaves wilt faster during hot weather?,0,0
8,Are any parts of the leaf transparent or thin?,1,0
8,Do you notice any fungus-like growth near leaf stems?,1,0
8,Are the leaves changing color faster than normal?,1,0
8,Is the plant less vigorous than healthy plants?,1,0
8,Do you observe any yellowing around leaf margins?,1,0
8,Are the leaves curling unevenly or asymmetrically?,0,0
8,Do you see any spots that look oily or greasy?,0,0
9,Are the leaves turning yellow starting from the tips?,1,1
9,Do you notice any brown streaks on the leaf veins?,0,1
9,Is there a sticky residue on the leaf surface?,1,1
9,Are the leaves curling inward or downward?,0,1
9,Do you see any tiny white spots on the leaves?,1,1
9,Is there a foul or unusual smell from the leaves?,0,1
9,Are the leaf edges turning brown or dry?,0,1
9,Do the leaves have patches of light green or pale color?,0,1
9,Is the plant growth slower than usual?,1,1
9,Are the leaves falling off prematurely?,0,1
9,Do you see black fungal spots on the leaves?,0,1
9,Are ants or other insects frequently found on the leaves?,0,1
9,Is there any powdery white coating on the leaves?,1,1
9,Do you see small holes or eaten parts on the leaves?,0,1
9,Are the younger leaves affected more than older ones?,1,1
9,Is there any sticky honeydew on the underside of leaves?,0,1
9,Do the leaves feel brittle or dry to touch?,1,1
9,Are there any web-like structures on the leaves?,0,1
9,Is there any mold or mildew on the leaf surface?,1,1
9,Are the leaves drooping or wilted during the day?,0,1
9,Do you see any yellow rings or spots on the leaves?,0,1
9,Are the leaves thinner or smaller than normal?,0,1
9,Is there any rust-colored powder on the leaves?,1,1
9,Do you notice any leaf veins turning red or purple?,0,1
9,Are the leaves brittle and breaking easily?,1,1
9,Is the plant showing signs of nutrient deficiency?,0,1
9,Are there any whiteflies or aphids on the leaves?,1,1
9,Do the leaves have translucent patches?,0,1
9,Is there a sticky substance attracting ants?,1,1
9,Are the leaves clustered tightly together unusually?,1,1
9,Is the leaf surface rough or bumpy?,1,1
9,Are the plants less productive than usual?,0,1
9,Do you see any holes forming in the leaf blades?,1,1
9,Are the edges of the leaves curling upward?,0,1
9,Do you notice any faint yellow halos around spots?,1,1
9,Is there excessive moisture or dew on the leaves?,0,1
9,Are the leaves uneven in size and shape?,1,1
9,Do you see any leaves that look scorched or sunburned?,0,1
9,Are the leaves losing their natural shine?,1,1
9,Is there a sticky film on the leaf surface?,0,1
9,Do the affected leaves wilt faster during hot weather?,1,1
9,Are any parts of the leaf transparent or thin?,0,1
9,Do you notice any fungus-like growth near leaf stems?,1,1
9,Are the leaves changing color faster than normal?,0,1
9,Is the plant less vigorous than healthy plants?,1,1
9,Do you observe any yellowing around leaf margins?,0,1
9,Are the leaves curling unevenly or asymmetrically?,1,1
9,Do you see any spots that look oily or greasy?,0,1
10,Are the leaves turning yellow starting from the tips?,1,1
10,Do you notice any brown streaks on the leaf veins?,0,1
10,Is there a sticky residue on the leaf surface?,0,1
10,Are the leaves curling inward or downward?,0,1
10,Do you see any tiny white spots on the leaves?,1,1
10,Is there a foul or unusual smell from the leaves?,0,1
10,Are the leaf edges turning brown or dry?,0,1
10,Do the leaves have patches of light green or pale color?,0,1
10,Is the plant growth slower than usual?,1,1
10,Are the leaves falling off prematurely?,0,1
10,Do you see black fungal spots on the leaves?,1,1
10,Are ants or other insects frequently found on the leaves?,0,1
10,Is there any powdery white coating on the leaves?,1,1
10,Do you see small holes or eaten parts on the leaves?,0,1
10,Are the younger leaves affected more than older ones?,1,1
10,Is there any sticky honeydew on the underside of leaves?,1,1
10,Do the leaves feel brittle or dry to touch?,1,1
10,Are there any web-like structures on the leaves?,0,1
10,Is there any mold or mildew on the leaf surface?,1,1
10,Are the leaves drooping or wilted during the day?,0,1
10,Do you see any yellow rings or spots on the leaves?,1,1
10,Are the leaves thinner or smaller than normal?,1,1
10,Is there any rust-colored powder on the leaves?,1,1
10,Do you notice any leaf veins turning red or purple?,1,1
10,Are the leaves brittle and breaking easily?,0,1
10,Is the plant showing signs of nutrient deficiency?,0,1
10,Are there any whiteflies or aphids on the leaves?,1,1
10,Do the leaves have translucent patches?,0,1
10,Is there a sticky substance attracting ants?,1,1
10,Are the leaves clustered tightly together unusually?,0,1
10,Is the leaf surface rough or bumpy?,1,1
10,Are the plants less productive than usual?,0,1
10,Do you see any holes forming in the leaf blades?,1,1
10,Are the edges of the leaves curling upward?,0,1
10,Do you notice any faint yellow halos around spots?,1,1
10,Is there excessive moisture or dew on the leaves?,0,1
10,Are the leaves uneven in size and shape?,1,1
10,Do you see any leaves that look scorched or sunburned?,1,1
10,Are the leaves losing their natural shine?,1,1
10,Is there a sticky film on the leaf surface?,1,1
10,Do the affected leaves wilt faster during hot weather?,1,1
10,Are any parts of the leaf transparent or thin?,0,1
10,Do you notice any fungus-like growth near leaf stems?,1,1
10,Are the leaves changing color faster than normal?,1,1
10,Is the plant less vigorous than healthy plants?,1,1
10,Do you observe any yellowing around leaf margins?,1,1
10,Are the leaves curling unevenly or asymmetrically?,1,1
10,Do you see any spots that look oily or greasy?,1,1
11,Are the leaves turning yellow starting from the tips?,0,0
11,Do you notice any brown streaks on the leaf veins?,1,0
11,Is there a sticky residue on the leaf surface?,0,0
11,Are the leaves curling inward or downward?,0,0
11,Do you see any tiny white spots on the leaves?,0,0
11,Is there a foul or unusual smell from the leaves?,1,0
11,Are the leaf edges turning brown or dry?,0,0
11,Do the leaves have patches of light green or pale color?,1,0
11,Is the plant growth slower than usual?,0,0
11,Are the leaves falling off prematurely?,1,0
11,Do you see black fungal spots on the leaves?,1,0
11,Are ants or other insects frequently found on the leaves?,1,0
11,Is there any powdery white coating on the leaves?,0,0
11,Do you see small holes or eaten parts on the leaves?,1,0
11,Are the younger leaves affected more than older ones?,0,0
11,Is there any sticky honeydew on the underside of leaves?,0,0
11,Do the leaves feel brittle or dry to touch?,1,0
11,Are there any web-like structures on the leaves?,1,0
11,Is there any mold or mildew on the leaf surface?,0,0
11,Are the leaves drooping or wilted during the day?,0,0
11,Do you see any yellow rings or spots on the leaves?,0,0
11,Are the leaves thinner or smaller than normal?,0,0
11,Is there any rust-colored powder on the leaves?,1,0
11,Do you notice any leaf veins turning red or purple?,1,0
11,Are the leaves brittle and breaking easily?,0,0
11,Is the plant showing signs of nutrient deficiency?,1,0
11,Are there any whiteflies or aphids on the leaves?,0,0
11,Do the leaves have translucent patches?,1,0
11,Is there a sticky substance attracting ants?,0,0
11,Are the leaves clustered tightly together unusually?,1,0
11,Is the leaf surface rough or bumpy?,1,0
11,Are the plants less productive than usual?,1,0
11,Do you see any holes forming in the leaf blades?,0,0
11,Are the edges of the leaves curling upward?,1,0
11,Do you notice any faint yellow halos around spots?,0,0
11,Is there excessive moisture or dew on the leaves?,1,0
11,Are the leaves uneven in size and shape?,1,0
11,Do you see any leaves that look scorched or sunburned?,1,0
11,Are the leaves losing their natural shine?,0,0
11,Is there a sticky film on the leaf surface?,0,0
11,Do the affected leaves wilt faster during hot weather?,0,0
11,Are any parts of the leaf transparent or thin?,1,0
11,Do you notice any fungus-like growth near leaf stems?,1,0
11,Are the leaves changing color faster than normal?,1,0
11,Is the plant less vigorous than healthy plants?,0,0
11,Do you observe any yellowing around leaf margins?,1,0
11,Are the leaves curling unevenly or asymmetrically?,0,0
11,Do you see any spots that look oily or greasy?,1,0
12,Are the leaves turning yellow starting from the tips?,0,0
12,Do you notice any brown streaks on the leaf veins?,1,0
12,Is there a sticky residue on the leaf surface?,0,0
12,Are the leaves curling inward or downward?,1,0
12,Do you see any tiny white spots on the leaves?,0,0
12,Is there a foul or unusual smell from the leaves?,1,0
12,Are the leaf edges turning brown or dry?,0,0
12,Do the leaves have patches of light green or pale color?,1,0
12,Is the plant growth slower than usual?,0,0
12,Are the leaves falling off prematurely?,1,0
12,Do you see black fungal spots on the leaves?,0,0
12,Are ants or other insects frequently found on the leaves?,1,0
12,Is there any powdery white coating on the leaves?,0,0
12,Do you see small holes or eaten parts on the leaves?,1,0
12,Are the younger leaves affected more than older ones?,0,0
12,Is there any sticky honeydew on the underside of leaves?,1,0
12,Do the leaves feel brittle or dry to touch?,0,0
12,Are there any web-like structures on the leaves?,1,0
12,Is there any mold or mildew on the leaf surface?,0,0
12,Are the leaves drooping or wilted during the day?,1,0
12,Do you see any yellow rings or spots on the leaves?,0,0
12,Are the leaves thinner or smaller than normal?,1,0
12,Is there any rust-colored powder on the leaves?,1,0
12,Do you notice any leaf veins turning red or purple?,1,0
12,Are the leaves brittle and breaking easily?,0,0
12,Is the plant showing signs of nutrient deficiency?,1,0
12,Are there any whiteflies or aphids on the leaves?,1,0
12,Do the leaves have translucent patches?,1,0
12,Is there a sticky substance attracting ants?,0,0
12,Are the leaves clustered tightly together unusually?,1,0
12,Is the leaf surface rough or bumpy?,0,0
12,Are the plants less productive than usual?,1,0
12,Do you see any holes forming in the leaf blades?,1,0
12,Are the edges of the leaves curling upward?,1,0
12,Do you notice any faint yellow halos around spots?,0,0
12,Is there excessive moisture or dew on the leaves?,1,0
12,Are the leaves uneven in size and shape?,0,0
12,Do you see any leaves that look scorched or sunburned?,1,0
12,Are the leaves losing their natural shine?,0,0
12,Is there a sticky film on the leaf surface?,1,0
12,Do the affected leaves wilt faster during hot weather?,0,0
12,Are any parts of the leaf transparent or thin?,1,0
12,Do you notice any fungus-like growth near leaf stems?,0,0
12,Are the leaves changing color faster than normal?,1,0
12,Is the plant less vigorous than healthy plants?,0,0
12,Do you observe any yellowing around leaf margins?,1,0
12,Are the leaves curling unevenly or asymmetrically?,1,0
12,Do you see any spots that look oily or greasy?,1,0
13,Are the leaves turning yellow starting from the tips?,0,1
13,Do you notice any brown streaks on the leaf veins?,0,1
13,Is there a sticky residue on the leaf surface?,1,1
13,Are the leaves curling inward or downward?,0,1
13,Do you see any tiny white spots on the leaves?,1,1
13,Is there a foul or unusual smell from the leaves?,0,1
13,Are the leaf edges turning brown or dry?,1,1
13,Do the leaves have patches of light green or pale color?,0,1
13,Is the plant growth slower than usual?,0,1
13,Are the leaves falling off prematurely?,0,1
13,Do you see black fungal spots on the leaves?,1,1
13,Are ants or other insects frequently found on the leaves?,0,1
13,Is there any powdery white coating on the leaves?,1,1
13,Do you see small holes or eaten parts on the leaves?,0,1
13,Are the younger leaves affected more than older ones?,1,1
13,Is there any sticky honeydew on the underside of leaves?,0,1
13,Do the leaves feel brittle or dry to touch?,1,1
13,Are there any web-like structures on the leaves?,0,1
13,Is there any mold or mildew on the leaf surface?,0,1
13,Are the leaves drooping or wilted during the day?,1,1
13,Do you see any yellow rings or spots on the leaves?,1,1
13,Are the leaves thinner or smaller than normal?,0,1
13,Is there any rust-colored powder on the leaves?,0,1
13,Do you notice any leaf veins turning red or purple?,0,1
13,Are the leaves brittle and breaking easily?,0,1
13,Is the plant showing signs of nutrient deficiency?,0,1
13,Are there any whiteflies or aphids on the leaves?,1,1
13,Do the leaves have translucent patches?,1,1
13,Is there a sticky substance attracting ants?,1,1
13,Are the leaves clustered tightly together unusually?,0,1
13,Is the leaf surface rough or bumpy?,0,1
13,Are the plants less productive than usual?,0,1
13,Do you see any holes forming in the leaf blades?,1,1
13,Are the edges of the leaves curling upward?,0,1
13,Do you notice any faint yellow halos around spots?,1,1
13,Is there excessive moisture or dew on the leaves?,0,1
13,Are the leaves uneven in size and shape?,1,1
13,Do you see any leaves that look scorched or sunburned?,1,1
13,Are the leaves losing their natural shine?,1,1
13,Is there a sticky film on the leaf surface?,0,1
13,Do the affected leaves wilt faster during hot weather?,1,1
13,Are any parts of the leaf transparent or thin?,0,1
13,Do you notice any fungus-like growth near leaf stems?,1,1
13,Are the leaves changing color faster than normal?,0,1
13,Is the plant less vigorous than healthy plants?,1,1
13,Do you observe any yellowing around leaf margins?,0,1
13,Are the leaves curling unevenly or asymmetrically?,0,1
13,Do you see any spots that look oily or greasy?,1,1
14,Are the leaves turning yellow starting from the tips?,0,0
14,Do you notice any brown streaks on the leaf veins?,1,0
14,Is there a sticky residue on the leaf surface?,1,0
14,Are the leaves curling inward or downward?,1,0
14,Do you see any tiny white spots on the leaves?,0,0
14,Is there a foul or unusual smell from the leaves?,0,0
14,Are the leaf edges turning brown or dry?,0,0
14,Do the leaves have patches of light green or pale color?,0,0
14,Is the plant growth slower than usual?,0,0
14,Are the leaves falling off prematurely?,0,0
14,Do you see black fungal spots on the leaves?,0,0
14,Are ants or other insects frequently found on the leaves?,1,0
14,Is there any powdery white coating on the leaves?,0,0
14,Do you see small holes or eaten parts on the leaves?,1,0
14,Are the younger leaves affected more than older ones?,0,0
14,Is there any sticky honeydew on the underside of leaves?,1,0
14,Do the leaves feel brittle or dry to touch?,0,0
14,Are there any web-like structures on the leaves?,0,0
14,Is there any mold or mildew on the leaf surface?,0,0
14,Are the leaves drooping or wilted during the day?,1,0
14,Do you see any yellow rings or spots on the leaves?,1,0
14,Are the leaves thinner or smaller than normal?,1,0
14,Is there any rust-colored powder on the leaves?,0,0
14,Do you notice any leaf veins turning red or purple?,1,0
14,Are the leaves brittle and breaking easily?,0,0
14,Is the plant showing signs of nutrient deficiency?,1,0
14,Are there any whiteflies or aphids on the leaves?,0,0
14,Do the leaves have translucent patches?,0,0
14,Is there a sticky substance attracting ants?,0,0
14,Are the leaves clustered tightly together unusually?,0,0
14,Is the leaf surface rough or bumpy?,1,0
14,Are the plants less productive than usual?,1,0
14,Do you see any holes forming in the leaf blades?,0,0
14,Are the edges of the leaves curling upward?,1,0
14,Do you notice any faint yellow halos around spots?,0,0
14,Is there excessive moisture or dew on the leaves?,1,0
14,Are the leaves uneven in size and shape?,0,0
14,Do you see any leaves that look scorched or sunburned?,0,0
14,Are the leaves losing their natural shine?,0,0
14,Is there a sticky film on the leaf surface?,1,0
14,Do the affected leaves wilt faster during hot weather?,0,0
14,Are any parts of the leaf transparent or thin?,1,0
14,Do you notice any fungus-like growth near leaf stems?,0,0
14,Are the leaves changing color faster than normal?,1,0
14,Is the plant less vigorous than healthy plants?,0,0
14,Do you observe any yellowing around leaf margins?,1,0
14,Are the leaves curling unevenly or asymmetrically?,0,0
14,Do you see any spots that look oily or greasy?,1,0
15,Are the leaves turning yellow starting from the tips?,1,1
15,Do you notice any brown streaks on the leaf veins?,0,1
15,Is there a sticky residue on the leaf surface?,1,1
15,Are the leaves curling inward or downward?,0,1
15,Do you see any tiny white spots on the leaves?,0,1
15,Is there a foul or unusual smell from the leaves?,1,1
15,Are the leaf edges turning brown or dry?,1,1
15,Do the leaves have patches of light green or pale color?,1,1
15,Is the plant growth slower than usual?,1,1
15,Are the leaves falling off prematurely?,0,1
15,Do you see black fungal spots on the leaves?,1,1
15,Are ants or other insects frequently found on the leaves?,0,1
15,Is there any powdery white coating on the leaves?,1,1
15,Do you see small holes or eaten parts on the leaves?,0,1
15,Are the younger leaves affected more than older ones?,1,1
15,Is there any sticky honeydew on the underside of leaves?,0,1
15,Do the leaves feel brittle or dry to touch?,1,1
15,Are there any web-like structures on the leaves?,0,1
15,Is there any mold or mildew on the leaf surface?,1,1
15,Are the leaves drooping or wilted during the day?,0,1
15,Do you see any yellow rings or spots on the leaves?,0,1
15,Are the leaves thinner or smaller than normal?,0,1
15,Is there any rust-colored powder on the leaves?,1,1
15,Do you notice any leaf veins turning red or purple?,1,1
15,Are the leaves brittle and breaking easily?,1,1
15,Is the plant showing signs of nutrient deficiency?,0,1
15,Are there any whiteflies or aphids on the leaves?,1,1
15,Do the leaves have translucent patches?,0,1
15,Is there a sticky substance attracting ants?,1,1
15,Are the leaves clustered tightly together unusually?,0,1
15,Is the leaf surface rough or bumpy?,0,1
15,Are the plants less productive than usual?,0,1
15,Do you see any holes forming in the leaf blades?,1,1
15,Are the edges of the leaves curling upward?,0,1
15,Do you notice any faint yellow halos around spots?,0,1
15,Is there excessive moisture or dew on the leaves?,0,1
15,Are the leaves uneven in size and shape?,1,1
15,Do you see any leaves that look scorched or sunburned?,0,1
15,Are the leaves losing their natural shine?,1,1
15,Is there a sticky film on the leaf surface?,0,1
15,Do the affected leaves wilt faster during hot weather?,1,1
15,Are any parts of the leaf transparent or thin?,0,1
15,Do you notice any fungus-like growth near leaf stems?,1,1
15,Are the leaves changing color faster than normal?,0,1
15,Is the plant less vigorous than healthy plants?,1,1
15,Do you observe any yellowing around leaf margins?,1,1
15,Are the leaves curling unevenly or asymmetrically?,1,1
15,Do you see any spots that look oily or greasy?,0,1
16,Are the leaves turning yellow starting from the tips?,1,1
16,Do you notice any brown streaks on the leaf veins?,0,1
16,Is there a sticky residue on the leaf surface?,1,1
16,Are the leaves curling inward or downward?,0,1
16,Do you see any tiny white spots on the leaves?,1,1
16,Is there a foul or unusual smell from the leaves?,1,1
16,Are the leaf edges turning brown or dry?,1,1
16,Do the leaves have patches of light green or pale color?,0,1
16,Is the plant growth slower than usual?,1,1
16,Are the leaves falling off prematurely?,1,1
16,Do you see black fungal spots on the leaves?,1,1
16,Are ants or other insects frequently found on the leaves?,0,1
16,Is there any powdery white coating on the leaves?,1,1
16,Do you see small holes or eaten parts on the leaves?,0,1
16,Are the younger leaves affected more than older ones?,1,1
16,Is there any sticky honeydew on the underside of leaves?,0,1
16,Do the leaves feel brittle or dry to touch?,1,1
16,Are there any web-like structures on the leaves?,0,1
16,Is there any mold or mildew on the leaf surface?,0,1
16,Are the leaves drooping or wilted during the day?,0,1
16,Do you see any yellow rings or spots on the leaves?,0,1
16,Are the leaves thinner or smaller than normal?,0,1
16,Is there any rust-colored powder on the leaves?,1,1
16,Do you notice any leaf veins turning red or purple?,0,1
16,Are the leaves brittle and breaking easily?,0,1
16,Is the plant showing signs of nutrient deficiency?,0,1
16,Are there any whiteflies or aphids on the leaves?,1,1
16,Do the leaves have translucent patches?,1,1
16,Is there a sticky substance attracting ants?,0,1
16,Are the leaves clustered tightly together unusually?,0,1
16,Is the leaf surface rough or bumpy?,0,1
16,Are the plants less productive than usual?,0,1
16,Do you see any holes forming in the leaf blades?,0,1
16,Are the edges of the leaves curling upward?,0,1
16,Do you notice any faint yellow halos around spots?,1,1
16,Is there excessive moisture or dew on the leaves?,0,1
16,Are the leaves uneven in size and shape?,1,1
16,Do you see any leaves that look scorched or sunburned?,0,1
16,Are the leaves losing their natural shine?,1,1
16,Is there a sticky film on the leaf surface?,0,1
16,Do the affected leaves wilt faster during hot weather?,1,1
16,Are any parts of the leaf transparent or thin?,1,1
16,Do you notice any fungus-like growth near leaf stems?,0,1
16,Are the leaves changing color faster than normal?,0,1
16,Is the plant less vigorous than healthy plants?,1,1
16,Do you observe any yellowing around leaf margins?,1,1
16,Are the leaves curling unevenly or asymmetrically?,1,1
16,Do you see any spots that look oily or greasy?,0,1
17,Are the leaves turning yellow starting from the tips?,0,0
17,Do you notice any brown streaks on the leaf veins?,0,0
17,Is there a sticky residue on the leaf surface?,0,0
17,Are the leaves curling inward or downward?,1,0
17,Do you see any tiny white spots on the leaves?,1,0
17,Is there a foul or unusual smell from the leaves?,1,0
17,Are the leaf edges turning brown or dry?,0,0
17,Do the leaves have patches of light green or pale color?,1,0
17,Is the plant growth slower than usual?,0,0
17,Are the leaves falling off prematurely?,1,0
17,Do you see black fungal spots on the leaves?,1,0
17,Are ants or other insects frequently found on the leaves?,0,0
17,Is there any powdery white coating on the leaves?,0,0
17,Do you see small holes or eaten parts on the leaves?,1,0
17,Are the younger leaves affected more than older ones?,0,0
17,Is there any sticky honeydew on the underside of leaves?,0,0
17,Do the leaves feel brittle or dry to touch?,1,0
17,Are there any web-like structures on the leaves?,0,0
17,Is there any mold or mildew on the leaf surface?,0,0
17,Are the leaves drooping or wilted during the day?,1,0
17,Do you see any yellow rings or spots on the leaves?,1,0
17,Are the leaves thinner or smaller than normal?,0,0
17,Is there any rust-colored powder on the leaves?,0,0
17,Do you notice any leaf veins turning red or purple?,1,0
17,Are the leaves brittle and breaking easily?,0,0
17,Is the plant showing signs of nutrient deficiency?,1,0
17,Are there any whiteflies or aphids on the leaves?,0,0
17,Do the leaves have translucent patches?,0,0
17,Is there a sticky substance attracting ants?,1,0
17,Are the leaves clustered tightly together unusually?,1,0
17,Is the leaf surface rough or bumpy?,1,0
17,Are the plants less productive than usual?,1,0
17,Do you see any holes forming in the leaf blades?,0,0
17,Are the edges of the leaves curling upward?,1,0
17,Do you notice any faint yellow halos around spots?,0,0
17,Is there excessive moisture or dew on the leaves?,1,0
17,Are the leaves uneven in size and shape?,0,0
17,Do you see any leaves that look scorched or sunburned?,1,0
17,Are the leaves losing their natural shine?,0,0
17,Is there a sticky film on the leaf surface?,1,0
17,Do the affected leaves wilt faster during hot weather?,0,0
17,Are any parts of the leaf transparent or thin?,1,0
17,Do you notice any fungus-like growth near leaf stems?,0,0
17,Are the leaves changing color faster than normal?,1,0
17,Is the plant less vigorous than healthy plants?,0,0
17,Do you observe any yellowing around leaf margins?,1,0
17,Are the leaves curling unevenly or asymmetrically?,0,0
17,Do you see any spots that look oily or greasy?,1,0
18,Are the leaves turning yellow starting from the tips?,0,1
18,Do you notice any brown streaks on the leaf veins?,0,1
18,Is there a sticky residue on the leaf surface?,1,1
18,Are the leaves curling inward or downward?,0,1
18,Do you see any tiny white spots on the leaves?,1,1
18,Is there a foul or unusual smell from the leaves?,0,1
18,Are the leaf edges turning brown or dry?,1,1
18,Do the leaves have patches of light green or pale color?,0,1
18,Is the plant growth slower than usual?,1,1
18,Are the leaves falling off prematurely?,0,1
18,Do you see black fungal spots on the leaves?,1,1
18,Are ants or other insects frequently found on the leaves?,0,1
18,Is there any powdery white coating on the leaves?,1,1
18,Do you see small holes or eaten parts on the leaves?,0,1
18,Are the younger leaves affected more than older ones?,1,1
18,Is there any sticky honeydew on the underside of leaves?,1,1
18,Do the leaves feel brittle or dry to touch?,0,1
18,Are there any web-like structures on the leaves?,0,1
18,Is there any mold or mildew on the leaf surface?,1,1
18,Are the leaves drooping or wilted during the day?,0,1
18,Do you see any yellow rings or spots on the leaves?,1,1
18,Are the leaves thinner or smaller than normal?,0,1
18,Is there any rust-colored powder on the leaves?,1,1
18,Do you notice any leaf veins turning red or purple?,1,1
18,Are the leaves brittle and breaking easily?,1,1
18,Is the plant showing signs of nutrient deficiency?,0,1
18,Are there any whiteflies or aphids on the leaves?,1,1
18,Do the leaves have translucent patches?,1,1
18,Is there a sticky substance attracting ants?,1,1
18,Are the leaves clustered tightly together unusually?,0,1
18,Is the leaf surface rough or bumpy?,1,1
18,Are the plants less productive than usual?,0,1
18,Do you see any holes forming in the leaf blades?,1,1
18,Are the edges of the leaves curling upward?,0,1
18,Do you notice any faint yellow halos around spots?,1,1
18,Is there excessive moisture or dew on the leaves?,0,1
18,Are the leaves uneven in size and shape?,0,1
18,Do you see any leaves that look scorched or sunburned?,0,1
18,Are the leaves losing their natural shine?,1,1
18,Is there a sticky film on the leaf surface?,0,1
18,Do the affected leaves wilt faster during hot weather?,1,1
18,Are any parts of the leaf transparent or thin?,0,1
18,Do you notice any fungus-like growth near leaf stems?,0,1
18,Are the leaves changing color faster than normal?,1,1
18,Is the plant less vigorous than healthy plants?,1,1
18,Do you observe any yellowing around leaf margins?,0,1
18,Are the leaves curling unevenly or asymmetrically?,1,1
18,Do you see any spots that look oily or greasy?,0,1
19,Are the leaves turning yellow starting from the tips?,1,1
19,Do you notice any brown streaks on the leaf veins?,0,1
19,Is there a sticky residue on the leaf surface?,1,1
19,Are the leaves curling inward or downward?,1,1
19,Do you see any tiny white spots on the leaves?,0,1
19,Is there a foul or unusual smell from the leaves?,0,1
19,Are the leaf edges turning brown or dry?,1,1
19,Do the leaves have patches of light green or pale color?,0,1
19,Is the plant growth slower than usual?,1,1
19,Are the leaves falling off prematurely?,1,1
19,Do you see black fungal spots on the leaves?,1,1
19,Are ants or other insects frequently found on the leaves?,1,1
19,Is there any powdery white coating on the leaves?,1,1
19,Do you see small holes or eaten parts on the leaves?,0,1
19,Are the younger leaves affected more than older ones?,1,1
19,Is there any sticky honeydew on the underside of leaves?,0,1
19,Do the leaves feel brittle or dry to touch?,1,1
19,Are there any web-like structures on the leaves?,0,1
19,Is there any mold or mildew on the leaf surface?,1,1
19,Are the leaves drooping or wilted during the day?,0,1
19,Do you see any yellow rings or spots on the leaves?,1,1
19,Are the leaves thinner or smaller than normal?,1,1
19,Is there any rust-colored powder on the leaves?,1,1
19,Do you notice any leaf veins turning red or purple?,0,1
19,Are the leaves brittle and breaking easily?,1,1
19,Is the plant showing signs of nutrient deficiency?,0,1
19,Are there any whiteflies or aphids on the leaves?,1,1
19,Do the leaves have translucent patches?,0,1
19,Is there a sticky substance attracting ants?,1,1
19,Are the leaves clustered tightly together unusually?,1,1
19,Is the leaf surface rough or bumpy?,0,1
19,Are the plants less productive than usual?,1,1
19,Do you see any holes forming in the leaf blades?,1,1
19,Are the edges of the leaves curling upward?,0,1
19,Do you notice any faint yellow halos around spots?,1,1
19,Is there excessive moisture or dew on the leaves?,0,1
19,Are the leaves uneven in size and shape?,1,1
19,Do you see any leaves that look scorched or sunburned?,1,1
19,Are the leaves losing their natural shine?,1,1
19,Is there a sticky film on the leaf surface?,1,1
19,Do the affected leaves wilt faster during hot weather?,1,1
19,Are any parts of the leaf transparent or thin?,1,1
19,Do you notice any fungus-like growth near leaf stems?,0,1
19,Are the leaves changing color faster than normal?,1,1
19,Is the plant less vigorous than healthy plants?,1,1
19,Do you observe any yellowing around leaf margins?,0,1
19,Are the leaves curling unevenly or asymmetrically?,1,1
19,Do you see any spots that look oily or greasy?,0,1
20,Are the leaves turning yellow starting from the tips?,1,1
20,Do you notice any brown streaks on the leaf veins?,0,1
20,Is there a sticky residue on the leaf surface?,0,1
20,Are the leaves curling inward or downward?,0,1
20,Do you see any tiny white spots on the leaves?,1,1
20,Is there a foul or unusual smell from the leaves?,1,1
20,Are the leaf edges turning brown or dry?,1,1
20,Do the leaves have patches of light green or pale color?,0,1
20,Is the plant growth slower than usual?,0,1
20,Are the leaves falling off prematurely?,0,1
20,Do you see black fungal spots on the leaves?,1,1
20,Are ants or other insects frequently found on the leaves?,0,1
20,Is there any powdery white coating on the leaves?,1,1
20,Do you see small holes or eaten parts on the leaves?,0,1
20,Are the younger leaves affected more than older ones?,1,1
20,Is there any sticky honeydew on the underside of leaves?,0,1
20,Do the leaves feel brittle or dry to touch?,1,1
20,Are there any web-like structures on the leaves?,0,1
20,Is there any mold or mildew on the leaf surface?,1,1
20,Are the leaves drooping or wilted during the day?,0,1
20,Do you see any yellow rings or spots on the leaves?,1,1
20,Are the leaves thinner or smaller than normal?,0,1
20,Is there any rust-colored powder on the leaves?,1,1
20,Do you notice any leaf veins turning red or purple?,1,1
20,Are the leaves brittle and breaking easily?,1,1
20,Is the plant showing signs of nutrient deficiency?,1,1
20,Are there any whiteflies or aphids on the leaves?,1,1
20,Do the leaves have translucent patches?,0,1
20,Is there a sticky substance attracting ants?,1,1
20,Are the leaves clustered tightly together unusually?,0,1
20,Is the leaf surface rough or bumpy?,1,1
20,Are the plants less productive than usual?,0,1
20,Do you see any holes forming in the leaf blades?,1,1
20,Are the edges of the leaves curling upward?,0,1
20,Do you notice any faint yellow halos around spots?,0,1
20,Is there excessive moisture or dew on the leaves?,0,1
20,Are the leaves uneven in size and shape?,1,1
20,Do you see any leaves that look scorched or sunburned?,1,1
20,Are the leaves losing their natural shine?,1,1
20,Is there a sticky film on the leaf surface?,0,1
20,Do the affected leaves wilt faster during hot weather?,1,1
20,Are any parts of the leaf transparent or thin?,0,1
20,Do you notice any fungus-like growth near leaf stems?,1,1
20,Are the leaves changing color faster than normal?,0,1
20,Is the plant less vigorous than healthy plants?,1,1
20,Do you observe any yellowing around leaf margins?,0,1
20,Are the leaves curling unevenly or asymmetrically?,1,1
20,Do you see any spots that look oily or greasy?,0,1
21,Are the leaves turning yellow starting from the tips?,1,1
21,Do you notice any brown streaks on the leaf veins?,0,1
21,Is there a sticky residue on the leaf surface?,1,1
21,Are the leaves curling inward or downward?,0,1
21,Do you see any tiny white spots on the leaves?,0,1
21,Is there a foul or unusual smell from the leaves?,0,1
21,Are the leaf edges turning brown or dry?,1,1
21,Do the leaves have patches of light green or pale color?,0,1
21,Is the plant growth slower than usual?,1,1
21,Are the leaves falling off prematurely?,0,1
21,Do you see black fungal spots on the leaves?,1,1
21,Are ants or other insects frequently found on the leaves?,0,1
21,Is there any powdery white coating on the leaves?,1,1
21,Do you see small holes or eaten parts on the leaves?,1,1
21,Are the younger leaves affected more than older ones?,1,1
21,Is there any sticky honeydew on the underside of leaves?,0,1
21,Do the leaves feel brittle or dry to touch?,1,1
21,Are there any web-like structures on the leaves?,0,1
21,Is there any mold or mildew on the leaf surface?,1,1
21,Are the leaves drooping or wilted during the day?,0,1
21,Do you see any yellow rings or spots on the leaves?,0,1
21,Are the leaves thinner or smaller than normal?,0,1
21,Is there any rust-colored powder on the leaves?,1,1
21,Do you notice any leaf veins turning red or purple?,1,1
21,Are the leaves brittle and breaking easily?,1,1
21,Is the plant showing signs of nutrient deficiency?,0,1
21,Are there any whiteflies or aphids on the leaves?,1,1
21,Do the leaves have translucent patches?,0,1
21,Is there a sticky substance attracting ants?,1,1
21,Are the leaves clustered tightly together unusually?,0,1
21,Is the leaf surface rough or bumpy?,0,1
21,Are the plants less productive than usual?,0,1
21,Do you see any holes forming in the leaf blades?,0,1
21,Are the edges of the leaves curling upward?,0,1
21,Do you notice any faint yellow halos around spots?,1,1
21,Is there excessive moisture or dew on the leaves?,0,1
21,Are the leaves uneven in size and shape?,0,1
21,Do you see any leaves that look scorched or sunburned?,0,1
21,Are the leaves losing their natural shine?,1,1
21,Is there a sticky film on the leaf surface?,0,1
21,Do the affected leaves wilt faster during hot weather?,1,1
21,Are any parts of the leaf transparent or thin?,0,1
21,Do you notice any fungus-like growth near leaf stems?,1,1
21,Are the leaves changing color faster than normal?,0,1
21,Is the plant less vigorous than healthy plants?,0,1
21,Do you observe any yellowing around leaf margins?,0,1
21,Are the leaves curling unevenly or asymmetrically?,0,1
21,Do you see any spots that look oily or greasy?,0,1
22,Are the leaves turning yellow starting from the tips?,0,0
22,Do you notice any brown streaks on the leaf veins?,1,0
22,Is there a sticky residue on the leaf surface?,0,0
22,Are the leaves curling inward or downward?,1,0
22,Do you see any tiny white spots on the leaves?,0,0
22,Is there a foul or unusual smell from the leaves?,1,0
22,Are the leaf edges turning brown or dry?,1,0
22,Do the leaves have patches of light green or pale color?,1,0
22,Is the plant growth slower than usual?,1,0
22,Are the leaves falling off prematurely?,1,0
22,Do you see black fungal spots on the leaves?,0,0
22,Are ants or other insects frequently found on the leaves?,0,0
22,Is there any powdery white coating on the leaves?,1,0
22,Do you see small holes or eaten parts on the leaves?,1,0
22,Are the younger leaves affected more than older ones?,1,0
22,Is there any sticky honeydew on the underside of leaves?,1,0
22,Do the leaves feel brittle or dry to touch?,0,0
22,Are there any web-like structures on the leaves?,0,0
22,Is there any mold or mildew on the leaf surface?,0,0
22,Are the leaves drooping or wilted during the day?,1,0
22,Do you see any yellow rings or spots on the leaves?,1,0
22,Are the leaves thinner or smaller than normal?,1,0
22,Is there any rust-colored powder on the leaves?,0,0
22,Do you notice any leaf veins turning red or purple?,0,0
22,Are the leaves brittle and breaking easily?,1,0
22,Is the plant showing signs of nutrient deficiency?,1,0
22,Are there any whiteflies or aphids on the leaves?,0,0
22,Do the leaves have translucent patches?,1,0
22,Is there a sticky substance attracting ants?,0,0
22,Are the leaves clustered tightly together unusually?,1,0
22,Is the leaf surface rough or bumpy?,0,0
22,Are the plants less productive than usual?,0,0
22,Do you see any holes forming in the leaf blades?,0,0
22,Are the edges of the leaves curling upward?,1,0
22,Do you notice any faint yellow halos around spots?,1,0
22,Is there excessive moisture or dew on the leaves?,1,0
22,Are the leaves uneven in size and shape?,0,0
22,Do you see any leaves that look scorched or sunburned?,0,0
22,Are the leaves losing their natural shine?,0,0
22,Is there a sticky film on the leaf surface?,1,0
22,Do the affected leaves wilt faster during hot weather?,1,0
22,Are any parts of the leaf transparent or thin?,1,0
22,Do you notice any fungus-like growth near leaf stems?,0,0
22,Are the leaves changing color faster than normal?,1,0
22,Is the plant less vigorous than healthy plants?,0,0
22,Do you observe any yellowing around leaf margins?,1,0
22,Are the leaves curling unevenly or asymmetrically?,0,0
22,Do you see any spots that look oily or greasy?,1,0
23,Are the leaves turning yellow starting from the tips?,1,0
23,Do you notice any brown streaks on the leaf veins?,1,0
23,Is there a sticky residue on the leaf surface?,0,0
23,Are the leaves curling inward or downward?,1,0
23,Do you see any tiny white spots on the leaves?,0,0
23,Is there a foul or unusual smell from the leaves?,1,0
23,Are the leaf edges turning brown or dry?,0,0
23,Do the leaves have patches of light green or pale color?,1,0
23,Is the plant growth slower than usual?,0,0
23,Are the leaves falling off prematurely?,1,0
23,Do you see black fungal spots on the leaves?,0,0
23,Are ants or other insects frequently found on the leaves?,1,0
23,Is there any powdery white coating on the leaves?,0,0
23,Do you see small holes or eaten parts on the leaves?,0,0
23,Are the younger leaves affected more than older ones?,1,0
23,Is there any sticky honeydew on the underside of leaves?,0,0
23,Do the leaves feel brittle or dry to touch?,1,0
23,Are there any web-like structures on the leaves?,1,0
23,Is there any mold or mildew on the leaf surface?,0,0
23,Are the leaves drooping or wilted during the day?,0,0
23,Do you see any yellow rings or spots on the leaves?,1,0
23,Are the leaves thinner or smaller than normal?,1,0
23,Is there any rust-colored powder on the leaves?,0,0
23,Do you notice any leaf veins turning red or purple?,1,0
23,Are the leaves brittle and breaking easily?,0,0
23,Is the plant showing signs of nutrient deficiency?,1,0
23,Are there any whiteflies or aphids on the leaves?,0,0
23,Do the leaves have translucent patches?,1,0
23,Is there a sticky substance attracting ants?,1,0
23,Are the leaves clustered tightly together unusually?,1,0
23,Is the leaf surface rough or bumpy?,1,0
23,Are the plants less productive than usual?,1,0
23,Do you see any holes forming in the leaf blades?,0,0
23,Are the edges of the leaves curling upward?,1,0
23,Do you notice any faint yellow halos around spots?,1,0
23,Is there excessive moisture or dew on the leaves?,0,0
23,Are the leaves uneven in size and shape?,0,0
23,Do you see any leaves that look scorched or sunburned?,0,0
23,Are the leaves losing their natural shine?,1,0
23,Is there a sticky film on the leaf surface?,1,0
23,Do the affected leaves wilt faster during hot weather?,0,0
23,Are any parts of the leaf transparent or thin?,1,0
23,Do you notice any fungus-like growth near leaf stems?,0,0
23,Are the leaves changing color faster than normal?,1,0
23,Is the plant less vigorous than healthy plants?,0,0
23,Do you observe any yellowing around leaf margins?,1,0
23,Are the leaves curling unevenly or asymmetrically?,1,0
23,Do you see any spots that look oily or greasy?,1,0
24,Are the leaves turning yellow starting from the tips?,0,0
24,Do you notice any brown streaks on the leaf veins?,1,0
24,Is there a sticky residue on the leaf surface?,0,0
24,Are the leaves curling inward or downward?,1,0
24,Do you see any tiny white spots on the leaves?,0,0
24,Is there a foul or unusual smell from the leaves?,0,0
24,Are the leaf edges turning brown or dry?,0,0
24,Do the leaves have patches of light green or pale color?,1,0
24,Is the plant growth slower than usual?,1,0
24,Are the leaves falling off prematurely?,1,0
24,Do you see black fungal spots on the leaves?,0,0
24,Are ants or other insects frequently found on the leaves?,1,0
24,Is there any powdery white coating on the leaves?,0,0
24,Do you see small holes or eaten parts on the leaves?,1,0
24,Are the younger leaves affected more than older ones?,0,0
24,Is there any sticky honeydew on the underside of leaves?,0,0
24,Do the leaves feel brittle or dry to touch?,0,0
24,Are there any web-like structures on the leaves?,1,0
24,Is there any mold or mildew on the leaf surface?,0,0
24,Are the leaves drooping or wilted during the day?,1,0
24,Do you see any yellow rings or spots on the leaves?,1,0
24,Are the leaves thinner or smaller than normal?,1,0
24,Is there any rust-colored powder on the leaves?,1,0
24,Do you notice any leaf veins turning red or purple?,1,0
24,Are the leaves brittle and breaking easily?,1,0
24,Is the plant showing signs of nutrient deficiency?,1,0
24,Are there any whiteflies or aphids on the leaves?,1,0
24,Do the leaves have translucent patches?,0,0
24,Is there a sticky substance attracting ants?,1,0
24,Are the leaves clustered tightly together unusually?,0,0
24,Is the leaf surface rough or bumpy?,0,0
24,Are the plants less productive than usual?,0,0
24,Do you see any holes forming in the leaf blades?,0,0
24,Are the edges of the leaves curling upward?,1,0
24,Do you notice any faint yellow halos around spots?,0,0
24,Is there excessive moisture or dew on the leaves?,0,0
24,Are the leaves uneven in size and shape?,0,0
24,Do you see any leaves that look scorched or sunburned?,0,0
24,Are the leaves losing their natural shine?,0,0
24,Is there a sticky film on the leaf surface?,1,0
24,Do the affected leaves wilt faster during hot weather?,0,0
24,Are any parts of the leaf transparent or thin?,1,0
24,Do you notice any fungus-like growth near leaf stems?,0,0
24,Are the leaves changing color faster than normal?,1,0
24,Is the plant less vigorous than healthy plants?,0,0
24,Do you observe any yellowing around leaf margins?,1,0
24,Are the leaves curling unevenly or asymmetrically?,0,0
24,Do you see any spots that look oily or greasy?,1,0
25,Are the leaves turning yellow starting from the tips?,1,0
25,Do you notice any brown streaks on the leaf veins?,0,0
25,Is there a sticky residue on the leaf surface?,0,0
25,Are the leaves curling inward or downward?,1,0
25,Do you see any tiny white spots on the leaves?,0,0
25,Is there a foul or unusual smell from the leaves?,1,0
25,Are the leaf edges turning brown or dry?,0,0
25,Do the leaves have patches of light green or pale color?,1,0
25,Is the plant growth slower than usual?,0,0
25,Are the leaves falling off prematurely?,0,0
25,Do you see black fungal spots on the leaves?,0,0
25,Are ants or other insects frequently found on the leaves?,1,0
25,Is there any powdery white coating on the leaves?,0,0
25,Do you see small holes or eaten parts on the leaves?,1,0
25,Are the younger leaves affected more than older ones?,0,0
25,Is there any sticky honeydew on the underside of leaves?,1,0
25,Do the leaves feel brittle or dry to touch?,0,0
25,Are there any web-like structures on the leaves?,1,0
25,Is there any mold or mildew on the leaf surface?,0,0
25,Are the leaves drooping or wilted during the day?,0,0
25,Do you see any yellow rings or spots on the leaves?,0,0
25,Are the leaves thinner or smaller than normal?,1,0
25,Is there any rust-colored powder on the leaves?,1,0
25,Do you notice any leaf veins turning red or purple?,0,0
25,Are the leaves brittle and breaking easily?,0,0
25,Is the plant showing signs of nutrient deficiency?,0,0
25,Are there any whiteflies or aphids on the leaves?,0,0
25,Do the leaves have translucent patches?,1,0
25,Is there a sticky substance attracting ants?,0,0
25,Are the leaves clustered tightly together unusually?,1,0
25,Is the leaf surface rough or bumpy?,0,0
25,Are the plants less productive than usual?,1,0
25,Do you see any holes forming in the leaf blades?,0,0
25,Are the edges of the leaves curling upward?,1,0
25,Do you notice any faint yellow halos around spots?,0,0
25,Is there excessive moisture or dew on the leaves?,1,0
25,Are the leaves uneven in size and shape?,0,0
25,Do you see any leaves that look scorched or sunburned?,1,0
25,Are the leaves losing their natural shine?,0,0
25,Is there a sticky film on the leaf surface?,1,0
25,Do the affected leaves wilt faster during hot weather?,1,0
25,Are any parts of the leaf transparent or thin?,1,0
25,Do you notice any fungus-like growth near leaf stems?,1,0
25,Are the leaves changing color faster than normal?,1,0
25,Is the plant less vigorous than healthy plants?,0,0
25,Do you observe any yellowing around leaf margins?,1,0
25,Are the leaves curling unevenly or asymmetrically?,0,0
25,Do you see any spots that look oily or greasy?,0,0
26,Are the leaves turning yellow starting from the tips?,0,0
26,Do you notice any brown streaks on the leaf veins?,1,0
26,Is there a sticky residue on the leaf surface?,0,0
26,Are the leaves curling inward or downward?,1,0
26,Do you see any tiny white spots on the leaves?,0,0
26,Is there a foul or unusual smell from the leaves?,1,0
26,Are the leaf edges turning brown or dry?,0,0
26,Do the leaves have patches of light green or pale color?,1,0
26,Is the plant growth slower than usual?,1,0
26,Are the leaves falling off prematurely?,1,0
26,Do you see black fungal spots on the leaves?,0,0
26,Are ants or other insects frequently found on the leaves?,1,0
26,Is there any powdery white coating on the leaves?,0,0
26,Do you see small holes or eaten parts on the leaves?,1,0
26,Are the younger leaves affected more than older ones?,0,0
26,Is there any sticky honeydew on the underside of leaves?,1,0
26,Do the leaves feel brittle or dry to touch?,0,0
26,Are there any web-like structures on the leaves?,1,0
26,Is there any mold or mildew on the leaf surface?,0,0
26,Are the leaves drooping or wilted during the day?,1,0
26,Do you see any yellow rings or spots on the leaves?,0,0
26,Are the leaves thinner or smaller than normal?,1,0
26,Is there any rust-colored powder on the leaves?,0,0
26,Do you notice any leaf veins turning red or purple?,1,0
26,Are the leaves brittle and breaking easily?,0,0
26,Is the plant showing signs of nutrient deficiency?,1,0
26,Are there any whiteflies or aphids on the leaves?,0,0
26,Do the leaves have translucent patches?,0,0
26,Is there a sticky substance attracting ants?,0,0
26,Are the leaves clustered tightly together unusually?,1,0
26,Is the leaf surface rough or bumpy?,0,0
26,Are the plants less productive than usual?,1,0
26,Do you see any holes forming in the leaf blades?,1,0
26,Are the edges of the leaves curling upward?,1,0
26,Do you notice any faint yellow halos around spots?,0,0
26,Is there excessive moisture or dew on the leaves?,1,0
26,Are the leaves uneven in size and shape?,0,0
26,Do you see any leaves that look scorched or sunburned?,0,0
26,Are the leaves losing their natural shine?,0,0
26,Is there a sticky film on the leaf surface?,1,0
26,Do the affected leaves wilt faster during hot weather?,0,0
26,Are any parts of the leaf transparent or thin?,1,0
26,Do you notice any fungus-like growth near leaf stems?,0,0
26,Are the leaves changing color faster than normal?,1,0
26,Is the plant less vigorous than healthy plants?,1,0
26,Do you observe any yellowing around leaf margins?,1,0
26,Are the leaves curling unevenly or asymmetrically?,0,0
26,Do you see any spots that look oily or greasy?,1,0
27,Are the leaves turning yellow starting from the tips?,1,1
27,Do you notice any brown streaks on the leaf veins?,0,1
27,Is there a sticky residue on the leaf surface?,1,1
27,Are the leaves curling inward or downward?,0,1
27,Do you see any tiny white spots on the leaves?,1,1
27,Is there a foul or unusual smell from the leaves?,0,1
27,Are the leaf edges turning brown or dry?,1,1
27,Do the leaves have patches of light green or pale color?,0,1
27,Is the plant growth slower than usual?,1,1
27,Are the leaves falling off prematurely?,0,1
27,Do you see black fungal spots on the leaves?,1,1
27,Are ants or other insects frequently found on the leaves?,0,1
27,Is there any powdery white coating on the leaves?,1,1
27,Do you see small holes or eaten parts on the leaves?,0,1
27,Are the younger leaves affected more than older ones?,1,1
27,Is there any sticky honeydew on the underside of leaves?,0,1
27,Do the leaves feel brittle or dry to touch?,1,1
27,Are there any web-like structures on the leaves?,1,1
27,Is there any mold or mildew on the leaf surface?,1,1
27,Are the leaves drooping or wilted during the day?,0,1
27,Do you see any yellow rings or spots on the leaves?,1,1
27,Are the leaves thinner or smaller than normal?,1,1
27,Is there any rust-colored powder on the leaves?,1,1
27,Do you notice any leaf veins turning red or purple?,0,1
27,Are the leaves brittle and breaking easily?,1,1
27,Is the plant showing signs of nutrient deficiency?,0,1
27,Are there any whiteflies or aphids on the leaves?,1,1
27,Do the leaves have translucent patches?,0,1
27,Is there a sticky substance attracting ants?,1,1
27,Are the leaves clustered tightly together unusually?,0,1
27,Is the leaf surface rough or bumpy?,1,1
27,Are the plants less productive than usual?,0,1
27,Do you see any holes forming in the leaf blades?,1,1
27,Are the edges of the leaves curling upward?,1,1
27,Do you notice any faint yellow halos around spots?,1,1
27,Is there excessive moisture or dew on the leaves?,0,1
27,Are the leaves uneven in size and shape?,1,1
27,Do you see any leaves that look scorched or sunburned?,1,1
27,Are the leaves losing their natural shine?,1,1
27,Is there a sticky film on the leaf surface?,0,1
27,Do the affected leaves wilt faster during hot weather?,1,1
27,Are any parts of the leaf transparent or thin?,1,1
27,Do you notice any fungus-like growth near leaf stems?,1,1
27,Are the leaves changing color faster than normal?,0,1
27,Is the plant less vigorous than healthy plants?,0,1
27,Do you observe any yellowing around leaf margins?,0,1
27,Are the leaves curling unevenly or asymmetrically?,1,1
27,Do you see any spots that look oily or greasy?,1,1
28,Are the leaves turning yellow starting from the tips?,1,0
28,Do you notice any brown streaks on the leaf veins?,1,0
28,Is there a sticky residue on the leaf surface?,1,0
28,Are the leaves curling inward or downward?,1,0
28,Do you see any tiny white spots on the leaves?,0,0
28,Is there a foul or unusual smell from the leaves?,1,0
28,Are the leaf edges turning brown or dry?,0,0
28,Do the leaves have patches of light green or pale color?,0,0
28,Is the plant growth slower than usual?,0,0
28,Are the leaves falling off prematurely?,1,0
28,Do you see black fungal spots on the leaves?,0,0
28,Are ants or other insects frequently found on the leaves?,1,0
28,Is there any powdery white coating on the leaves?,0,0
28,Do you see small holes or eaten parts on the leaves?,1,0
28,Are the younger leaves affected more than older ones?,0,0
28,Is there any sticky honeydew on the underside of leaves?,1,0
28,Do the leaves feel brittle or dry to touch?,0,0
28,Are there any web-like structures on the leaves?,1,0
28,Is there any mold or mildew on the leaf surface?,0,0
28,Are the leaves drooping or wilted during the day?,1,0
28,Do you see any yellow rings or spots on the leaves?,0,0
28,Are the leaves thinner or smaller than normal?,1,0
28,Is there any rust-colored powder on the leaves?,1,0
28,Do you notice any leaf veins turning red or purple?,1,0
28,Are the leaves brittle and breaking easily?,0,0
28,Is the plant showing signs of nutrient deficiency?,1,0
28,Are there any whiteflies or aphids on the leaves?,0,0
28,Do the leaves have translucent patches?,1,0
28,Is there a sticky substance attracting ants?,1,0
28,Are the leaves clustered tightly together unusually?,1,0
28,Is the leaf surface rough or bumpy?,0,0
28,Are the plants less productive than usual?,1,0
28,Do you see any holes forming in the leaf blades?,1,0
28,Are the edges of the leaves curling upward?,1,0
28,Do you notice any faint yellow halos around spots?,1,0
28,Is there excessive moisture or dew on the leaves?,1,0
28,Are the leaves uneven in size and shape?,0,0
28,Do you see any leaves that look scorched or sunburned?,1,0
28,Are the leaves losing their natural shine?,1,0
28,Is there a sticky film on the leaf surface?,1,0
28,Do the affected leaves wilt faster during hot weather?,0,0
28,Are any parts of the leaf transparent or thin?,1,0
28,Do you notice any fungus-like growth near leaf stems?,0,0
28,Are the leaves changing color faster than normal?,1,0
28,Is the plant less vigorous than healthy plants?,0,0
28,Do you observe any yellowing around leaf margins?,1,0
28,Are the leaves curling unevenly or asymmetrically?,0,0
28,Do you see any spots that look oily or greasy?,1,0
29,Are the leaves turning yellow starting from the tips?,1,1
29,Do you notice any brown streaks on the leaf veins?,1,1
29,Is there a sticky residue on the leaf surface?,1,1
29,Are the leaves curling inward or downward?,0,1
29,Do you see any tiny white spots on the leaves?,0,1
29,Is there a foul or unusual smell from the leaves?,0,1
29,Are the leaf edges turning brown or dry?,1,1
29,Do the leaves have patches of light green or pale color?,0,1
29,Is the plant growth slower than usual?,1,1
29,Are the leaves falling off prematurely?,1,1
29,Do you see black fungal spots on the leaves?,1,1
29,Are ants or other insects frequently found on the leaves?,1,1
29,Is there any powdery white coating on the leaves?,1,1
29,Do you see small holes or eaten parts on the leaves?,0,1
29,Are the younger leaves affected more than older ones?,1,1
29,Is there any sticky honeydew on the underside of leaves?,1,1
29,Do the leaves feel brittle or dry to touch?,1,1
29,Are there any web-like structures on the leaves?,0,1
29,Is there any mold or mildew on the leaf surface?,1,1
29,Are the leaves drooping or wilted during the day?,0,1
29,Do you see any yellow rings or spots on the leaves?,1,1
29,Are the leaves thinner or smaller than normal?,0,1
29,Is there any rust-colored powder on the leaves?,1,1
29,Do you notice any leaf veins turning red or purple?,0,1
29,Are the leaves brittle and breaking easily?,0,1
29,Is the plant showing signs of nutrient deficiency?,0,1
29,Are there any whiteflies or aphids on the leaves?,0,1
29,Do the leaves have translucent patches?,1,1
29,Is there a sticky substance attracting ants?,1,1
29,Are the leaves clustered tightly together unusually?,0,1
29,Is the leaf surface rough or bumpy?,0,1
29,Are the plants less productive than usual?,1,1
29,Do you see any holes forming in the leaf blades?,0,1
29,Are the edges of the leaves curling upward?,0,1
29,Do you notice any faint yellow halos around spots?,1,1
29,Is there excessive moisture or dew on the leaves?,0,1
29,Are the leaves uneven in size and shape?,1,1
29,Do you see any leaves that look scorched or sunburned?,1,1
29,Are the leaves losing their natural shine?,0,1
29,Is there a sticky film on the leaf surface?,1,1
29,Do the affected leaves wilt faster during hot weather?,1,1
29,Are any parts of the leaf transparent or thin?,0,1
29,Do you notice any fungus-like growth near leaf stems?,1,1
29,Are the leaves changing color faster than normal?,0,1
29,Is the plant less vigorous than healthy plants?,1,1
29,Do you observe any yellowing around leaf margins?,0,1
29,Are the leaves curling unevenly or asymmetrically?,1,1
29,Do you see any spots that look oily or greasy?,0,1
30,Are the leaves turning yellow starting from the tips?,1,1
30,Do you notice any brown streaks on the leaf veins?,1,1
30,Is there a sticky residue on the leaf surface?,1,1
30,Are the leaves curling inward or downward?,0,1
30,Do you see any tiny white spots on the leaves?,1,1
30,Is there a foul or unusual smell from the leaves?,1,1
30,Are the leaf edges turning brown or dry?,0,1
30,Do the leaves have patches of light green or pale color?,0,1
30,Is the plant growth slower than usual?,1,1
30,Are the leaves falling off prematurely?,0,1
30,Do you see black fungal spots on the leaves?,1,1
30,Are ants or other insects frequently found on the leaves?,1,1
30,Is there any powdery white coating on the leaves?,1,1
30,Do you see small holes or eaten parts on the leaves?,0,1
30,Are the younger leaves affected more than older ones?,1,1
30,Is there any sticky honeydew on the underside of leaves?,0,1
30,Do the leaves feel brittle or dry to touch?,1,1
30,Are there any web-like structures on the leaves?,0,1
30,Is there any mold or mildew on the leaf surface?,1,1
30,Are the leaves drooping or wilted during the day?,1,1
30,Do you see any yellow rings or spots on the leaves?,1,1
30,Are the leaves thinner or smaller than normal?,0,1
30,Is there any rust-colored powder on the leaves?,0,1
30,Do you notice any leaf veins turning red or purple?,0,1
30,Are the leaves brittle and breaking easily?,0,1
30,Is the plant showing signs of nutrient deficiency?,0,1
30,Are there any whiteflies or aphids on the leaves?,1,1
30,Do the leaves have translucent patches?,1,1
30,Is there a sticky substance attracting ants?,1,1
30,Are the leaves clustered tightly together unusually?,0,1
30,Is the leaf surface rough or bumpy?,1,1
30,Are the plants less productive than usual?,0,1
30,Do you see any holes forming in the leaf blades?,1,1
30,Are the edges of the leaves curling upward?,0,1
30,Do you notice any faint yellow halos around spots?,1,1
30,Is there excessive moisture or dew on the leaves?,0,1
30,Are the leaves uneven in size and shape?,1,1
30,Do you see any leaves that look scorched or sunburned?,0,1
30,Are the leaves losing their natural shine?,0,1
30,Is there a sticky film on the leaf surface?,0,1
30,Do the affected leaves wilt faster during hot weather?,1,1
30,Are any parts of the leaf transparent or thin?,0,1
30,Do you notice any fungus-like growth near leaf stems?,0,1
30,Are the leaves changing color faster than normal?,0,1
30,Is the plant less vigorous than healthy plants?,1,1
30,Do you observe any yellowing around leaf margins?,0,1
30,Are the leaves curling unevenly or asymmetrically?,1,1
30,Do you see any spots that look oily or greasy?,0,1
31,Are the leaves turning yellow starting from the tips?,1,0
31,Do you notice any brown streaks on the leaf veins?,1,0
31,Is there a sticky residue on the leaf surface?,0,0
31,Are the leaves curling inward or downward?,1,0
31,Do you see any tiny white spots on the leaves?,0,0
31,Is there a foul or unusual smell from the leaves?,1,0
31,Are the leaf edges turning brown or dry?,0,0
31,Do the leaves have patches of light green or pale color?,1,0
31,Is the plant growth slower than usual?,0,0
31,Are the leaves falling off prematurely?,1,0
31,Do you see black fungal spots on the leaves?,1,0
31,Are ants or other insects frequently found on the leaves?,1,0
31,Is there any powdery white coating on the leaves?,0,0
31,Do you see small holes or eaten parts on the leaves?,1,0
31,Are the younger leaves affected more than older ones?,0,0
31,Is there any sticky honeydew on the underside of leaves?,1,0
31,Do the leaves feel brittle or dry to touch?,0,0
31,Are there any web-like structures on the leaves?,1,0
31,Is there any mold or mildew on the leaf surface?,1,0
31,Are the leaves drooping or wilted during the day?,1,0
31,Do you see any yellow rings or spots on the leaves?,0,0
31,Are the leaves thinner or smaller than normal?,1,0
31,Is there any rust-colored powder on the leaves?,0,0
31,Do you notice any leaf veins turning red or purple?,1,0
31,Are the leaves brittle and breaking easily?,0,0
31,Is the plant showing signs of nutrient deficiency?,1,0
31,Are there any whiteflies or aphids on the leaves?,0,0
31,Do the leaves have translucent patches?,1,0
31,Is there a sticky substance attracting ants?,0,0
31,Are the leaves clustered tightly together unusually?,1,0
31,Is the leaf surface rough or bumpy?,0,0
31,Are the plants less productive than usual?,1,0
31,Do you see any holes forming in the leaf blades?,0,0
31,Are the edges of the leaves curling upward?,1,0
31,Do you notice any faint yellow halos around spots?,1,0
31,Is there excessive moisture or dew on the leaves?,1,0
31,Are the leaves uneven in size and shape?,0,0
31,Do you see any leaves that look scorched or sunburned?,1,0
31,Are the leaves losing their natural shine?,0,0
31,Is there a sticky film on the leaf surface?,1,0
31,Do the affected leaves wilt faster during hot weather?,0,0
31,Are any parts of the leaf transparent or thin?,1,0
31,Do you notice any fungus-like growth near leaf stems?,1,0
31,Are the leaves changing color faster than normal?,1,0
31,Is the plant less vigorous than healthy plants?,0,0
31,Do you observe any yellowing around leaf margins?,1,0
31,Are the leaves curling unevenly or asymmetrically?,0,0
31,Do you see any spots that look oily or greasy?,1,0
32,Are the leaves turning yellow starting from the tips?,0,0
32,Do you notice any brown streaks on the leaf veins?,0,0
32,Is there a sticky residue on the leaf surface?,0,0
32,Are the leaves curling inward or downward?,1,0
32,Do you see any tiny white spots on the leaves?,0,0
32,Is there a foul or unusual smell from the leaves?,0,0
32,Are the leaf edges turning brown or dry?,0,0
32,Do the leaves have patches of light green or pale color?,0,0
32,Is the plant growth slower than usual?,1,0
32,Are the leaves falling off prematurely?,1,0
32,Do you see black fungal spots on the leaves?,0,0
32,Are ants or other insects frequently found on the leaves?,1,0
32,Is there any powdery white coating on the leaves?,0,0
32,Do you see small holes or eaten parts on the leaves?,1,0
32,Are the younger leaves affected more than older ones?,1,0
32,Is there any sticky honeydew on the underside of leaves?,0,0
32,Do the leaves feel brittle or dry to touch?,1,0
32,Are there any web-like structures on the leaves?,0,0
32,Is there any mold or mildew on the leaf surface?,0,0
32,Are the leaves drooping or wilted during the day?,0,0
32,Do you see any yellow rings or spots on the leaves?,0,0
32,Are the leaves thinner or smaller than normal?,0,0
32,Is there any rust-colored powder on the leaves?,0,0
32,Do you notice any leaf veins turning red or purple?,1,0
32,Are the leaves brittle and breaking easily?,0,0
32,Is the plant showing signs of nutrient deficiency?,1,0
32,Are there any whiteflies or aphids on the leaves?,0,0
32,Do the leaves have translucent patches?,1,0
32,Is there a sticky substance attracting ants?,0,0
32,Are the leaves clustered tightly together unusually?,1,0
32,Is the leaf surface rough or bumpy?,0,0
32,Are the plants less productive than usual?,1,0
32,Do you see any holes forming in the leaf blades?,0,0
32,Are the edges of the leaves curling upward?,1,0
32,Do you notice any faint yellow halos around spots?,1,0
32,Is there excessive moisture or dew on the leaves?,1,0
32,Are the leaves uneven in size and shape?,0,0
32,Do you see any leaves that look scorched or sunburned?,1,0
32,Are the leaves losing their natural shine?,0,0
32,Is there a sticky film on the leaf surface?,1,0
32,Do the affected leaves wilt faster during hot weather?,0,0
32,Are any parts of the leaf transparent or thin?,1,0
32,Do you notice any fungus-like growth near leaf stems?,0,0
32,Are the leaves changing color faster than normal?,1,0
32,Is the plant less vigorous than healthy plants?,0,0
32,Do you observe any yellowing around leaf margins?,1,0
32,Are the leaves curling unevenly or asymmetrically?,0,0
32,Do you see any spots that look oily or greasy?,0,0
33,Are the leaves turning yellow starting from the tips?,1,1
33,Do you notice any brown streaks on the leaf veins?,0,1
33,Is there a sticky residue on the leaf surface?,1,1
33,Are the leaves curling inward or downward?,0,1
33,Do you see any tiny white spots on the leaves?,0,1
33,Is there a foul or unusual smell from the leaves?,0,1
33,Are the leaf edges turning brown or dry?,0,1
33,Do the leaves have patches of light green or pale color?,0,1
33,Is the plant growth slower than usual?,1,1
33,Are the leaves falling off prematurely?,0,1
33,Do you see black fungal spots on the leaves?,0,1
33,Are ants or other insects frequently found on the leaves?,0,1
33,Is there any powdery white coating on the leaves?,1,1
33,Do you see small holes or eaten parts on the leaves?,0,1
33,Are the younger leaves affected more than older ones?,1,1
33,Is there any sticky honeydew on the underside of leaves?,0,1
33,Do the leaves feel brittle or dry to touch?,1,1
33,Are there any web-like structures on the leaves?,0,1
33,Is there any mold or mildew on the leaf surface?,1,1
33,Are the leaves drooping or wilted during the day?,0,1
33,Do you see any yellow rings or spots on the leaves?,1,1
33,Are the leaves thinner or smaller than normal?,0,1
33,Is there any rust-colored powder on the leaves?,1,1
33,Do you notice any leaf veins turning red or purple?,0,1
33,Are the leaves brittle and breaking easily?,1,1
33,Is the plant showing signs of nutrient deficiency?,0,1
33,Are there any whiteflies or aphids on the leaves?,1,1
33,Do the leaves have translucent patches?,0,1
33,Is there a sticky substance attracting ants?,1,1
33,Are the leaves clustered tightly together unusually?,0,1
33,Is the leaf surface rough or bumpy?,1,1
33,Are the plants less productive than usual?,0,1
33,Do you see any holes forming in the leaf blades?,1,1
33,Are the edges of the leaves curling upward?,0,1
33,Do you notice any faint yellow halos around spots?,1,1
33,Is there excessive moisture or dew on the leaves?,0,1
33,Are the leaves uneven in size and shape?,0,1
33,Do you see any leaves that look scorched or sunburned?,0,1
33,Are the leaves losing their natural shine?,1,1
33,Is there a sticky film on the leaf surface?,0,1
33,Do the affected leaves wilt faster during hot weather?,1,1
33,Are any parts of the leaf transparent or thin?,1,1
33,Do you notice any fungus-like growth near leaf stems?,1,1
33,Are the leaves changing color faster than normal?,0,1
33,Is the plant less vigorous than healthy plants?,1,1
33,Do you observe any yellowing around leaf margins?,0,1
33,Are the leaves curling unevenly or asymmetrically?,1,1
33,Do you see any spots that look oily or greasy?,0,1
34,Are the leaves turning yellow starting from the tips?,0,0
34,Do you notice any brown streaks on the leaf veins?,1,0
34,Is there a sticky residue on the leaf surface?,0,0
34,Are the leaves curling inward or downward?,1,0
34,Do you see any tiny white spots on the leaves?,0,0
34,Is there a foul or unusual smell from the leaves?,0,0
34,Are the leaf edges turning brown or dry?,0,0
34,Do the leaves have patches of light green or pale color?,1,0
34,Is the plant growth slower than usual?,0,0
34,Are the leaves falling off prematurely?,0,0
34,Do you see black fungal spots on the leaves?,0,0
34,Are ants or other insects frequently found on the leaves?,1,0
34,Is there any powdery white coating on the leaves?,0,0
34,Do you see small holes or eaten parts on the leaves?,1,0
34,Are the younger leaves affected more than older ones?,1,0
34,Is there any sticky honeydew on the underside of leaves?,1,0
34,Do the leaves feel brittle or dry to touch?,0,0
34,Are there any web-like structures on the leaves?,1,0
34,Is there any mold or mildew on the leaf surface?,0,0
34,Are the leaves drooping or wilted during the day?,1,0
34,Do you see any yellow rings or spots on the leaves?,0,0
34,Are the leaves thinner or smaller than normal?,1,0
34,Is there any rust-colored powder on the leaves?,0,0
34,Do you notice any leaf veins turning red or purple?,1,0
34,Are the leaves brittle and breaking easily?,0,0
34,Is the plant showing signs of nutrient deficiency?,0,0
34,Are there any whiteflies or aphids on the leaves?,0,0
34,Do the leaves have translucent patches?,0,0
34,Is there a sticky substance attracting ants?,1,0
34,Are the leaves clustered tightly together unusually?,1,0
34,Is the leaf surface rough or bumpy?,0,0
34,Are the plants less productive than usual?,1,0
34,Do you see any holes forming in the leaf blades?,0,0
34,Are the edges of the leaves curling upward?,1,0
34,Do you notice any faint yellow halos around spots?,0,0
34,Is there excessive moisture or dew on the leaves?,1,0
34,Are the leaves uneven in size and shape?,0,0
34,Do you see any leaves that look scorched or sunburned?,1,0
34,Are the leaves losing their natural shine?,1,0
34,Is there a sticky film on the leaf surface?,0,0
34,Do the affected leaves wilt faster during hot weather?,1,0
34,Are any parts of the leaf transparent or thin?,0,0
34,Do you notice any fungus-like growth near leaf stems?,0,0
34,Are the leaves changing color faster than normal?,1,0
34,Is the plant less vigorous than healthy plants?,0,0
34,Do you observe any yellowing around leaf margins?,1,0
34,Are the leaves curling unevenly or asymmetrically?,1,0
34,Do you see any spots that look oily or greasy?,1,0
35,Are the leaves turning yellow starting from the tips?,1,1
35,Do you notice any brown streaks on the leaf veins?,1,1
35,Is there a sticky residue on the leaf surface?,1,1
35,Are the leaves curling inward or downward?,0,1
35,Do you see any tiny white spots on the leaves?,0,1
35,Is there a foul or unusual smell from the leaves?,0,1
35,Are the leaf edges turning brown or dry?,0,1
35,Do the leaves have patches of light green or pale color?,0,1
35,Is the plant growth slower than usual?,1,1
35,Are the leaves falling off prematurely?,0,1
35,Do you see black fungal spots on the leaves?,1,1
35,Are ants or other insects frequently found on the leaves?,1,1
35,Is there any powdery white coating on the leaves?,0,1
35,Do you see small holes or eaten parts on the leaves?,1,1
35,Are the younger leaves affected more than older ones?,1,1
35,Is there any sticky honeydew on the underside of leaves?,1,1
35,Do the leaves feel brittle or dry to touch?,0,1
35,Are there any web-like structures on the leaves?,0,1
35,Is there any mold or mildew on the leaf surface?,1,1
35,Are the leaves drooping or wilted during the day?,0,1
35,Do you see any yellow rings or spots on the leaves?,1,1
35,Are the leaves thinner or smaller than normal?,0,1
35,Is there any rust-colored powder on the leaves?,1,1
35,Do you notice any leaf veins turning red or purple?,0,1
35,Are the leaves brittle and breaking easily?,1,1
35,Is the plant showing signs of nutrient deficiency?,1,1
35,Are there any whiteflies or aphids on the leaves?,1,1
35,Do the leaves have translucent patches?,0,1
35,Is there a sticky substance attracting ants?,0,1
35,Are the leaves clustered tightly together unusually?,0,1
35,Is the leaf surface rough or bumpy?,1,1
35,Are the plants less productive than usual?,0,1
35,Do you see any holes forming in the leaf blades?,1,1
35,Are the edges of the leaves curling upward?,0,1
35,Do you notice any faint yellow halos around spots?,1,1
35,Is there excessive moisture or dew on the leaves?,0,1
35,Are the leaves uneven in size and shape?,1,1
35,Do you see any leaves that look scorched or sunburned?,0,1
35,Are the leaves losing their natural shine?,0,1
35,Is there a sticky film on the leaf surface?,0,1
35,Do the affected leaves wilt faster during hot weather?,1,1
35,Are any parts of the leaf transparent or thin?,1,1
35,Do you notice any fungus-like growth near leaf stems?,1,1
35,Are the leaves changing color faster than normal?,0,1
35,Is the plant less vigorous than healthy plants?,1,1
35,Do you observe any yellowing around leaf margins?,0,1
35,Are the leaves curling unevenly or asymmetrically?,1,1
35,Do you see any spots that look oily or greasy?,0,1
36,Are the leaves turning yellow starting from the tips?,1,1
36,Do you notice any brown streaks on the leaf veins?,0,1
36,Is there a sticky residue on the leaf surface?,1,1
36,Are the leaves curling inward or downward?,1,1
36,Do you see any tiny white spots on the leaves?,0,1
36,Is there a foul or unusual smell from the leaves?,1,1
36,Are the leaf edges turning brown or dry?,1,1
36,Do the leaves have patches of light green or pale color?,0,1
36,Is the plant growth slower than usual?,1,1
36,Are the leaves falling off prematurely?,0,1
36,Do you see black fungal spots on the leaves?,1,1
36,Are ants or other insects frequently found on the leaves?,1,1
36,Is there any powdery white coating on the leaves?,0,1
36,Do you see small holes or eaten parts on the leaves?,1,1
36,Are the younger leaves affected more than older ones?,0,1
36,Is there any sticky honeydew on the underside of leaves?,0,1
36,Do the leaves feel brittle or dry to touch?,0,1
36,Are there any web-like structures on the leaves?,0,1
36,Is there any mold or mildew on the leaf surface?,1,1
36,Are the leaves drooping or wilted during the day?,0,1
36,Do you see any yellow rings or spots on the leaves?,1,1
36,Are the leaves thinner or smaller than normal?,0,1
36,Is there any rust-colored powder on the leaves?,1,1
36,Do you notice any leaf veins turning red or purple?,0,1
36,Are the leaves brittle and breaking easily?,1,1
36,Is the plant showing signs of nutrient deficiency?,1,1
36,Are there any whiteflies or aphids on the leaves?,0,1
36,Do the leaves have translucent patches?,0,1
36,Is there a sticky substance attracting ants?,0,1
36,Are the leaves clustered tightly together unusually?,0,1
36,Is the leaf surface rough or bumpy?,1,1
36,Are the plants less productive than usual?,0,1
36,Do you see any holes forming in the leaf blades?,1,1
36,Are the edges of the leaves curling upward?,1,1
36,Do you notice any faint yellow halos around spots?,0,1
36,Is there excessive moisture or dew on the leaves?,0,1
36,Are the leaves uneven in size and shape?,1,1
36,Do you see any leaves that look scorched or sunburned?,0,1
36,Are the leaves losing their natural shine?,1,1
36,Is there a sticky film on the leaf surface?,0,1
36,Do the affected leaves wilt faster during hot weather?,0,1
36,Are any parts of the leaf transparent or thin?,0,1
36,Do you notice any fungus-like growth near leaf stems?,1,1
36,Are the leaves changing color faster than normal?,0,1
36,Is the plant less vigorous than healthy plants?,0,1
36,Do you observe any yellowing around leaf margins?,1,1
36,Are the leaves curling unevenly or asymmetrically?,0,1
36,Do you see any spots that look oily or greasy?,0,1
37,Are the leaves turning yellow starting from the tips?,0,0
37,Do you notice any brown streaks on the leaf veins?,1,0
37,Is there a sticky residue on the leaf surface?,1,0
37,Are the leaves curling inward or downward?,1,0
37,Do you see any tiny white spots on the leaves?,0,0
37,Is there a foul or unusual smell from the leaves?,0,0
37,Are the leaf edges turning brown or dry?,0,0
37,Do the leaves have patches of light green or pale color?,0,0
37,Is the plant growth slower than usual?,0,0
37,Are the leaves falling off prematurely?,0,0
37,Do you see black fungal spots on the leaves?,0,0
37,Are ants or other insects frequently found on the leaves?,1,0
37,Is there any powdery white coating on the leaves?,0,0
37,Do you see small holes or eaten parts on the leaves?,1,0
37,Are the younger leaves affected more than older ones?,0,0
37,Is there any sticky honeydew on the underside of leaves?,1,0
37,Do the leaves feel brittle or dry to touch?,0,0
37,Are there any web-like structures on the leaves?,0,0
37,Is there any mold or mildew on the leaf surface?,1,0
37,Are the leaves drooping or wilted during the day?,1,0
37,Do you see any yellow rings or spots on the leaves?,1,0
37,Are the leaves thinner or smaller than normal?,1,0
37,Is there any rust-colored powder on the leaves?,0,0
37,Do you notice any leaf veins turning red or purple?,1,0
37,Are the leaves brittle and breaking easily?,0,0
37,Is the plant showing signs of nutrient deficiency?,1,0
37,Are there any whiteflies or aphids on the leaves?,0,0
37,Do the leaves have translucent patches?,1,0
37,Is there a sticky substance attracting ants?,0,0
37,Are the leaves clustered tightly together unusually?,1,0
37,Is the leaf surface rough or bumpy?,0,0
37,Are the plants less productive than usual?,0,0
37,Do you see any holes forming in the leaf blades?,0,0
37,Are the edges of the leaves curling upward?,1,0
37,Do you notice any faint yellow halos around spots?,1,0
37,Is there excessive moisture or dew on the leaves?,0,0
37,Are the leaves uneven in size and shape?,0,0
37,Do you see any leaves that look scorched or sunburned?,1,0
37,Are the leaves losing their natural shine?,0,0
37,Is there a sticky film on the leaf surface?,1,0
37,Do the affected leaves wilt faster during hot weather?,0,0
37,Are any parts of the leaf transparent or thin?,1,0
37,Do you notice any fungus-like growth near leaf stems?,0,0
37,Are the leaves changing color faster than normal?,1,0
37,Is the plant less vigorous than healthy plants?,0,0
37,Do you observe any yellowing around leaf margins?,1,0
37,Are the leaves curling unevenly or asymmetrically?,0,0
37,Do you see any spots that look oily or greasy?,1,0
38,Are the leaves turning yellow starting from the tips?,1,1
38,Do you notice any brown streaks on the leaf veins?,0,1
38,Is there a sticky residue on the leaf surface?,1,1
38,Are the leaves curling inward or downward?,0,1
38,Do you see any tiny white spots on the leaves?,1,1
38,Is there a foul or unusual smell from the leaves?,0,1
38,Are the leaf edges turning brown or dry?,1,1
38,Do the leaves have patches of light green or pale color?,0,1
38,Is the plant growth slower than usual?,1,1
38,Are the leaves falling off prematurely?,0,1
38,Do you see black fungal spots on the leaves?,1,1
38,Are ants or other insects frequently found on the leaves?,0,1
38,Is there any powdery white coating on the leaves?,0,1
38,Do you see small holes or eaten parts on the leaves?,0,1
38,Are the younger leaves affected more than older ones?,1,1
38,Is there any sticky honeydew on the underside of leaves?,1,1
38,Do the leaves feel brittle or dry to touch?,1,1
38,Are there any web-like structures on the leaves?,0,1
38,Is there any mold or mildew on the leaf surface?,1,1
38,Are the leaves drooping or wilted during the day?,0,1
38,Do you see any yellow rings or spots on the leaves?,1,1
38,Are the leaves thinner or smaller than normal?,1,1
38,Is there any rust-colored powder on the leaves?,1,1
38,Do you notice any leaf veins turning red or purple?,0,1
38,Are the leaves brittle and breaking easily?,1,1
38,Is the plant showing signs of nutrient deficiency?,1,1
38,Are there any whiteflies or aphids on the leaves?,1,1
38,Do the leaves have translucent patches?,0,1
38,Is there a sticky substance attracting ants?,1,1
38,Are the leaves clustered tightly together unusually?,0,1
38,Is the leaf surface rough or bumpy?,1,1
38,Are the plants less productive than usual?,0,1
38,Do you see any holes forming in the leaf blades?,1,1
38,Are the edges of the leaves curling upward?,0,1
38,Do you notice any faint yellow halos around spots?,1,1
38,Is there excessive moisture or dew on the leaves?,0,1
38,Are the leaves uneven in size and shape?,1,1
38,Do you see any leaves that look scorched or sunburned?,0,1
38,Are the leaves losing their natural shine?,1,1
38,Is there a sticky film on the leaf surface?,0,1
38,Do the affected leaves wilt faster during hot weather?,1,1
38,Are any parts of the leaf transparent or thin?,1,1
38,Do you notice any fungus-like growth near leaf stems?,1,1
38,Are the leaves changing color faster than normal?,0,1
38,Is the plant less vigorous than healthy plants?,1,1
38,Do you observe any yellowing around leaf margins?,0,1
38,Are the leaves curling unevenly or asymmetrically?,1,1
38,Do you see any spots that look oily or greasy?,1,1
39,Are the leaves turning yellow starting from the tips?,1,1
39,Do you notice any brown streaks on the leaf veins?,0,1
39,Is there a sticky residue on the leaf surface?,1,1
39,Are the leaves curling inward or downward?,0,1
39,Do you see any tiny white spots on the leaves?,0,1
39,Is there a foul or unusual smell from the leaves?,0,1
39,Are the leaf edges turning brown or dry?,1,1
39,Do the leaves have patches of light green or pale color?,0,1
39,Is the plant growth slower than usual?,0,1
39,Are the leaves falling off prematurely?,0,1
39,Do you see black fungal spots on the leaves?,0,1
39,Are ants or other insects frequently found on the leaves?,0,1
39,Is there any powdery white coating on the leaves?,0,1
39,Do you see small holes or eaten parts on the leaves?,0,1
39,Are the younger leaves affected more than older ones?,1,1
39,Is there any sticky honeydew on the underside of leaves?,1,1
39,Do the leaves feel brittle or dry to touch?,0,1
39,Are there any web-like structures on the leaves?,0,1
39,Is there any mold or mildew on the leaf surface?,1,1
39,Are the leaves drooping or wilted during the day?,1,1
39,Do you see any yellow rings or spots on the leaves?,0,1
39,Are the leaves thinner or smaller than normal?,0,1
39,Is there any rust-colored powder on the leaves?,1,1
39,Do you notice any leaf veins turning red or purple?,0,1
39,Are the leaves brittle and breaking easily?,1,1
39,Is the plant showing signs of nutrient deficiency?,1,1
39,Are there any whiteflies or aphids on the leaves?,1,1
39,Do the leaves have translucent patches?,0,1
39,Is there a sticky substance attracting ants?,1,1
39,Are the leaves clustered tightly together unusually?,0,1
39,Is the leaf surface rough or bumpy?,1,1
39,Are the plants less productive than usual?,0,1
39,Do you see any holes forming in the leaf blades?,1,1
39,Are the edges of the leaves curling upward?,0,1
39,Do you notice any faint yellow halos around spots?,1,1
39,Is there excessive moisture or dew on the leaves?,0,1
39,Are the leaves uneven in size and shape?,1,1
39,Do you see any leaves that look scorched or sunburned?,0,1
39,Are the leaves losing their natural shine?,1,1
39,Is there a sticky film on the leaf surface?,0,1
39,Do the affected leaves wilt faster during hot weather?,1,1
39,Are any parts of the leaf transparent or thin?,0,1
39,Do you notice any fungus-like growth near leaf stems?,1,1
39,Are the leaves changing color faster than normal?,0,1
39,Is the plant less vigorous than healthy plants?,1,1
39,Do you observe any yellowing around leaf margins?,0,1
39,Are the leaves curling unevenly or asymmetrically?,1,1
39,Do you see any spots that look oily or greasy?,1,1
40,Are the leaves turning yellow starting from the tips?,0,0
40,Do you notice any brown streaks on the leaf veins?,0,0
40,Is there a sticky residue on the leaf surface?,0,0
40,Are the leaves curling inward or downward?,1,0
40,Do you see any tiny white spots on the leaves?,0,0
40,Is there a foul or unusual smell from the leaves?,1,0
40,Are the leaf edges turning brown or dry?,0,0
40,Do the leaves have patches of light green or pale color?,1,0
40,Is the plant growth slower than usual?,0,0
40,Are the leaves falling off prematurely?,1,0
40,Do you see black fungal spots on the leaves?,0,0
40,Are ants or other insects frequently found on the leaves?,1,0
40,Is there any powdery white coating on the leaves?,0,0
40,Do you see small holes or eaten parts on the leaves?,1,0
40,Are the younger leaves affected more than older ones?,0,0
40,Is there any sticky honeydew on the underside of leaves?,1,0
40,Do the leaves feel brittle or dry to touch?,0,0
40,Are there any web-like structures on the leaves?,1,0
40,Is there any mold or mildew on the leaf surface?,0,0
40,Are the leaves drooping or wilted during the day?,1,0
40,Do you see any yellow rings or spots on the leaves?,0,0
40,Are the leaves thinner or smaller than normal?,1,0
40,Is there any rust-colored powder on the leaves?,0,0
40,Do you notice any leaf veins turning red or purple?,1,0
40,Are the leaves brittle and breaking easily?,0,0
40,Is the plant showing signs of nutrient deficiency?,1,0
40,Are there any whiteflies or aphids on the leaves?,1,0
40,Do the leaves have translucent patches?,1,0
40,Is there a sticky substance attracting ants?,0,0
40,Are the leaves clustered tightly together unusually?,1,0
40,Is the leaf surface rough or bumpy?,0,0
40,Are the plants less productive than usual?,1,0
40,Do you see any holes forming in the leaf blades?,0,0
40,Are the edges of the leaves curling upward?,1,0
40,Do you notice any faint yellow halos around spots?,1,0
40,Is there excessive moisture or dew on the leaves?,1,0
40,Are the leaves uneven in size and shape?,0,0
40,Do you see any leaves that look scorched or sunburned?,1,0
40,Are the leaves losing their natural shine?,0,0
40,Is there a sticky film on the leaf surface?,1,0
40,Do the affected leaves wilt faster during hot weather?,0,0
40,Are any parts of the leaf transparent or thin?,0,0
40,Do you notice any fungus-like growth near leaf stems?,0,0
40,Are the leaves changing color faster than normal?,1,0
40,Is the plant less vigorous than healthy plants?,0,0
40,Do you observe any yellowing around leaf margins?,0,0
40,Are the leaves curling unevenly or asymmetrically?,0,0
40,Do you see any spots that look oily or greasy?,0,0
41,Are the leaves turning yellow starting from the tips?,1,1
41,Do you notice any brown streaks on the leaf veins?,0,1
41,Is there a sticky residue on the leaf surface?,1,1
41,Are the leaves curling inward or downward?,0,1
41,Do you see any tiny white spots on the leaves?,1,1
41,Is there a foul or unusual smell from the leaves?,0,1
41,Are the leaf edges turning brown or dry?,1,1
41,Do the leaves have patches of light green or pale color?,0,1
41,Is the plant growth slower than usual?,1,1
41,Are the leaves falling off prematurely?,0,1
41,Do you see black fungal spots on the leaves?,1,1
41,Are ants or other insects frequently found on the leaves?,0,1
41,Is there any powdery white coating on the leaves?,1,1
41,Do you see small holes or eaten parts on the leaves?,1,1
41,Are the younger leaves affected more than older ones?,1,1
41,Is there any sticky honeydew on the underside of leaves?,0,1
41,Do the leaves feel brittle or dry to touch?,1,1
41,Are there any web-like structures on the leaves?,0,1
41,Is there any mold or mildew on the leaf surface?,1,1
41,Are the leaves drooping or wilted during the day?,1,1
41,Do you see any yellow rings or spots on the leaves?,0,1
41,Are the leaves thinner or smaller than normal?,0,1
41,Is there any rust-colored powder on the leaves?,1,1
41,Do you notice any leaf veins turning red or purple?,0,1
41,Are the leaves brittle and breaking easily?,1,1
41,Is the plant showing signs of nutrient deficiency?,0,1
41,Are there any whiteflies or aphids on the leaves?,1,1
41,Do the leaves have translucent patches?,0,1
41,Is there a sticky substance attracting ants?,1,1
41,Are the leaves clustered tightly together unusually?,0,1
41,Is the leaf surface rough or bumpy?,1,1
41,Are the plants less productive than usual?,0,1
41,Do you see any holes forming in the leaf blades?,0,1
41,Are the edges of the leaves curling upward?,0,1
41,Do you notice any faint yellow halos around spots?,1,1
41,Is there excessive moisture or dew on the leaves?,0,1
41,Are the leaves uneven in size and shape?,1,1
41,Do you see any leaves that look scorched or sunburned?,1,1
41,Are the leaves losing their natural shine?,1,1
41,Is there a sticky film on the leaf surface?,0,1
41,Do the affected leaves wilt faster during hot weather?,1,1
41,Are any parts of the leaf transparent or thin?,0,1
41,Do you notice any fungus-like growth near leaf stems?,0,1
41,Are the leaves changing color faster than normal?,1,1
41,Is the plant less vigorous than healthy plants?,1,1
41,Do you observe any yellowing around leaf margins?,0,1
41,Are the leaves curling unevenly or asymmetrically?,0,1
41,Do you see any spots that look oily or greasy?,0,1
42,Are the leaves turning yellow starting from the tips?,1,0
42,Do you notice any brown streaks on the leaf veins?,0,0
42,Is there a sticky residue on the leaf surface?,0,0
42,Are the leaves curling inward or downward?,1,0
42,Do you see any tiny white spots on the leaves?,0,0
42,Is there a foul or unusual smell from the leaves?,1,0
42,Are the leaf edges turning brown or dry?,0,0
42,Do the leaves have patches of light green or pale color?,1,0
42,Is the plant growth slower than usual?,0,0
42,Are the leaves falling off prematurely?,1,0
42,Do you see black fungal spots on the leaves?,0,0
42,Are ants or other insects frequently found on the leaves?,0,0
42,Is there any powdery white coating on the leaves?,0,0
42,Do you see small holes or eaten parts on the leaves?,1,0
42,Are the younger leaves affected more than older ones?,1,0
42,Is there any sticky honeydew on the underside of leaves?,0,0
42,Do the leaves feel brittle or dry to touch?,0,0
42,Are there any web-like structures on the leaves?,1,0
42,Is there any mold or mildew on the leaf surface?,1,0
42,Are the leaves drooping or wilted during the day?,1,0
42,Do you see any yellow rings or spots on the leaves?,0,0
42,Are the leaves thinner or smaller than normal?,1,0
42,Is there any rust-colored powder on the leaves?,0,0
42,Do you notice any leaf veins turning red or purple?,1,0
42,Are the leaves brittle and breaking easily?,1,0
42,Is the plant showing signs of nutrient deficiency?,1,0
42,Are there any whiteflies or aphids on the leaves?,0,0
42,Do the leaves have translucent patches?,1,0
42,Is there a sticky substance attracting ants?,0,0
42,Are the leaves clustered tightly together unusually?,1,0
42,Is the leaf surface rough or bumpy?,0,0
42,Are the plants less productive than usual?,1,0
42,Do you see any holes forming in the leaf blades?,0,0
42,Are the edges of the leaves curling upward?,1,0
42,Do you notice any faint yellow halos around spots?,0,0
42,Is there excessive moisture or dew on the leaves?,1,0
42,Are the leaves uneven in size and shape?,1,0
42,Do you see any leaves that look scorched or sunburned?,1,0
42,Are the leaves losing their natural shine?,1,0
42,Is there a sticky film on the leaf surface?,0,0
42,Do the affected leaves wilt faster during hot weather?,0,0
42,Are any parts of the leaf transparent or thin?,1,0
42,Do you notice any fungus-like growth near leaf stems?,0,0
42,Are the leaves changing color faster than normal?,1,0
42,Is the plant less vigorous than healthy plants?,1,0
42,Do you observe any yellowing around leaf margins?,0,0
42,Are the leaves curling unevenly or asymmetrically?,1,0
42,Do you see any spots that look oily or greasy?,0,0
43,Are the leaves turning yellow starting from the tips?,0,1
43,Do you notice any brown streaks on the leaf veins?,0,1
43,Is there a sticky residue on the leaf surface?,1,1
43,Are the leaves curling inward or downward?,0,1
43,Do you see any tiny white spots on the leaves?,1,1
43,Is there a foul or unusual smell from the leaves?,0,1
43,Are the leaf edges turning brown or dry?,0,1
43,Do the leaves have patches of light green or pale color?,0,1
43,Is the plant growth slower than usual?,1,1
43,Are the leaves falling off prematurely?,0,1
43,Do you see black fungal spots on the leaves?,1,1
43,Are ants or other insects frequently found on the leaves?,0,1
43,Is there any powdery white coating on the leaves?,1,1
43,Do you see small holes or eaten parts on the leaves?,0,1
43,Are the younger leaves affected more than older ones?,1,1
43,Is there any sticky honeydew on the underside of leaves?,0,1
43,Do the leaves feel brittle or dry to touch?,0,1
43,Are there any web-like structures on the leaves?,1,1
43,Is there any mold or mildew on the leaf surface?,0,1
43,Are the leaves drooping or wilted during the day?,0,1
43,Do you see any yellow rings or spots on the leaves?,1,1
43,Are the leaves thinner or smaller than normal?,1,1
43,Is there any rust-colored powder on the leaves?,1,1
43,Do you notice any leaf veins turning red or purple?,0,1
43,Are the leaves brittle and breaking easily?,1,1
43,Is the plant showing signs of nutrient deficiency?,1,1
43,Are there any whiteflies or aphids on the leaves?,1,1
43,Do the leaves have translucent patches?,1,1
43,Is there a sticky substance attracting ants?,1,1
43,Are the leaves clustered tightly together unusually?,0,1
43,Is the leaf surface rough or bumpy?,1,1
43,Are the plants less productive than usual?,1,1
43,Do you see any holes forming in the leaf blades?,0,1
43,Are the edges of the leaves curling upward?,1,1
43,Do you notice any faint yellow halos around spots?,1,1
43,Is there excessive moisture or dew on the leaves?,0,1
43,Are the leaves uneven in size and shape?,0,1
43,Do you see any leaves that look scorched or sunburned?,0,1
43,Are the leaves losing their natural shine?,1,1
43,Is there a sticky film on the leaf surface?,0,1
43,Do the affected leaves wilt faster during hot weather?,1,1
43,Are any parts of the leaf transparent or thin?,0,1
43,Do you notice any fungus-like growth near leaf stems?,0,1
43,Are the leaves changing color faster than normal?,0,1
43,Is the plant less vigorous than healthy plants?,1,1
43,Do you observe any yellowing around leaf margins?,0,1
43,Are the leaves curling unevenly or asymmetrically?,1,1
43,Do you see any spots that look oily or greasy?,0,1
44,Are the leaves turning yellow starting from the tips?,1,0
44,Do you notice any brown streaks on the leaf veins?,1,0
44,Is there a sticky residue on the leaf surface?,1,0
44,Are the leaves curling inward or downward?,1,0
44,Do you see any tiny white spots on the leaves?,0,0
44,Is there a foul or unusual smell from the leaves?,1,0
44,Are the leaf edges turning brown or dry?,0,0
44,Do the leaves have patches of light green or pale color?,1,0
44,Is the plant growth slower than usual?,0,0
44,Are the leaves falling off prematurely?,0,0
44,Do you see black fungal spots on the leaves?,0,0
44,Are ants or other insects frequently found on the leaves?,1,0
44,Is there any powdery white coating on the leaves?,0,0
44,Do you see small holes or eaten parts on the leaves?,1,0
44,Are the younger leaves affected more than older ones?,0,0
44,Is there any sticky honeydew on the underside of leaves?,1,0
44,Do the leaves feel brittle or dry to touch?,0,0
44,Are there any web-like structures on the leaves?,1,0
44,Is there any mold or mildew on the leaf surface?,0,0
44,Are the leaves drooping or wilted during the day?,1,0
44,Do you see any yellow rings or spots on the leaves?,0,0
44,Are the leaves thinner or smaller than normal?,1,0
44,Is there any rust-colored powder on the leaves?,0,0
44,Do you notice any leaf veins turning red or purple?,0,0
44,Are the leaves brittle and breaking easily?,1,0
44,Is the plant showing signs of nutrient deficiency?,1,0
44,Are there any whiteflies or aphids on the leaves?,0,0
44,Do the leaves have translucent patches?,1,0
44,Is there a sticky substance attracting ants?,0,0
44,Are the leaves clustered tightly together unusually?,0,0
44,Is the leaf surface rough or bumpy?,0,0
44,Are the plants less productive than usual?,0,0
44,Do you see any holes forming in the leaf blades?,0,0
44,Are the edges of the leaves curling upward?,0,0
44,Do you notice any faint yellow halos around spots?,0,0
44,Is there excessive moisture or dew on the leaves?,1,0
44,Are the leaves uneven in size and shape?,0,0
44,Do you see any leaves that look scorched or sunburned?,1,0
44,Are the leaves losing their natural shine?,1,0
44,Is there a sticky film on the leaf surface?,1,0
44,Do the affected leaves wilt faster during hot weather?,0,0
44,Are any parts of the leaf transparent or thin?,1,0
44,Do you notice any fungus-like growth near leaf stems?,0,0
44,Are the leaves changing color faster than normal?,1,0
44,Is the plant less vigorous than healthy plants?,0,0
44,Do you observe any yellowing around leaf margins?,1,0
44,Are the leaves curling unevenly or asymmetrically?,0,0
44,Do you see any spots that look oily or greasy?,1,0
45,Are the leaves turning yellow starting from the tips?,1,0
45,Do you notice any brown streaks on the leaf veins?,1,0
45,Is there a sticky residue on the leaf surface?,0,0
45,Are the leaves curling inward or downward?,1,0
45,Do you see any tiny white spots on the leaves?,1,0
45,Is there a foul or unusual smell from the leaves?,1,0
45,Are the leaf edges turning brown or dry?,0,0
45,Do the leaves have patches of light green or pale color?,1,0
45,Is the plant growth slower than usual?,0,0
45,Are the leaves falling off prematurely?,1,0
45,Do you see black fungal spots on the leaves?,0,0
45,Are ants or other insects frequently found on the leaves?,1,0
45,Is there any powdery white coating on the leaves?,0,0
45,Do you see small holes or eaten parts on the leaves?,1,0
45,Are the younger leaves affected more than older ones?,0,0
45,Is there any sticky honeydew on the underside of leaves?,1,0
45,Do the leaves feel brittle or dry to touch?,0,0
45,Are there any web-like structures on the leaves?,1,0
45,Is there any mold or mildew on the leaf surface?,0,0
45,Are the leaves drooping or wilted during the day?,1,0
45,Do you see any yellow rings or spots on the leaves?,0,0
45,Are the leaves thinner or smaller than normal?,1,0
45,Is there any rust-colored powder on the leaves?,0,0
45,Do you notice any leaf veins turning red or purple?,0,0
45,Are the leaves brittle and breaking easily?,0,0
45,Is the plant showing signs of nutrient deficiency?,1,0
45,Are there any whiteflies or aphids on the leaves?,0,0
45,Do the leaves have translucent patches?,1,0
45,Is there a sticky substance attracting ants?,0,0
45,Are the leaves clustered tightly together unusually?,1,0
45,Is the leaf surface rough or bumpy?,0,0
45,Are the plants less productive than usual?,1,0
45,Do you see any holes forming in the leaf blades?,1,0
45,Are the edges of the leaves curling upward?,1,0
45,Do you notice any faint yellow halos around spots?,0,0
45,Is there excessive moisture or dew on the leaves?,1,0
45,Are the leaves uneven in size and shape?,0,0
45,Do you see any leaves that look scorched or sunburned?,1,0
45,Are the leaves losing their natural shine?,0,0
45,Is there a sticky film on the leaf surface?,0,0
45,Do the affected leaves wilt faster during hot weather?,0,0
45,Are any parts of the leaf transparent or thin?,1,0
45,Do you notice any fungus-like growth near leaf stems?,0,0
45,Are the leaves changing color faster than normal?,0,0
45,Is the plant less vigorous than healthy plants?,0,0
45,Do you observe any yellowing around leaf margins?,1,0
45,Are the leaves curling unevenly or asymmetrically?,0,0
45,Do you see any spots that look oily or greasy?,1,0
46,Are the leaves turning yellow starting from the tips?,0,0
46,Do you notice any brown streaks on the leaf veins?,1,0
46,Is there a sticky residue on the leaf surface?,0,0
46,Are the leaves curling inward or downward?,1,0
46,Do you see any tiny white spots on the leaves?,0,0
46,Is there a foul or unusual smell from the leaves?,0,0
46,Are the leaf edges turning brown or dry?,0,0
46,Do the leaves have patches of light green or pale color?,1,0
46,Is the plant growth slower than usual?,1,0
46,Are the leaves falling off prematurely?,1,0
46,Do you see black fungal spots on the leaves?,0,0
46,Are ants or other insects frequently found on the leaves?,1,0
46,Is there any powdery white coating on the leaves?,0,0
46,Do you see small holes or eaten parts on the leaves?,1,0
46,Are the younger leaves affected more than older ones?,1,0
46,Is there any sticky honeydew on the underside of leaves?,1,0
46,Do the leaves feel brittle or dry to touch?,0,0
46,Are there any web-like structures on the leaves?,1,0
46,Is there any mold or mildew on the leaf surface?,0,0
46,Are the leaves drooping or wilted during the day?,1,0
46,Do you see any yellow rings or spots on the leaves?,0,0
46,Are the leaves thinner or smaller than normal?,1,0
46,Is there any rust-colored powder on the leaves?,1,0
46,Do you notice any leaf veins turning red or purple?,0,0
46,Are the leaves brittle and breaking easily?,0,0
46,Is the plant showing signs of nutrient deficiency?,1,0
46,Are there any whiteflies or aphids on the leaves?,0,0
46,Do the leaves have translucent patches?,1,0
46,Is there a sticky substance attracting ants?,0,0
46,Are the leaves clustered tightly together unusually?,1,0
46,Is the leaf surface rough or bumpy?,0,0
46,Are the plants less productive than usual?,1,0
46,Do you see any holes forming in the leaf blades?,0,0
46,Are the edges of the leaves curling upward?,1,0
46,Do you notice any faint yellow halos around spots?,0,0
46,Is there excessive moisture or dew on the leaves?,0,0
46,Are the leaves uneven in size and shape?,0,0
46,Do you see any leaves that look scorched or sunburned?,1,0
46,Are the leaves losing their natural shine?,0,0
46,Is there a sticky film on the leaf surface?,1,0
46,Do the affected leaves wilt faster during hot weather?,0,0
46,Are any parts of the leaf transparent or thin?,0,0
46,Do you notice any fungus-like growth near leaf stems?,1,0
46,Are the leaves changing color faster than normal?,0,0
46,Is the plant less vigorous than healthy plants?,0,0
46,Do you observe any yellowing around leaf margins?,1,0
46,Are the leaves curling unevenly or asymmetrically?,0,0
46,Do you see any spots that look oily or greasy?,1,0
47,Are the leaves turning yellow starting from the tips?,1,1
47,Do you notice any brown streaks on the leaf veins?,1,1
47,Is there a sticky residue on the leaf surface?,1,1
47,Are the leaves curling inward or downward?,1,1
47,Do you see any tiny white spots on the leaves?,1,1
47,Is there a foul or unusual smell from the leaves?,0,1
47,Are the leaf edges turning brown or dry?,1,1
47,Do the leaves have patches of light green or pale color?,0,1
47,Is the plant growth slower than usual?,0,1
47,Are the leaves falling off prematurely?,0,1
47,Do you see black fungal spots on the leaves?,1,1
47,Are ants or other insects frequently found on the leaves?,1,1
47,Is there any powdery white coating on the leaves?,1,1
47,Do you see small holes or eaten parts on the leaves?,0,1
47,Are the younger leaves affected more than older ones?,0,1
47,Is there any sticky honeydew on the underside of leaves?,0,1
47,Do the leaves feel brittle or dry to touch?,1,1
47,Are there any web-like structures on the leaves?,0,1
47,Is there any mold or mildew on the leaf surface?,1,1
47,Are the leaves drooping or wilted during the day?,0,1
47,Do you see any yellow rings or spots on the leaves?,1,1
47,Are the leaves thinner or smaller than normal?,0,1
47,Is there any rust-colored powder on the leaves?,0,1
47,Do you notice any leaf veins turning red or purple?,0,1
47,Are the leaves brittle and breaking easily?,0,1
47,Is the plant showing signs of nutrient deficiency?,0,1
47,Are there any whiteflies or aphids on the leaves?,1,1
47,Do the leaves have translucent patches?,0,1
47,Is there a sticky substance attracting ants?,1,1
47,Are the leaves clustered tightly together unusually?,0,1
47,Is the leaf surface rough or bumpy?,1,1
47,Are the plants less productive than usual?,0,1
47,Do you see any holes forming in the leaf blades?,1,1
47,Are the edges of the leaves curling upward?,1,1
47,Do you notice any faint yellow halos around spots?,0,1
47,Is there excessive moisture or dew on the leaves?,1,1
47,Are the leaves uneven in size and shape?,1,1
47,Do you see any leaves that look scorched or sunburned?,0,1
47,Are the leaves losing their natural shine?,1,1
47,Is there a sticky film on the leaf surface?,0,1
47,Do the affected leaves wilt faster during hot weather?,1,1
47,Are any parts of the leaf transparent or thin?,0,1
47,Do you notice any fungus-like growth near leaf stems?,1,1
47,Are the leaves changing color faster than normal?,0,1
47,Is the plant less vigorous than healthy plants?,1,1
47,Do you observe any yellowing around leaf margins?,0,1
47,Are the leaves curling unevenly or asymmetrically?,1,1
47,Do you see any spots that look oily or greasy?,0,1
48,Are the leaves turning yellow starting from the tips?,1,1
48,Do you notice any brown streaks on the leaf veins?,1,1
48,Is there a sticky residue on the leaf surface?,1,1
48,Are the leaves curling inward or downward?,0,1
48,Do you see any tiny white spots on the leaves?,1,1
48,Is there a foul or unusual smell from the leaves?,0,1
48,Are the leaf edges turning brown or dry?,1,1
48,Do the leaves have patches of light green or pale color?,0,1
48,Is the plant growth slower than usual?,0,1
48,Are the leaves falling off prematurely?,0,1
48,Do you see black fungal spots on the leaves?,0,1
48,Are ants or other insects frequently found on the leaves?,0,1
48,Is there any powdery white coating on the leaves?,0,1
48,Do you see small holes or eaten parts on the leaves?,0,1
48,Are the younger leaves affected more than older ones?,1,1
48,Is there any sticky honeydew on the underside of leaves?,0,1
48,Do the leaves feel brittle or dry to touch?,1,1
48,Are there any web-like structures on the leaves?,0,1
48,Is there any mold or mildew on the leaf surface?,0,1
48,Are the leaves drooping or wilted during the day?,0,1
48,Do you see any yellow rings or spots on the leaves?,1,1
48,Are the leaves thinner or smaller than normal?,0,1
48,Is there any rust-colored powder on the leaves?,0,1
48,Do you notice any leaf veins turning red or purple?,0,1
48,Are the leaves brittle and breaking easily?,1,1
48,Is the plant showing signs of nutrient deficiency?,1,1
48,Are there any whiteflies or aphids on the leaves?,1,1
48,Do the leaves have translucent patches?,0,1
48,Is there a sticky substance attracting ants?,1,1
48,Are the leaves clustered tightly together unusually?,0,1
48,Is the leaf surface rough or bumpy?,1,1
48,Are the plants less productive than usual?,1,1
48,Do you see any holes forming in the leaf blades?,0,1
48,Are the edges of the leaves curling upward?,0,1
48,Do you notice any faint yellow halos around spots?,1,1
48,Is there excessive moisture or dew on the leaves?,0,1
48,Are the leaves uneven in size and shape?,1,1
48,Do you see any leaves that look scorched or sunburned?,0,1
48,Are the leaves losing their natural shine?,0,1
48,Is there a sticky film on the leaf surface?,0,1
48,Do the affected leaves wilt faster during hot weather?,0,1
48,Are any parts of the leaf transparent or thin?,0,1
48,Do you notice any fungus-like growth near leaf stems?,1,1
48,Are the leaves changing color faster than normal?,1,1
48,Is the plant less vigorous than healthy plants?,0,1
48,Do you observe any yellowing around leaf margins?,0,1
48,Are the leaves curling unevenly or asymmetrically?,0,1
48,Do you see any spots that look oily or greasy?,0,1
49,Are the leaves turning yellow starting from the tips?,1,1
49,Do you notice any brown streaks on the leaf veins?,0,1
49,Is there a sticky residue on the leaf surface?,1,1
49,Are the leaves curling inward or downward?,0,1
49,Do you see any tiny white spots on the leaves?,1,1
49,Is there a foul or unusual smell from the leaves?,0,1
49,Are the leaf edges turning brown or dry?,0,1
49,Do the leaves have patches of light green or pale color?,0,1
49,Is the plant growth slower than usual?,0,1
49,Are the leaves falling off prematurely?,1,1
49,Do you see black fungal spots on the leaves?,1,1
49,Are ants or other insects frequently found on the leaves?,0,1
49,Is there any powdery white coating on the leaves?,1,1
49,Do you see small holes or eaten parts on the leaves?,0,1
49,Are the younger leaves affected more than older ones?,1,1
49,Is there any sticky honeydew on the underside of leaves?,0,1
49,Do the leaves feel brittle or dry to touch?,1,1
49,Are there any web-like structures on the leaves?,0,1
49,Is there any mold or mildew on the leaf surface?,1,1
49,Are the leaves drooping or wilted during the day?,0,1
49,Do you see any yellow rings or spots on the leaves?,1,1
49,Are the leaves thinner or smaller than normal?,1,1
49,Is there any rust-colored powder on the leaves?,1,1
49,Do you notice any leaf veins turning red or purple?,0,1
49,Are the leaves brittle and breaking easily?,0,1
49,Is the plant showing signs of nutrient deficiency?,0,1
49,Are there any whiteflies or aphids on the leaves?,1,1
49,Do the leaves have translucent patches?,1,1
49,Is there a sticky substance attracting ants?,1,1
49,Are the leaves clustered tightly together unusually?,0,1
49,Is the leaf surface rough or bumpy?,0,1
49,Are the plants less productive than usual?,0,1
49,Do you see any holes forming in the leaf blades?,0,1
49,Are the edges of the leaves curling upward?,0,1
49,Do you notice any faint yellow halos around spots?,1,1
49,Is there excessive moisture or dew on the leaves?,0,1
49,Are the leaves uneven in size and shape?,1,1
49,Do you see any leaves that look scorched or sunburned?,0,1
49,Are the leaves losing their natural shine?,0,1
49,Is there a sticky film on the leaf surface?,0,1
49,Do the affected leaves wilt faster during hot weather?,1,1
49,Are any parts of the leaf transparent or thin?,1,1
49,Do you notice any fungus-like growth near leaf stems?,1,1
49,Are the leaves changing color faster than normal?,0,1
49,Is the plant less vigorous than healthy plants?,1,1
49,Do you observe any yellowing around leaf margins?,0,1
49,Are the leaves curling unevenly or asymmetrically?,1,1
49,Do you see any spots that look oily or greasy?,0,1
50,Are the leaves turning yellow starting from the tips?,0,0
50,Do you notice any brown streaks on the leaf veins?,0,0
50,Is there a sticky residue on the leaf surface?,0,0
50,Are the leaves curling inward or downward?,0,0
50,Do you see any tiny white spots on the leaves?,0,0
50,Is there a foul or unusual smell from the leaves?,0,0
50,Are the leaf edges turning brown or dry?,1,0
50,Do the leaves have patches of light green or pale color?,1,0
50,Is the plant growth slower than usual?,0,0
50,Are the leaves falling off prematurely?,1,0
50,Do you see black fungal spots on the leaves?,0,0
50,Are ants or other insects frequently found on the leaves?,1,0
50,Is there any powdery white coating on the leaves?,0,0
50,Do you see small holes or eaten parts on the leaves?,1,0
50,Are the younger leaves affected more than older ones?,1,0
50,Is there any sticky honeydew on the underside of leaves?,1,0
50,Do the leaves feel brittle or dry to touch?,0,0
50,Are there any web-like structures on the leaves?,1,0
50,Is there any mold or mildew on the leaf surface?,0,0
50,Are the leaves drooping or wilted during the day?,1,0
50,Do you see any yellow rings or spots on the leaves?,0,0
50,Are the leaves thinner or smaller than normal?,1,0
50,Is there any rust-colored powder on the leaves?,0,0
50,Do you notice any leaf veins turning red or purple?,1,0
50,Are the leaves brittle and breaking easily?,0,0
50,Is the plant showing signs of nutrient deficiency?,1,0
50,Are there any whiteflies or aphids on the leaves?,0,0
50,Do the leaves have translucent patches?,1,0
50,Is there a sticky substance attracting ants?,0,0
50,Are the leaves clustered tightly together unusually?,1,0
50,Is the leaf surface rough or bumpy?,0,0
50,Are the plants less productive than usual?,1,0
50,Do you see any holes forming in the leaf blades?,0,0
50,Are the edges of the leaves curling upward?,0,0
50,Do you notice any faint yellow halos around spots?,0,0
50,Is there excessive moisture or dew on the leaves?,0,0
50,Are the leaves uneven in size and shape?,0,0
50,Do you see any leaves that look scorched or sunburned?,0,0
50,Are the leaves losing their natural shine?,0,0
50,Is there a sticky film on the leaf surface?,1,0
50,Do the affected leaves wilt faster during hot weather?,0,0
50,Are any parts of the leaf transparent or thin?,1,0
50,Do you notice any fungus-like growth near leaf stems?,1,0
50,Are the leaves changing color faster than normal?,1,0
50,Is the plant less vigorous than healthy plants?,0,0
50,Do you observe any yellowing around leaf margins?,1,0
50,Are the leaves curling unevenly or asymmetrically?,0,0
50,Do you see any spots that look oily or greasy?,0,0
51,Are the leaves turning yellow starting from the tips?,1,1
51,Do you notice any brown streaks on the leaf veins?,0,1
51,Is there a sticky residue on the leaf surface?,1,1
51,Are the leaves curling inward or downward?,0,1
51,Do you see any tiny white spots on the leaves?,0,1
51,Is there a foul or unusual smell from the leaves?,0,1
51,Are the leaf edges turning brown or dry?,1,1
51,Do the leaves have patches of light green or pale color?,0,1
51,Is the plant growth slower than usual?,1,1
51,Are the leaves falling off prematurely?,0,1
51,Do you see black fungal spots on the leaves?,1,1
51,Are ants or other insects frequently found on the leaves?,0,1
51,Is there any powdery white coating on the leaves?,0,1
51,Do you see small holes or eaten parts on the leaves?,1,1
51,Are the younger leaves affected more than older ones?,1,1
51,Is there any sticky honeydew on the underside of leaves?,0,1
51,Do the leaves feel brittle or dry to touch?,1,1
51,Are there any web-like structures on the leaves?,0,1
51,Is there any mold or mildew on the leaf surface?,1,1
51,Are the leaves drooping or wilted during the day?,0,1
51,Do you see any yellow rings or spots on the leaves?,1,1
51,Are the leaves thinner or smaller than normal?,0,1
51,Is there any rust-colored powder on the leaves?,1,1
51,Do you notice any leaf veins turning red or purple?,0,1
51,Are the leaves brittle and breaking easily?,1,1
51,Is the plant showing signs of nutrient deficiency?,0,1
51,Are there any whiteflies or aphids on the leaves?,1,1
51,Do the leaves have translucent patches?,0,1
51,Is there a sticky substance attracting ants?,0,1
51,Are the leaves clustered tightly together unusually?,0,1
51,Is the leaf surface rough or bumpy?,1,1
51,Are the plants less productive than usual?,0,1
51,Do you see any holes forming in the leaf blades?,0,1
51,Are the edges of the leaves curling upward?,0,1
51,Do you notice any faint yellow halos around spots?,1,1
51,Is there excessive moisture or dew on the leaves?,0,1
51,Are the leaves uneven in size and shape?,1,1
51,Do you see any leaves that look scorched or sunburned?,0,1
51,Are the leaves losing their natural shine?,1,1
51,Is there a sticky film on the leaf surface?,0,1
51,Do the affected leaves wilt faster during hot weather?,1,1
51,Are any parts of the leaf transparent or thin?,1,1
51,Do you notice any fungus-like growth near leaf stems?,1,1
51,Are the leaves changing color faster than normal?,0,1
51,Is the plant less vigorous than healthy plants?,1,1
51,Do you observe any yellowing around leaf margins?,0,1
51,Are the leaves curling unevenly or asymmetrically?,0,1
51,Do you see any spots that look oily or greasy?,0,1
52,Are the leaves turning yellow starting from the tips?,0,0
52,Do you notice any brown streaks on the leaf veins?,1,0
52,Is there a sticky residue on the leaf surface?,0,0
52,Are the leaves curling inward or downward?,1,0
52,Do you see any tiny white spots on the leaves?,0,0
52,Is there a foul or unusual smell from the leaves?,0,0
52,Are the leaf edges turning brown or dry?,1,0
52,Do the leaves have patches of light green or pale color?,1,0
52,Is the plant growth slower than usual?,0,0
52,Are the leaves falling off prematurely?,1,0
52,Do you see black fungal spots on the leaves?,0,0
52,Are ants or other insects frequently found on the leaves?,1,0
52,Is there any powdery white coating on the leaves?,0,0
52,Do you see small holes or eaten parts on the leaves?,1,0
52,Are the younger leaves affected more than older ones?,0,0
52,Is there any sticky honeydew on the underside of leaves?,1,0
52,Do the leaves feel brittle or dry to touch?,0,0
52,Are there any web-like structures on the leaves?,1,0
52,Is there any mold or mildew on the leaf surface?,0,0
52,Are the leaves drooping or wilted during the day?,0,0
52,Do you see any yellow rings or spots on the leaves?,0,0
52,Are the leaves thinner or smaller than normal?,1,0
52,Is there any rust-colored powder on the leaves?,0,0
52,Do you notice any leaf veins turning red or purple?,1,0
52,Are the leaves brittle and breaking easily?,1,0
52,Is the plant showing signs of nutrient deficiency?,1,0
52,Are there any whiteflies or aphids on the leaves?,1,0
52,Do the leaves have translucent patches?,1,0
52,Is there a sticky substance attracting ants?,0,0
52,Are the leaves clustered tightly together unusually?,1,0
52,Is the leaf surface rough or bumpy?,0,0
52,Are the plants less productive than usual?,1,0
52,Do you see any holes forming in the leaf blades?,1,0
52,Are the edges of the leaves curling upward?,1,0
52,Do you notice any faint yellow halos around spots?,0,0
52,Is there excessive moisture or dew on the leaves?,1,0
52,Are the leaves uneven in size and shape?,0,0
52,Do you see any leaves that look scorched or sunburned?,1,0
52,Are the leaves losing their natural shine?,0,0
52,Is there a sticky film on the leaf surface?,1,0
52,Do the affected leaves wilt faster during hot weather?,0,0
52,Are any parts of the leaf transparent or thin?,1,0
52,Do you notice any fungus-like growth near leaf stems?,0,0
52,Are the leaves changing color faster than normal?,0,0
52,Is the plant less vigorous than healthy plants?,1,0
52,Do you observe any yellowing around leaf margins?,0,0
52,Are the leaves curling unevenly or asymmetrically?,0,0
52,Do you see any spots that look oily or greasy?,1,0
53,Are the leaves turning yellow starting from the tips?,1,1
53,Do you notice any brown streaks on the leaf veins?,0,1
53,Is there a sticky residue on the leaf surface?,1,1
53,Are the leaves curling inward or downward?,0,1
53,Do you see any tiny white spots on the leaves?,1,1
53,Is there a foul or unusual smell from the leaves?,0,1
53,Are the leaf edges turning brown or dry?,1,1
53,Do the leaves have patches of light green or pale color?,0,1
53,Is the plant growth slower than usual?,1,1
53,Are the leaves falling off prematurely?,0,1
53,Do you see black fungal spots on the leaves?,1,1
53,Are ants or other insects frequently found on the leaves?,0,1
53,Is there any powdery white coating on the leaves?,1,1
53,Do you see small holes or eaten parts on the leaves?,0,1
53,Are the younger leaves affected more than older ones?,1,1
53,Is there any sticky honeydew on the underside of leaves?,0,1
53,Do the leaves feel brittle or dry to touch?,1,1
53,Are there any web-like structures on the leaves?,0,1
53,Is there any mold or mildew on the leaf surface?,1,1
53,Are the leaves drooping or wilted during the day?,1,1
53,Do you see any yellow rings or spots on the leaves?,1,1
53,Are the leaves thinner or smaller than normal?,0,1
53,Is there any rust-colored powder on the leaves?,1,1
53,Do you notice any leaf veins turning red or purple?,1,1
53,Are the leaves brittle and breaking easily?,1,1
53,Is the plant showing signs of nutrient deficiency?,0,1
53,Are there any whiteflies or aphids on the leaves?,1,1
53,Do the leaves have translucent patches?,0,1
53,Is there a sticky substance attracting ants?,0,1
53,Are the leaves clustered tightly together unusually?,0,1
53,Is the leaf surface rough or bumpy?,0,1
53,Are the plants less productive than usual?,0,1
53,Do you see any holes forming in the leaf blades?,0,1
53,Are the edges of the leaves curling upward?,0,1
53,Do you notice any faint yellow halos around spots?,1,1
53,Is there excessive moisture or dew on the leaves?,0,1
53,Are the leaves uneven in size and shape?,1,1
53,Do you see any leaves that look scorched or sunburned?,0,1
53,Are the leaves losing their natural shine?,1,1
53,Is there a sticky film on the leaf surface?,0,1
53,Do the affected leaves wilt faster during hot weather?,1,1
53,Are any parts of the leaf transparent or thin?,0,1
53,Do you notice any fungus-like growth near leaf stems?,1,1
53,Are the leaves changing color faster than normal?,0,1
53,Is the plant less vigorous than healthy plants?,1,1
53,Do you observe any yellowing around leaf margins?,1,1
53,Are the leaves curling unevenly or asymmetrically?,1,1
53,Do you see any spots that look oily or greasy?,0,1
54,Are the leaves turning yellow starting from the tips?,1,1
54,Do you notice any brown streaks on the leaf veins?,0,1
54,Is there a sticky residue on the leaf surface?,1,1
54,Are the leaves curling inward or downward?,0,1
54,Do you see any tiny white spots on the leaves?,1,1
54,Is there a foul or unusual smell from the leaves?,0,1
54,Are the leaf edges turning brown or dry?,1,1
54,Do the leaves have patches of light green or pale color?,1,1
54,Is the plant growth slower than usual?,1,1
54,Are the leaves falling off prematurely?,0,1
54,Do you see black fungal spots on the leaves?,1,1
54,Are ants or other insects frequently found on the leaves?,0,1
54,Is there any powdery white coating on the leaves?,1,1
54,Do you see small holes or eaten parts on the leaves?,0,1
54,Are the younger leaves affected more than older ones?,1,1
54,Is there any sticky honeydew on the underside of leaves?,0,1
54,Do the leaves feel brittle or dry to touch?,1,1
54,Are there any web-like structures on the leaves?,0,1
54,Is there any mold or mildew on the leaf surface?,1,1
54,Are the leaves drooping or wilted during the day?,1,1
54,Do you see any yellow rings or spots on the leaves?,1,1
54,Are the leaves thinner or smaller than normal?,1,1
54,Is there any rust-colored powder on the leaves?,1,1
54,Do you notice any leaf veins turning red or purple?,0,1
54,Are the leaves brittle and breaking easily?,1,1
54,Is the plant showing signs of nutrient deficiency?,1,1
54,Are there any whiteflies or aphids on the leaves?,1,1
54,Do the leaves have translucent patches?,0,1
54,Is there a sticky substance attracting ants?,1,1
54,Are the leaves clustered tightly together unusually?,0,1
54,Is the leaf surface rough or bumpy?,1,1
54,Are the plants less productive than usual?,0,1
54,Do you see any holes forming in the leaf blades?,1,1
54,Are the edges of the leaves curling upward?,0,1
54,Do you notice any faint yellow halos around spots?,1,1
54,Is there excessive moisture or dew on the leaves?,1,1
54,Are the leaves uneven in size and shape?,1,1
54,Do you see any leaves that look scorched or sunburned?,0,1
54,Are the leaves losing their natural shine?,1,1
54,Is there a sticky film on the leaf surface?,0,1
54,Do the affected leaves wilt faster during hot weather?,0,1
54,Are any parts of the leaf transparent or thin?,0,1
54,Do you notice any fungus-like growth near leaf stems?,1,1
54,Are the leaves changing color faster than normal?,0,1
54,Is the plant less vigorous than healthy plants?,1,1
54,Do you observe any yellowing around leaf margins?,0,1
54,Are the leaves curling unevenly or asymmetrically?,1,1
54,Do you see any spots that look oily or greasy?,0,1
55,Are the leaves turning yellow starting from the tips?,1,1
55,Do you notice any brown streaks on the leaf veins?,0,1
55,Is there a sticky residue on the leaf surface?,1,1
55,Are the leaves curling inward or downward?,0,1
55,Do you see any tiny white spots on the leaves?,1,1
55,Is there a foul or unusual smell from the leaves?,0,1
55,Are the leaf edges turning brown or dry?,1,1
55,Do the leaves have patches of light green or pale color?,1,1
55,Is the plant growth slower than usual?,1,1
55,Are the leaves falling off prematurely?,1,1
55,Do you see black fungal spots on the leaves?,1,1
55,Are ants or other insects frequently found on the leaves?,0,1
55,Is there any powdery white coating on the leaves?,1,1
55,Do you see small holes or eaten parts on the leaves?,1,1
55,Are the younger leaves affected more than older ones?,1,1
55,Is there any sticky honeydew on the underside of leaves?,0,1
55,Do the leaves feel brittle or dry to touch?,1,1
55,Are there any web-like structures on the leaves?,0,1
55,Is there any mold or mildew on the leaf surface?,1,1
55,Are the leaves drooping or wilted during the day?,0,1
55,Do you see any yellow rings or spots on the leaves?,1,1
55,Are the leaves thinner or smaller than normal?,1,1
55,Is there any rust-colored powder on the leaves?,1,1
55,Do you notice any leaf veins turning red or purple?,0,1
55,Are the leaves brittle and breaking easily?,1,1
55,Is the plant showing signs of nutrient deficiency?,0,1
55,Are there any whiteflies or aphids on the leaves?,0,1
55,Do the leaves have translucent patches?,0,1
55,Is there a sticky substance attracting ants?,1,1
55,Are the leaves clustered tightly together unusually?,0,1
55,Is the leaf surface rough or bumpy?,0,1
55,Are the plants less productive than usual?,0,1
55,Do you see any holes forming in the leaf blades?,1,1
55,Are the edges of the leaves curling upward?,0,1
55,Do you notice any faint yellow halos around spots?,1,1
55,Is there excessive moisture or dew on the leaves?,0,1
55,Are the leaves uneven in size and shape?,0,1
55,Do you see any leaves that look scorched or sunburned?,0,1
55,Are the leaves losing their natural shine?,1,1
55,Is there a sticky film on the leaf surface?,0,1
55,Do the affected leaves wilt faster during hot weather?,1,1
55,Are any parts of the leaf transparent or thin?,1,1
55,Do you notice any fungus-like growth near leaf stems?,1,1
55,Are the leaves changing color faster than normal?,0,1
55,Is the plant less vigorous than healthy plants?,1,1
55,Do you observe any yellowing around leaf margins?,0,1
55,Are the leaves curling unevenly or asymmetrically?,0,1
55,Do you see any spots that look oily or greasy?,0,1
56,Are the leaves turning yellow starting from the tips?,0,0
56,Do you notice any brown streaks on the leaf veins?,1,0
56,Is there a sticky residue on the leaf surface?,0,0
56,Are the leaves curling inward or downward?,0,0
56,Do you see any tiny white spots on the leaves?,0,0
56,Is there a foul or unusual smell from the leaves?,1,0
56,Are the leaf edges turning brown or dry?,0,0
56,Do the leaves have patches of light green or pale color?,1,0
56,Is the plant growth slower than usual?,0,0
56,Are the leaves falling off prematurely?,1,0
56,Do you see black fungal spots on the leaves?,1,0
56,Are ants or other insects frequently found on the leaves?,1,0
56,Is there any powdery white coating on the leaves?,0,0
56,Do you see small holes or eaten parts on the leaves?,1,0
56,Are the younger leaves affected more than older ones?,0,0
56,Is there any sticky honeydew on the underside of leaves?,1,0
56,Do the leaves feel brittle or dry to touch?,0,0
56,Are there any web-like structures on the leaves?,1,0
56,Is there any mold or mildew on the leaf surface?,1,0
56,Are the leaves drooping or wilted during the day?,1,0
56,Do you see any yellow rings or spots on the leaves?,0,0
56,Are the leaves thinner or smaller than normal?,1,0
56,Is there any rust-colored powder on the leaves?,1,0
56,Do you notice any leaf veins turning red or purple?,1,0
56,Are the leaves brittle and breaking easily?,0,0
56,Is the plant showing signs of nutrient deficiency?,1,0
56,Are there any whiteflies or aphids on the leaves?,1,0
56,Do the leaves have translucent patches?,1,0
56,Is there a sticky substance attracting ants?,0,0
56,Are the leaves clustered tightly together unusually?,1,0
56,Is the leaf surface rough or bumpy?,0,0
56,Are the plants less productive than usual?,1,0
56,Do you see any holes forming in the leaf blades?,0,0
56,Are the edges of the leaves curling upward?,1,0
56,Do you notice any faint yellow halos around spots?,0,0
56,Is there excessive moisture or dew on the leaves?,1,0
56,Are the leaves uneven in size and shape?,0,0
56,Do you see any leaves that look scorched or sunburned?,1,0
56,Are the leaves losing their natural shine?,0,0
56,Is there a sticky film on the leaf surface?,1,0
56,Do the affected leaves wilt faster during hot weather?,0,0
56,Are any parts of the leaf transparent or thin?,1,0
56,Do you notice any fungus-like growth near leaf stems?,0,0
56,Are the leaves changing color faster than normal?,1,0
56,Is the plant less vigorous than healthy plants?,0,0
56,Do you observe any yellowing around leaf margins?,1,0
56,Are the leaves curling unevenly or asymmetrically?,1,0
56,Do you see any spots that look oily or greasy?,1,0
57,Are the leaves turning yellow starting from the tips?,0,0
57,Do you notice any brown streaks on the leaf veins?,1,0
57,Is there a sticky residue on the leaf surface?,0,0
57,Are the leaves curling inward or downward?,1,0
57,Do you see any tiny white spots on the leaves?,0,0
57,Is there a foul or unusual smell from the leaves?,1,0
57,Are the leaf edges turning brown or dry?,0,0
57,Do the leaves have patches of light green or pale color?,1,0
57,Is the plant growth slower than usual?,0,0
57,Are the leaves falling off prematurely?,1,0
57,Do you see black fungal spots on the leaves?,1,0
57,Are ants or other insects frequently found on the leaves?,1,0
57,Is there any powdery white coating on the leaves?,0,0
57,Do you see small holes or eaten parts on the leaves?,1,0
57,Are the younger leaves affected more than older ones?,0,0
57,Is there any sticky honeydew on the underside of leaves?,1,0
57,Do the leaves feel brittle or dry to touch?,0,0
57,Are there any web-like structures on the leaves?,1,0
57,Is there any mold or mildew on the leaf surface?,0,0
57,Are the leaves drooping or wilted during the day?,1,0
57,Do you see any yellow rings or spots on the leaves?,0,0
57,Are the leaves thinner or smaller than normal?,1,0
57,Is there any rust-colored powder on the leaves?,0,0
57,Do you notice any leaf veins turning red or purple?,1,0
57,Are the leaves brittle and breaking easily?,0,0
57,Is the plant showing signs of nutrient deficiency?,1,0
57,Are there any whiteflies or aphids on the leaves?,1,0
57,Do the leaves have translucent patches?,1,0
57,Is there a sticky substance attracting ants?,0,0
57,Are the leaves clustered tightly together unusually?,1,0
57,Is the leaf surface rough or bumpy?,0,0
57,Are the plants less productive than usual?,0,0
57,Do you see any holes forming in the leaf blades?,0,0
57,Are the edges of the leaves curling upward?,1,0
57,Do you notice any faint yellow halos around spots?,0,0
57,Is there excessive moisture or dew on the leaves?,1,0
57,Are the leaves uneven in size and shape?,0,0
57,Do you see any leaves that look scorched or sunburned?,1,0
57,Are the leaves losing their natural shine?,0,0
57,Is there a sticky film on the leaf surface?,1,0
57,Do the affected leaves wilt faster during hot weather?,0,0
57,Are any parts of the leaf transparent or thin?,1,0
57,Do you notice any fungus-like growth near leaf stems?,0,0
57,Are the leaves changing color faster than normal?,1,0
57,Is the plant less vigorous than healthy plants?,0,0
57,Do you observe any yellowing around leaf margins?,1,0
57,Are the leaves curling unevenly or asymmetrically?,1,0
57,Do you see any spots that look oily or greasy?,1,0
58,Are the leaves turning yellow starting from the tips?,0,0
58,Do you notice any brown streaks on the leaf veins?,1,0
58,Is there a sticky residue on the leaf surface?,0,0
58,Are the leaves curling inward or downward?,1,0
58,Do you see any tiny white spots on the leaves?,0,0
58,Is there a foul or unusual smell from the leaves?,0,0
58,Are the leaf edges turning brown or dry?,0,0
58,Do the leaves have patches of light green or pale color?,1,0
58,Is the plant growth slower than usual?,0,0
58,Are the leaves falling off prematurely?,1,0
58,Do you see black fungal spots on the leaves?,1,0
58,Are ants or other insects frequently found on the leaves?,1,0
58,Is there any powdery white coating on the leaves?,0,0
58,Do you see small holes or eaten parts on the leaves?,0,0
58,Are the younger leaves affected more than older ones?,0,0
58,Is there any sticky honeydew on the underside of leaves?,1,0
58,Do the leaves feel brittle or dry to touch?,0,0
58,Are there any web-like structures on the leaves?,1,0
58,Is there any mold or mildew on the leaf surface?,0,0
58,Are the leaves drooping or wilted during the day?,1,0
58,Do you see any yellow rings or spots on the leaves?,0,0
58,Are the leaves thinner or smaller than normal?,1,0
58,Is there any rust-colored powder on the leaves?,0,0
58,Do you notice any leaf veins turning red or purple?,1,0
58,Are the leaves brittle and breaking easily?,0,0
58,Is the plant showing signs of nutrient deficiency?,1,0
58,Are there any whiteflies or aphids on the leaves?,0,0
58,Do the leaves have translucent patches?,1,0
58,Is there a sticky substance attracting ants?,0,0
58,Are the leaves clustered tightly together unusually?,1,0
58,Is the leaf surface rough or bumpy?,0,0
58,Are the plants less productive than usual?,1,0
58,Do you see any holes forming in the leaf blades?,0,0
58,Are the edges of the leaves curling upward?,0,0
58,Do you notice any faint yellow halos around spots?,0,0
58,Is there excessive moisture or dew on the leaves?,1,0
58,Are the leaves uneven in size and shape?,0,0
58,Do you see any leaves that look scorched or sunburned?,1,0
58,Are the leaves losing their natural shine?,0,0
58,Is there a sticky film on the leaf surface?,1,0
58,Do the affected leaves wilt faster during hot weather?,0,0
58,Are any parts of the leaf transparent or thin?,1,0
58,Do you notice any fungus-like growth near leaf stems?,0,0
58,Are the leaves changing color faster than normal?,1,0
58,Is the plant less vigorous than healthy plants?,0,0
58,Do you observe any yellowing around leaf margins?,0,0
58,Are the leaves curling unevenly or asymmetrically?,0,0
58,Do you see any spots that look oily or greasy?,0,0
59,Are the leaves turning yellow starting from the tips?,1,1
59,Do you notice any brown streaks on the leaf veins?,0,1
59,Is there a sticky residue on the leaf surface?,1,1
59,Are the leaves curling inward or downward?,0,1
59,Do you see any tiny white spots on the leaves?,1,1
59,Is there a foul or unusual smell from the leaves?,0,1
59,Are the leaf edges turning brown or dry?,1,1
59,Do the leaves have patches of light green or pale color?,0,1
59,Is the plant growth slower than usual?,1,1
59,Are the leaves falling off prematurely?,0,1
59,Do you see black fungal spots on the leaves?,1,1
59,Are ants or other insects frequently found on the leaves?,0,1
59,Is there any powdery white coating on the leaves?,1,1
59,Do you see small holes or eaten parts on the leaves?,0,1
59,Are the younger leaves affected more than older ones?,1,1
59,Is there any sticky honeydew on the underside of leaves?,1,1
59,Do the leaves feel brittle or dry to touch?,0,1
59,Are there any web-like structures on the leaves?,0,1
59,Is there any mold or mildew on the leaf surface?,1,1
59,Are the leaves drooping or wilted during the day?,0,1
59,Do you see any yellow rings or spots on the leaves?,1,1
59,Are the leaves thinner or smaller than normal?,0,1
59,Is there any rust-colored powder on the leaves?,1,1
59,Do you notice any leaf veins turning red or purple?,0,1
59,Are the leaves brittle and breaking easily?,1,1
59,Is the plant showing signs of nutrient deficiency?,0,1
59,Are there any whiteflies or aphids on the leaves?,1,1
59,Do the leaves have translucent patches?,0,1
59,Is there a sticky substance attracting ants?,0,1
59,Are the leaves clustered tightly together unusually?,0,1
59,Is the leaf surface rough or bumpy?,1,1
59,Are the plants less productive than usual?,1,1
59,Do you see any holes forming in the leaf blades?,1,1
59,Are the edges of the leaves curling upward?,0,1
59,Do you notice any faint yellow halos around spots?,1,1
59,Is there excessive moisture or dew on the leaves?,0,1
59,Are the leaves uneven in size and shape?,1,1
59,Do you see any leaves that look scorched or sunburned?,1,1
59,Are the leaves losing their natural shine?,1,1
59,Is there a sticky film on the leaf surface?,0,1
59,Do the affected leaves wilt faster during hot weather?,0,1
59,Are any parts of the leaf transparent or thin?,0,1
59,Do you notice any fungus-like growth near leaf stems?,1,1
59,Are the leaves changing color faster than normal?,1,1
59,Is the plant less vigorous than healthy plants?,0,1
59,Do you observe any yellowing around leaf margins?,0,1
59,Are the leaves curling unevenly or asymmetrically?,0,1
59,Do you see any spots that look oily or greasy?,0,1
60,Are the leaves turning yellow starting from the tips?,1,1
60,Do you notice any brown streaks on the leaf veins?,0,1
60,Is there a sticky residue on the leaf surface?,1,1
60,Are the leaves curling inward or downward?,0,1
60,Do you see any tiny white spots on the leaves?,1,1
60,Is there a foul or unusual smell from the leaves?,0,1
60,Are the leaf edges turning brown or dry?,0,1
60,Do the leaves have patches of light green or pale color?,1,1
60,Is the plant growth slower than usual?,1,1
60,Are the leaves falling off prematurely?,1,1
60,Do you see black fungal spots on the leaves?,1,1
60,Are ants or other insects frequently found on the leaves?,1,1
60,Is there any powdery white coating on the leaves?,1,1
60,Do you see small holes or eaten parts on the leaves?,0,1
60,Are the younger leaves affected more than older ones?,1,1
60,Is there any sticky honeydew on the underside of leaves?,0,1
60,Do the leaves feel brittle or dry to touch?,0,1
60,Are there any web-like structures on the leaves?,0,1
60,Is there any mold or mildew on the leaf surface?,1,1
60,Are the leaves drooping or wilted during the day?,0,1
60,Do you see any yellow rings or spots on the leaves?,1,1
60,Are the leaves thinner or smaller than normal?,0,1
60,Is there any rust-colored powder on the leaves?,1,1
60,Do you notice any leaf veins turning red or purple?,0,1
60,Are the leaves brittle and breaking easily?,1,1
60,Is the plant showing signs of nutrient deficiency?,0,1
60,Are there any whiteflies or aphids on the leaves?,0,1
60,Do the leaves have translucent patches?,0,1
60,Is there a sticky substance attracting ants?,1,1
60,Are the leaves clustered tightly together unusually?,0,1
60,Is the leaf surface rough or bumpy?,1,1
60,Are the plants less productive than usual?,0,1
60,Do you see any holes forming in the leaf blades?,0,1
60,Are the edges of the leaves curling upward?,0,1
60,Do you notice any faint yellow halos around spots?,1,1
60,Is there excessive moisture or dew on the leaves?,0,1
60,Are the leaves uneven in size and shape?,1,1
60,Do you see any leaves that look scorched or sunburned?,0,1
60,Are the leaves losing their natural shine?,0,1
60,Is there a sticky film on the leaf surface?,0,1
60,Do the affected leaves wilt faster during hot weather?,0,1
60,Are any parts of the leaf transparent or thin?,0,1
60,Do you notice any fungus-like growth near leaf stems?,1,1
60,Are the leaves changing color faster than normal?,1,1
60,Is the plant less vigorous than healthy plants?,1,1
60,Do you observe any yellowing around leaf margins?,0,1
60,Are the leaves curling unevenly or asymmetrically?,1,1
60,Do you see any spots that look oily or greasy?,0,1
61,Are the leaves turning yellow starting from the tips?,1,1
61,Do you notice any brown streaks on the leaf veins?,0,1
61,Is there a sticky residue on the leaf surface?,0,1
61,Are the leaves curling inward or downward?,0,1
61,Do you see any tiny white spots on the leaves?,1,1
61,Is there a foul or unusual smell from the leaves?,0,1
61,Are the leaf edges turning brown or dry?,1,1
61,Do the leaves have patches of light green or pale color?,0,1
61,Is the plant growth slower than usual?,1,1
61,Are the leaves falling off prematurely?,0,1
61,Do you see black fungal spots on the leaves?,1,1
61,Are ants or other insects frequently found on the leaves?,0,1
61,Is there any powdery white coating on the leaves?,1,1
61,Do you see small holes or eaten parts on the leaves?,0,1
61,Are the younger leaves affected more than older ones?,1,1
61,Is there any sticky honeydew on the underside of leaves?,1,1
61,Do the leaves feel brittle or dry to touch?,1,1
61,Are there any web-like structures on the leaves?,0,1
61,Is there any mold or mildew on the leaf surface?,1,1
61,Are the leaves drooping or wilted during the day?,0,1
61,Do you see any yellow rings or spots on the leaves?,1,1
61,Are the leaves thinner or smaller than normal?,0,1
61,Is there any rust-colored powder on the leaves?,1,1
61,Do you notice any leaf veins turning red or purple?,0,1
61,Are the leaves brittle and breaking easily?,1,1
61,Is the plant showing signs of nutrient deficiency?,0,1
61,Are there any whiteflies or aphids on the leaves?,0,1
61,Do the leaves have translucent patches?,0,1
61,Is there a sticky substance attracting ants?,1,1
61,Are the leaves clustered tightly together unusually?,1,1
61,Is the leaf surface rough or bumpy?,1,1
61,Are the plants less productive than usual?,0,1
61,Do you see any holes forming in the leaf blades?,1,1
61,Are the edges of the leaves curling upward?,0,1
61,Do you notice any faint yellow halos around spots?,1,1
61,Is there excessive moisture or dew on the leaves?,0,1
61,Are the leaves uneven in size and shape?,1,1
61,Do you see any leaves that look scorched or sunburned?,0,1
61,Are the leaves losing their natural shine?,1,1
61,Is there a sticky film on the leaf surface?,0,1
61,Do the affected leaves wilt faster during hot weather?,1,1
61,Are any parts of the leaf transparent or thin?,0,1
61,Do you notice any fungus-like growth near leaf stems?,0,1
61,Are the leaves changing color faster than normal?,0,1
61,Is the plant less vigorous than healthy plants?,1,1
61,Do you observe any yellowing around leaf margins?,0,1
61,Are the leaves curling unevenly or asymmetrically?,1,1
61,Do you see any spots that look oily or greasy?,0,1
62,Are the leaves turning yellow starting from the tips?,0,0
62,Do you notice any brown streaks on the leaf veins?,0,0
62,Is there a sticky residue on the leaf surface?,0,0
62,Are the leaves curling inward or downward?,1,0
62,Do you see any tiny white spots on the leaves?,0,0
62,Is there a foul or unusual smell from the leaves?,1,0
62,Are the leaf edges turning brown or dry?,0,0
62,Do the leaves have patches of light green or pale color?,1,0
62,Is the plant growth slower than usual?,1,0
62,Are the leaves falling off prematurely?,0,0
62,Do you see black fungal spots on the leaves?,0,0
62,Are ants or other insects frequently found on the leaves?,0,0
62,Is there any powdery white coating on the leaves?,0,0
62,Do you see small holes or eaten parts on the leaves?,1,0
62,Are the younger leaves affected more than older ones?,0,0
62,Is there any sticky honeydew on the underside of leaves?,0,0
62,Do the leaves feel brittle or dry to touch?,0,0
62,Are there any web-like structures on the leaves?,0,0
62,Is there any mold or mildew on the leaf surface?,0,0
62,Are the leaves drooping or wilted during the day?,1,0
62,Do you see any yellow rings or spots on the leaves?,0,0
62,Are the leaves thinner or smaller than normal?,1,0
62,Is there any rust-colored powder on the leaves?,0,0
62,Do you notice any leaf veins turning red or purple?,1,0
62,Are the leaves brittle and breaking easily?,1,0
62,Is the plant showing signs of nutrient deficiency?,0,0
62,Are there any whiteflies or aphids on the leaves?,0,0
62,Do the leaves have translucent patches?,1,0
62,Is there a sticky substance attracting ants?,1,0
62,Are the leaves clustered tightly together unusually?,1,0
62,Is the leaf surface rough or bumpy?,1,0
62,Are the plants less productive than usual?,0,0
62,Do you see any holes forming in the leaf blades?,0,0
62,Are the edges of the leaves curling upward?,1,0
62,Do you notice any faint yellow halos around spots?,0,0
62,Is there excessive moisture or dew on the leaves?,0,0
62,Are the leaves uneven in size and shape?,0,0
62,Do you see any leaves that look scorched or sunburned?,1,0
62,Are the leaves losing their natural shine?,0,0
62,Is there a sticky film on the leaf surface?,1,0
62,Do the affected leaves wilt faster during hot weather?,0,0
62,Are any parts of the leaf transparent or thin?,1,0
62,Do you notice any fungus-like growth near leaf stems?,0,0
62,Are the leaves changing color faster than normal?,0,0
62,Is the plant less vigorous than healthy plants?,1,0
62,Do you observe any yellowing around leaf margins?,1,0
62,Are the leaves curling unevenly or asymmetrically?,0,0
62,Do you see any spots that look oily or greasy?,1,0
63,Are the leaves turning yellow starting from the tips?,1,1
63,Do you notice any brown streaks on the leaf veins?,0,1
63,Is there a sticky residue on the leaf surface?,0,1
63,Are the leaves curling inward or downward?,0,1
63,Do you see any tiny white spots on the leaves?,1,1
63,Is there a foul or unusual smell from the leaves?,1,1
63,Are the leaf edges turning brown or dry?,1,1
63,Do the leaves have patches of light green or pale color?,0,1
63,Is the plant growth slower than usual?,1,1
63,Are the leaves falling off prematurely?,0,1
63,Do you see black fungal spots on the leaves?,1,1
63,Are ants or other insects frequently found on the leaves?,0,1
63,Is there any powdery white coating on the leaves?,1,1
63,Do you see small holes or eaten parts on the leaves?,0,1
63,Are the younger leaves affected more than older ones?,1,1
63,Is there any sticky honeydew on the underside of leaves?,0,1
63,Do the leaves feel brittle or dry to touch?,1,1
63,Are there any web-like structures on the leaves?,0,1
63,Is there any mold or mildew on the leaf surface?,1,1
63,Are the leaves drooping or wilted during the day?,0,1
63,Do you see any yellow rings or spots on the leaves?,0,1
63,Are the leaves thinner or smaller than normal?,1,1
63,Is there any rust-colored powder on the leaves?,1,1
63,Do you notice any leaf veins turning red or purple?,0,1
63,Are the leaves brittle and breaking easily?,1,1
63,Is the plant showing signs of nutrient deficiency?,0,1
63,Are there any whiteflies or aphids on the leaves?,1,1
63,Do the leaves have translucent patches?,0,1
63,Is there a sticky substance attracting ants?,1,1
63,Are the leaves clustered tightly together unusually?,0,1
63,Is the leaf surface rough or bumpy?,1,1
63,Are the plants less productive than usual?,1,1
63,Do you see any holes forming in the leaf blades?,0,1
63,Are the edges of the leaves curling upward?,0,1
63,Do you notice any faint yellow halos around spots?,1,1
63,Is there excessive moisture or dew on the leaves?,0,1
63,Are the leaves uneven in size and shape?,1,1
63,Do you see any leaves that look scorched or sunburned?,0,1
63,Are the leaves losing their natural shine?,0,1
63,Is there a sticky film on the leaf surface?,0,1
63,Do the affected leaves wilt faster during hot weather?,0,1
63,Are any parts of the leaf transparent or thin?,1,1
63,Do you notice any fungus-like growth near leaf stems?,1,1
63,Are the leaves changing color faster than normal?,1,1
63,Is the plant less vigorous than healthy plants?,1,1
63,Do you observe any yellowing around leaf margins?,0,1
63,Are the leaves curling unevenly or asymmetrically?,1,1
63,Do you see any spots that look oily or greasy?,0,1
64,Are the leaves turning yellow starting from the tips?,1,0
64,Do you notice any brown streaks on the leaf veins?,0,0
64,Is there a sticky residue on the leaf surface?,0,0
64,Are the leaves curling inward or downward?,1,0
64,Do you see any tiny white spots on the leaves?,0,0
64,Is there a foul or unusual smell from the leaves?,1,0
64,Are the leaf edges turning brown or dry?,1,0
64,Do the leaves have patches of light green or pale color?,1,0
64,Is the plant growth slower than usual?,1,0
64,Are the leaves falling off prematurely?,0,0
64,Do you see black fungal spots on the leaves?,0,0
64,Are ants or other insects frequently found on the leaves?,1,0
64,Is there any powdery white coating on the leaves?,0,0
64,Do you see small holes or eaten parts on the leaves?,1,0
64,Are the younger leaves affected more than older ones?,0,0
64,Is there any sticky honeydew on the underside of leaves?,0,0
64,Do the leaves feel brittle or dry to touch?,0,0
64,Are there any web-like structures on the leaves?,1,0
64,Is there any mold or mildew on the leaf surface?,0,0
64,Are the leaves drooping or wilted during the day?,0,0
64,Do you see any yellow rings or spots on the leaves?,0,0
64,Are the leaves thinner or smaller than normal?,1,0
64,Is there any rust-colored powder on the leaves?,0,0
64,Do you notice any leaf veins turning red or purple?,1,0
64,Are the leaves brittle and breaking easily?,0,0
64,Is the plant showing signs of nutrient deficiency?,0,0
64,Are there any whiteflies or aphids on the leaves?,1,0
64,Do the leaves have translucent patches?,1,0
64,Is there a sticky substance attracting ants?,1,0
64,Are the leaves clustered tightly together unusually?,1,0
64,Is the leaf surface rough or bumpy?,1,0
64,Are the plants less productive than usual?,1,0
64,Do you see any holes forming in the leaf blades?,0,0
64,Are the edges of the leaves curling upward?,0,0
64,Do you notice any faint yellow halos around spots?,0,0
64,Is there excessive moisture or dew on the leaves?,1,0
64,Are the leaves uneven in size and shape?,0,0
64,Do you see any leaves that look scorched or sunburned?,0,0
64,Are the leaves losing their natural shine?,0,0
64,Is there a sticky film on the leaf surface?,0,0
64,Do the affected leaves wilt faster during hot weather?,1,0
64,Are any parts of the leaf transparent or thin?,1,0
64,Do you notice any fungus-like growth near leaf stems?,0,0
64,Are the leaves changing color faster than normal?,1,0
64,Is the plant less vigorous than healthy plants?,1,0
64,Do you observe any yellowing around leaf margins?,1,0
64,Are the leaves curling unevenly or asymmetrically?,0,0
64,Do you see any spots that look oily or greasy?,1,0
65,Are the leaves turning yellow starting from the tips?,1,0
65,Do you notice any brown streaks on the leaf veins?,1,0
65,Is there a sticky residue on the leaf surface?,1,0
65,Are the leaves curling inward or downward?,1,0
65,Do you see any tiny white spots on the leaves?,0,0
65,Is there a foul or unusual smell from the leaves?,0,0
65,Are the leaf edges turning brown or dry?,0,0
65,Do the leaves have patches of light green or pale color?,1,0
65,Is the plant growth slower than usual?,0,0
65,Are the leaves falling off prematurely?,1,0
65,Do you see black fungal spots on the leaves?,0,0
65,Are ants or other insects frequently found on the leaves?,0,0
65,Is there any powdery white coating on the leaves?,0,0
65,Do you see small holes or eaten parts on the leaves?,1,0
65,Are the younger leaves affected more than older ones?,0,0
65,Is there any sticky honeydew on the underside of leaves?,1,0
65,Do the leaves feel brittle or dry to touch?,1,0
65,Are there any web-like structures on the leaves?,1,0
65,Is there any mold or mildew on the leaf surface?,0,0
65,Are the leaves drooping or wilted during the day?,1,0
65,Do you see any yellow rings or spots on the leaves?,0,0
65,Are the leaves thinner or smaller than normal?,1,0
65,Is there any rust-colored powder on the leaves?,0,0
65,Do you notice any leaf veins turning red or purple?,1,0
65,Are the leaves brittle and breaking easily?,0,0
65,Is the plant showing signs of nutrient deficiency?,0,0
65,Are there any whiteflies or aphids on the leaves?,0,0
65,Do the leaves have translucent patches?,1,0
65,Is there a sticky substance attracting ants?,1,0
65,Are the leaves clustered tightly together unusually?,1,0
65,Is the leaf surface rough or bumpy?,0,0
65,Are the plants less productive than usual?,1,0
65,Do you see any holes forming in the leaf blades?,0,0
65,Are the edges of the leaves curling upward?,1,0
65,Do you notice any faint yellow halos around spots?,0,0
65,Is there excessive moisture or dew on the leaves?,1,0
65,Are the leaves uneven in size and shape?,0,0
65,Do you see any leaves that look scorched or sunburned?,1,0
65,Are the leaves losing their natural shine?,0,0
65,Is there a sticky film on the leaf surface?,1,0
65,Do the affected leaves wilt faster during hot weather?,0,0
65,Are any parts of the leaf transparent or thin?,1,0
65,Do you notice any fungus-like growth near leaf stems?,0,0
65,Are the leaves changing color faster than normal?,1,0
65,Is the plant less vigorous than healthy plants?,0,0
65,Do you observe any yellowing around leaf margins?,0,0
65,Are the leaves curling unevenly or asymmetrically?,0,0
65,Do you see any spots that look oily or greasy?,0,0
66,Are the leaves turning yellow starting from the tips?,1,0
66,Do you notice any brown streaks on the leaf veins?,0,0
66,Is there a sticky residue on the leaf surface?,0,0
66,Are the leaves curling inward or downward?,1,0
66,Do you see any tiny white spots on the leaves?,0,0
66,Is there a foul or unusual smell from the leaves?,1,0
66,Are the leaf edges turning brown or dry?,0,0
66,Do the leaves have patches of light green or pale color?,1,0
66,Is the plant growth slower than usual?,0,0
66,Are the leaves falling off prematurely?,1,0
66,Do you see black fungal spots on the leaves?,0,0
66,Are ants or other insects frequently found on the leaves?,1,0
66,Is there any powdery white coating on the leaves?,0,0
66,Do you see small holes or eaten parts on the leaves?,1,0
66,Are the younger leaves affected more than older ones?,0,0
66,Is there any sticky honeydew on the underside of leaves?,1,0
66,Do the leaves feel brittle or dry to touch?,0,0
66,Are there any web-like structures on the leaves?,1,0
66,Is there any mold or mildew on the leaf surface?,1,0
66,Are the leaves drooping or wilted during the day?,0,0
66,Do you see any yellow rings or spots on the leaves?,0,0
66,Are the leaves thinner or smaller than normal?,1,0
66,Is there any rust-colored powder on the leaves?,0,0
66,Do you notice any leaf veins turning red or purple?,1,0
66,Are the leaves brittle and breaking easily?,0,0
66,Is the plant showing signs of nutrient deficiency?,0,0
66,Are there any whiteflies or aphids on the leaves?,0,0
66,Do the leaves have translucent patches?,1,0
66,Is there a sticky substance attracting ants?,0,0
66,Are the leaves clustered tightly together unusually?,1,0
66,Is the leaf surface rough or bumpy?,0,0
66,Are the plants less productive than usual?,0,0
66,Do you see any holes forming in the leaf blades?,0,0
66,Are the edges of the leaves curling upward?,1,0
66,Do you notice any faint yellow halos around spots?,0,0
66,Is there excessive moisture or dew on the leaves?,0,0
66,Are the leaves uneven in size and shape?,0,0
66,Do you see any leaves that look scorched or sunburned?,1,0
66,Are the leaves losing their natural shine?,0,0
66,Is there a sticky film on the leaf surface?,0,0
66,Do the affected leaves wilt faster during hot weather?,1,0
66,Are any parts of the leaf transparent or thin?,0,0
66,Do you notice any fungus-like growth near leaf stems?,0,0
66,Are the leaves changing color faster than normal?,1,0
66,Is the plant less vigorous than healthy plants?,0,0
66,Do you observe any yellowing around leaf margins?,1,0
66,Are the leaves curling unevenly or asymmetrically?,0,0
66,Do you see any spots that look oily or greasy?,1,0
67,Are the leaves turning yellow starting from the tips?,0,1
67,Do you notice any brown streaks on the leaf veins?,0,1
67,Is there a sticky residue on the leaf surface?,1,1
67,Are the leaves curling inward or downward?,0,1
67,Do you see any tiny white spots on the leaves?,1,1
67,Is there a foul or unusual smell from the leaves?,0,1
67,Are the leaf edges turning brown or dry?,0,1
67,Do the leaves have patches of light green or pale color?,0,1
67,Is the plant growth slower than usual?,1,1
67,Are the leaves falling off prematurely?,0,1
67,Do you see black fungal spots on the leaves?,1,1
67,Are ants or other insects frequently found on the leaves?,0,1
67,Is there any powdery white coating on the leaves?,1,1
67,Do you see small holes or eaten parts on the leaves?,0,1
67,Are the younger leaves affected more than older ones?,1,1
67,Is there any sticky honeydew on the underside of leaves?,0,1
67,Do the leaves feel brittle or dry to touch?,1,1
67,Are there any web-like structures on the leaves?,0,1
67,Is there any mold or mildew on the leaf surface?,1,1
67,Are the leaves drooping or wilted during the day?,0,1
67,Do you see any yellow rings or spots on the leaves?,1,1
67,Are the leaves thinner or smaller than normal?,0,1
67,Is there any rust-colored powder on the leaves?,0,1
67,Do you notice any leaf veins turning red or purple?,0,1
67,Are the leaves brittle and breaking easily?,1,1
67,Is the plant showing signs of nutrient deficiency?,0,1
67,Are there any whiteflies or aphids on the leaves?,1,1
67,Do the leaves have translucent patches?,0,1
67,Is there a sticky substance attracting ants?,1,1
67,Are the leaves clustered tightly together unusually?,1,1
67,Is the leaf surface rough or bumpy?,1,1
67,Are the plants less productive than usual?,0,1
67,Do you see any holes forming in the leaf blades?,1,1
67,Are the edges of the leaves curling upward?,0,1
67,Do you notice any faint yellow halos around spots?,0,1
67,Is there excessive moisture or dew on the leaves?,1,1
67,Are the leaves uneven in size and shape?,0,1
67,Do you see any leaves that look scorched or sunburned?,0,1
67,Are the leaves losing their natural shine?,1,1
67,Is there a sticky film on the leaf surface?,0,1
67,Do the affected leaves wilt faster during hot weather?,1,1
67,Are any parts of the leaf transparent or thin?,0,1
67,Do you notice any fungus-like growth near leaf stems?,0,1
67,Are the leaves changing color faster than normal?,0,1
67,Is the plant less vigorous than healthy plants?,0,1
67,Do you observe any yellowing around leaf margins?,0,1
67,Are the leaves curling unevenly or asymmetrically?,1,1
67,Do you see any spots that look oily or greasy?,0,1
68,Are the leaves turning yellow starting from the tips?,1,0
68,Do you notice any brown streaks on the leaf veins?,1,0
68,Is there a sticky residue on the leaf surface?,0,0
68,Are the leaves curling inward or downward?,1,0
68,Do you see any tiny white spots on the leaves?,0,0
68,Is there a foul or unusual smell from the leaves?,1,0
68,Are the leaf edges turning brown or dry?,1,0
68,Do the leaves have patches of light green or pale color?,0,0
68,Is the plant growth slower than usual?,0,0
68,Are the leaves falling off prematurely?,1,0
68,Do you see black fungal spots on the leaves?,0,0
68,Are ants or other insects frequently found on the leaves?,1,0
68,Is there any powdery white coating on the leaves?,0,0
68,Do you see small holes or eaten parts on the leaves?,0,0
68,Are the younger leaves affected more than older ones?,0,0
68,Is there any sticky honeydew on the underside of leaves?,1,0
68,Do the leaves feel brittle or dry to touch?,0,0
68,Are there any web-like structures on the leaves?,1,0
68,Is there any mold or mildew on the leaf surface?,0,0
68,Are the leaves drooping or wilted during the day?,0,0
68,Do you see any yellow rings or spots on the leaves?,1,0
68,Are the leaves thinner or smaller than normal?,1,0
68,Is there any rust-colored powder on the leaves?,0,0
68,Do you notice any leaf veins turning red or purple?,1,0
68,Are the leaves brittle and breaking easily?,0,0
68,Is the plant showing signs of nutrient deficiency?,1,0
68,Are there any whiteflies or aphids on the leaves?,0,0
68,Do the leaves have translucent patches?,1,0
68,Is there a sticky substance attracting ants?,0,0
68,Are the leaves clustered tightly together unusually?,1,0
68,Is the leaf surface rough or bumpy?,0,0
68,Are the plants less productive than usual?,1,0
68,Do you see any holes forming in the leaf blades?,0,0
68,Are the edges of the leaves curling upward?,1,0
68,Do you notice any faint yellow halos around spots?,0,0
68,Is there excessive moisture or dew on the leaves?,0,0
68,Are the leaves uneven in size and shape?,0,0
68,Do you see any leaves that look scorched or sunburned?,0,0
68,Are the leaves losing their natural shine?,0,0
68,Is there a sticky film on the leaf surface?,1,0
68,Do the affected leaves wilt faster during hot weather?,0,0
68,Are any parts of the leaf transparent or thin?,0,0
68,Do you notice any fungus-like growth near leaf stems?,0,0
68,Are the leaves changing color faster than normal?,1,0
68,Is the plant less vigorous than healthy plants?,0,0
68,Do you observe any yellowing around leaf margins?,1,0
68,Are the leaves curling unevenly or asymmetrically?,0,0
68,Do you see any spots that look oily or greasy?,1,0
69,Are the leaves turning yellow starting from the tips?,1,1
69,Do you notice any brown streaks on the leaf veins?,0,1
69,Is there a sticky residue on the leaf surface?,1,1
69,Are the leaves curling inward or downward?,0,1
69,Do you see any tiny white spots on the leaves?,1,1
69,Is there a foul or unusual smell from the leaves?,0,1
69,Are the leaf edges turning brown or dry?,1,1
69,Do the leaves have patches of light green or pale color?,0,1
69,Is the plant growth slower than usual?,1,1
69,Are the leaves falling off prematurely?,1,1
69,Do you see black fungal spots on the leaves?,1,1
69,Are ants or other insects frequently found on the leaves?,0,1
69,Is there any powdery white coating on the leaves?,1,1
69,Do you see small holes or eaten parts on the leaves?,0,1
69,Are the younger leaves affected more than older ones?,1,1
69,Is there any sticky honeydew on the underside of leaves?,0,1
69,Do the leaves feel brittle or dry to touch?,1,1
69,Are there any web-like structures on the leaves?,0,1
69,Is there any mold or mildew on the leaf surface?,1,1
69,Are the leaves drooping or wilted during the day?,0,1
69,Do you see any yellow rings or spots on the leaves?,0,1
69,Are the leaves thinner or smaller than normal?,0,1
69,Is there any rust-colored powder on the leaves?,0,1
69,Do you notice any leaf veins turning red or purple?,0,1
69,Are the leaves brittle and breaking easily?,1,1
69,Is the plant showing signs of nutrient deficiency?,1,1
69,Are there any whiteflies or aphids on the leaves?,1,1
69,Do the leaves have translucent patches?,1,1
69,Is there a sticky substance attracting ants?,1,1
69,Are the leaves clustered tightly together unusually?,0,1
69,Is the leaf surface rough or bumpy?,0,1
69,Are the plants less productive than usual?,0,1
69,Do you see any holes forming in the leaf blades?,1,1
69,Are the edges of the leaves curling upward?,0,1
69,Do you notice any faint yellow halos around spots?,1,1
69,Is there excessive moisture or dew on the leaves?,0,1
69,Are the leaves uneven in size and shape?,0,1
69,Do you see any leaves that look scorched or sunburned?,0,1
69,Are the leaves losing their natural shine?,1,1
69,Is there a sticky film on the leaf surface?,0,1
69,Do the affected leaves wilt faster during hot weather?,1,1
69,Are any parts of the leaf transparent or thin?,1,1
69,Do you notice any fungus-like growth near leaf stems?,1,1
69,Are the leaves changing color faster than normal?,0,1
69,Is the plant less vigorous than healthy plants?,1,1
69,Do you observe any yellowing around leaf margins?,0,1
69,Are the leaves curling unevenly or asymmetrically?,0,1
69,Do you see any spots that look oily or greasy?,0,1
70,Are the leaves turning yellow starting from the tips?,1,1
70,Do you notice any brown streaks on the leaf veins?,0,1
70,Is there a sticky residue on the leaf surface?,1,1
70,Are the leaves curling inward or downward?,0,1
70,Do you see any tiny white spots on the leaves?,1,1
70,Is there a foul or unusual smell from the leaves?,0,1
70,Are the leaf edges turning brown or dry?,1,1
70,Do the leaves have patches of light green or pale color?,0,1
70,Is the plant growth slower than usual?,0,1
70,Are the leaves falling off prematurely?,0,1
70,Do you see black fungal spots on the leaves?,1,1
70,Are ants or other insects frequently found on the leaves?,0,1
70,Is there any powdery white coating on the leaves?,0,1
70,Do you see small holes or eaten parts on the leaves?,0,1
70,Are the younger leaves affected more than older ones?,1,1
70,Is there any sticky honeydew on the underside of leaves?,0,1
70,Do the leaves feel brittle or dry to touch?,1,1
70,Are there any web-like structures on the leaves?,0,1
70,Is there any mold or mildew on the leaf surface?,1,1
70,Are the leaves drooping or wilted during the day?,0,1
70,Do you see any yellow rings or spots on the leaves?,0,1
70,Are the leaves thinner or smaller than normal?,1,1
70,Is there any rust-colored powder on the leaves?,1,1
70,Do you notice any leaf veins turning red or purple?,0,1
70,Are the leaves brittle and breaking easily?,1,1
70,Is the plant showing signs of nutrient deficiency?,0,1
70,Are there any whiteflies or aphids on the leaves?,1,1
70,Do the leaves have translucent patches?,1,1
70,Is there a sticky substance attracting ants?,1,1
70,Are the leaves clustered tightly together unusually?,0,1
70,Is the leaf surface rough or bumpy?,1,1
70,Are the plants less productive than usual?,0,1
70,Do you see any holes forming in the leaf blades?,1,1
70,Are the edges of the leaves curling upward?,0,1
70,Do you notice any faint yellow halos around spots?,0,1
70,Is there excessive moisture or dew on the leaves?,0,1
70,Are the leaves uneven in size and shape?,0,1
70,Do you see any leaves that look scorched or sunburned?,0,1
70,Are the leaves losing their natural shine?,1,1
70,Is there a sticky film on the leaf surface?,0,1
70,Do the affected leaves wilt faster during hot weather?,0,1
70,Are any parts of the leaf transparent or thin?,0,1
70,Do you notice any fungus-like growth near leaf stems?,1,1
70,Are the leaves changing color faster than normal?,0,1
70,Is the plant less vigorous than healthy plants?,0,1
70,Do you observe any yellowing around leaf margins?,1,1
70,Are the leaves curling unevenly or asymmetrically?,1,1
70,Do you see any spots that look oily or greasy?,0,1
71,Are the leaves turning yellow starting from the tips?,0,0
71,Do you notice any brown streaks on the leaf veins?,1,0
71,Is there a sticky residue on the leaf surface?,1,0
71,Are the leaves curling inward or downward?,0,0
71,Do you see any tiny white spots on the leaves?,0,0
71,Is there a foul or unusual smell from the leaves?,1,0
71,Are the leaf edges turning brown or dry?,0,0
71,Do the leaves have patches of light green or pale color?,1,0
71,Is the plant growth slower than usual?,0,0
71,Are the leaves falling off prematurely?,1,0
71,Do you see black fungal spots on the leaves?,0,0
71,Are ants or other insects frequently found on the leaves?,0,0
71,Is there any powdery white coating on the leaves?,0,0
71,Do you see small holes or eaten parts on the leaves?,1,0
71,Are the younger leaves affected more than older ones?,0,0
71,Is there any sticky honeydew on the underside of leaves?,1,0
71,Do the leaves feel brittle or dry to touch?,0,0
71,Are there any web-like structures on the leaves?,0,0
71,Is there any mold or mildew on the leaf surface?,1,0
71,Are the leaves drooping or wilted during the day?,1,0
71,Do you see any yellow rings or spots on the leaves?,0,0
71,Are the leaves thinner or smaller than normal?,1,0
71,Is there any rust-colored powder on the leaves?,0,0
71,Do you notice any leaf veins turning red or purple?,1,0
71,Are the leaves brittle and breaking easily?,0,0
71,Is the plant showing signs of nutrient deficiency?,1,0
71,Are there any whiteflies or aphids on the leaves?,0,0
71,Do the leaves have translucent patches?,1,0
71,Is there a sticky substance attracting ants?,0,0
71,Are the leaves clustered tightly together unusually?,1,0
71,Is the leaf surface rough or bumpy?,1,0
71,Are the plants less productive than usual?,1,0
71,Do you see any holes forming in the leaf blades?,0,0
71,Are the edges of the leaves curling upward?,1,0
71,Do you notice any faint yellow halos around spots?,0,0
71,Is there excessive moisture or dew on the leaves?,1,0
71,Are the leaves uneven in size and shape?,0,0
71,Do you see any leaves that look scorched or sunburned?,0,0
71,Are the leaves losing their natural shine?,0,0
71,Is there a sticky film on the leaf surface?,1,0
71,Do the affected leaves wilt faster during hot weather?,0,0
71,Are any parts of the leaf transparent or thin?,1,0
71,Do you notice any fungus-like growth near leaf stems?,0,0
71,Are the leaves changing color faster than normal?,0,0
71,Is the plant less vigorous than healthy plants?,0,0
71,Do you observe any yellowing around leaf margins?,1,0
71,Are the leaves curling unevenly or asymmetrically?,0,0
71,Do you see any spots that look oily or greasy?,1,0
72,Are the leaves turning yellow starting from the tips?,1,1
72,Do you notice any brown streaks on the leaf veins?,0,1
72,Is there a sticky residue on the leaf surface?,0,1
72,Are the leaves curling inward or downward?,0,1
72,Do you see any tiny white spots on the leaves?,0,1
72,Is there a foul or unusual smell from the leaves?,0,1
72,Are the leaf edges turning brown or dry?,1,1
72,Do the leaves have patches of light green or pale color?,0,1
72,Is the plant growth slower than usual?,1,1
72,Are the leaves falling off prematurely?,0,1
72,Do you see black fungal spots on the leaves?,1,1
72,Are ants or other insects frequently found on the leaves?,0,1
72,Is there any powdery white coating on the leaves?,0,1
72,Do you see small holes or eaten parts on the leaves?,1,1
72,Are the younger leaves affected more than older ones?,1,1
72,Is there any sticky honeydew on the underside of leaves?,0,1
72,Do the leaves feel brittle or dry to touch?,1,1
72,Are there any web-like structures on the leaves?,0,1
72,Is there any mold or mildew on the leaf surface?,0,1
72,Are the leaves drooping or wilted during the day?,0,1
72,Do you see any yellow rings or spots on the leaves?,0,1
72,Are the leaves thinner or smaller than normal?,0,1
72,Is there any rust-colored powder on the leaves?,0,1
72,Do you notice any leaf veins turning red or purple?,0,1
72,Are the leaves brittle and breaking easily?,1,1
72,Is the plant showing signs of nutrient deficiency?,0,1
72,Are there any whiteflies or aphids on the leaves?,0,1
72,Do the leaves have translucent patches?,0,1
72,Is there a sticky substance attracting ants?,1,1
72,Are the leaves clustered tightly together unusually?,0,1
72,Is the leaf surface rough or bumpy?,1,1
72,Are the plants less productive than usual?,0,1
72,Do you see any holes forming in the leaf blades?,1,1
72,Are the edges of the leaves curling upward?,1,1
72,Do you notice any faint yellow halos around spots?,1,1
72,Is there excessive moisture or dew on the leaves?,0,1
72,Are the leaves uneven in size and shape?,1,1
72,Do you see any leaves that look scorched or sunburned?,0,1
72,Are the leaves losing their natural shine?,1,1
72,Is there a sticky film on the leaf surface?,0,1
72,Do the affected leaves wilt faster during hot weather?,1,1
72,Are any parts of the leaf transparent or thin?,0,1
72,Do you notice any fungus-like growth near leaf stems?,1,1
72,Are the leaves changing color faster than normal?,1,1
72,Is the plant less vigorous than healthy plants?,0,1
72,Do you observe any yellowing around leaf margins?,0,1
72,Are the leaves curling unevenly or asymmetrically?,1,1
72,Do you see any spots that look oily or greasy?,0,1
73,Are the leaves turning yellow starting from the tips?,1,1
73,Do you notice any brown streaks on the leaf veins?,1,1
73,Is there a sticky residue on the leaf surface?,1,1
73,Are the leaves curling inward or downward?,0,1
73,Do you see any tiny white spots on the leaves?,1,1
73,Is there a foul or unusual smell from the leaves?,1,1
73,Are the leaf edges turning brown or dry?,1,1
73,Do the leaves have patches of light green or pale color?,0,1
73,Is the plant growth slower than usual?,0,1
73,Are the leaves falling off prematurely?,0,1
73,Do you see black fungal spots on the leaves?,1,1
73,Are ants or other insects frequently found on the leaves?,0,1
73,Is there any powdery white coating on the leaves?,0,1
73,Do you see small holes or eaten parts on the leaves?,0,1
73,Are the younger leaves affected more than older ones?,1,1
73,Is there any sticky honeydew on the underside of leaves?,0,1
73,Do the leaves feel brittle or dry to touch?,0,1
73,Are there any web-like structures on the leaves?,0,1
73,Is there any mold or mildew on the leaf surface?,0,1
73,Are the leaves drooping or wilted during the day?,0,1
73,Do you see any yellow rings or spots on the leaves?,1,1
73,Are the leaves thinner or smaller than normal?,0,1
73,Is there any rust-colored powder on the leaves?,1,1
73,Do you notice any leaf veins turning red or purple?,1,1
73,Are the leaves brittle and breaking easily?,0,1
73,Is the plant showing signs of nutrient deficiency?,0,1
73,Are there any whiteflies or aphids on the leaves?,1,1
73,Do the leaves have translucent patches?,0,1
73,Is there a sticky substance attracting ants?,0,1
73,Are the leaves clustered tightly together unusually?,1,1
73,Is the leaf surface rough or bumpy?,1,1
73,Are the plants less productive than usual?,0,1
73,Do you see any holes forming in the leaf blades?,1,1
73,Are the edges of the leaves curling upward?,0,1
73,Do you notice any faint yellow halos around spots?,1,1
73,Is there excessive moisture or dew on the leaves?,0,1
73,Are the leaves uneven in size and shape?,1,1
73,Do you see any leaves that look scorched or sunburned?,0,1
73,Are the leaves losing their natural shine?,1,1
73,Is there a sticky film on the leaf surface?,0,1
73,Do the affected leaves wilt faster during hot weather?,1,1
73,Are any parts of the leaf transparent or thin?,1,1
73,Do you notice any fungus-like growth near leaf stems?,1,1
73,Are the leaves changing color faster than normal?,0,1
73,Is the plant less vigorous than healthy plants?,0,1
73,Do you observe any yellowing around leaf margins?,1,1
73,Are the leaves curling unevenly or asymmetrically?,1,1
73,Do you see any spots that look oily or greasy?,0,1
74,Are the leaves turning yellow starting from the tips?,0,0
74,Do you notice any brown streaks on the leaf veins?,1,0
74,Is there a sticky residue on the leaf surface?,0,0
74,Are the leaves curling inward or downward?,1,0
74,Do you see any tiny white spots on the leaves?,0,0
74,Is there a foul or unusual smell from the leaves?,0,0
74,Are the leaf edges turning brown or dry?,1,0
74,Do the leaves have patches of light green or pale color?,1,0
74,Is the plant growth slower than usual?,0,0
74,Are the leaves falling off prematurely?,0,0
74,Do you see black fungal spots on the leaves?,0,0
74,Are ants or other insects frequently found on the leaves?,0,0
74,Is there any powdery white coating on the leaves?,0,0
74,Do you see small holes or eaten parts on the leaves?,1,0
74,Are the younger leaves affected more than older ones?,0,0
74,Is there any sticky honeydew on the underside of leaves?,1,0
74,Do the leaves feel brittle or dry to touch?,1,0
74,Are there any web-like structures on the leaves?,1,0
74,Is there any mold or mildew on the leaf surface?,0,0
74,Are the leaves drooping or wilted during the day?,1,0
74,Do you see any yellow rings or spots on the leaves?,0,0
74,Are the leaves thinner or smaller than normal?,1,0
74,Is there any rust-colored powder on the leaves?,0,0
74,Do you notice any leaf veins turning red or purple?,1,0
74,Are the leaves brittle and breaking easily?,0,0
74,Is the plant showing signs of nutrient deficiency?,1,0
74,Are there any whiteflies or aphids on the leaves?,0,0
74,Do the leaves have translucent patches?,0,0
74,Is there a sticky substance attracting ants?,0,0
74,Are the leaves clustered tightly together unusually?,1,0
74,Is the leaf surface rough or bumpy?,0,0
74,Are the plants less productive than usual?,1,0
74,Do you see any holes forming in the leaf blades?,0,0
74,Are the edges of the leaves curling upward?,1,0
74,Do you notice any faint yellow halos around spots?,0,0
74,Is there excessive moisture or dew on the leaves?,0,0
74,Are the leaves uneven in size and shape?,0,0
74,Do you see any leaves that look scorched or sunburned?,1,0
74,Are the leaves losing their natural shine?,0,0
74,Is there a sticky film on the leaf surface?,1,0
74,Do the affected leaves wilt faster during hot weather?,0,0
74,Are any parts of the leaf transparent or thin?,1,0
74,Do you notice any fungus-like growth near leaf stems?,1,0
74,Are the leaves changing color faster than normal?,1,0
74,Is the plant less vigorous than healthy plants?,0,0
74,Do you observe any yellowing around leaf margins?,1,0
74,Are the leaves curling unevenly or asymmetrically?,0,0
74,Do you see any spots that look oily or greasy?,1,0
75,Are the leaves turning yellow starting from the tips?,0,0
75,Do you notice any brown streaks on the leaf veins?,1,0
75,Is there a sticky residue on the leaf surface?,0,0
75,Are the leaves curling inward or downward?,1,0
75,Do you see any tiny white spots on the leaves?,0,0
75,Is there a foul or unusual smell from the leaves?,1,0
75,Are the leaf edges turning brown or dry?,0,0
75,Do the leaves have patches of light green or pale color?,1,0
75,Is the plant growth slower than usual?,0,0
75,Are the leaves falling off prematurely?,1,0
75,Do you see black fungal spots on the leaves?,0,0
75,Are ants or other insects frequently found on the leaves?,1,0
75,Is there any powdery white coating on the leaves?,0,0
75,Do you see small holes or eaten parts on the leaves?,1,0
75,Are the younger leaves affected more than older ones?,0,0
75,Is there any sticky honeydew on the underside of leaves?,1,0
75,Do the leaves feel brittle or dry to touch?,0,0
75,Are there any web-like structures on the leaves?,1,0
75,Is there any mold or mildew on the leaf surface?,0,0
75,Are the leaves drooping or wilted during the day?,1,0
75,Do you see any yellow rings or spots on the leaves?,0,0
75,Are the leaves thinner or smaller than normal?,0,0
75,Is there any rust-colored powder on the leaves?,0,0
75,Do you notice any leaf veins turning red or purple?,0,0
75,Are the leaves brittle and breaking easily?,0,0
75,Is the plant showing signs of nutrient deficiency?,0,0
75,Are there any whiteflies or aphids on the leaves?,0,0
75,Do the leaves have translucent patches?,1,0
75,Is there a sticky substance attracting ants?,0,0
75,Are the leaves clustered tightly together unusually?,1,0
75,Is the leaf surface rough or bumpy?,0,0
75,Are the plants less productive than usual?,0,0
75,Do you see any holes forming in the leaf blades?,0,0
75,Are the edges of the leaves curling upward?,1,0
75,Do you notice any faint yellow halos around spots?,0,0
75,Is there excessive moisture or dew on the leaves?,1,0
75,Are the leaves uneven in size and shape?,0,0
75,Do you see any leaves that look scorched or sunburned?,1,0
75,Are the leaves losing their natural shine?,0,0
75,Is there a sticky film on the leaf surface?,0,0
75,Do the affected leaves wilt faster during hot weather?,0,0
75,Are any parts of the leaf transparent or thin?,1,0
75,Do you notice any fungus-like growth near leaf stems?,0,0
75,Are the leaves changing color faster than normal?,1,0
75,Is the plant less vigorous than healthy plants?,0,0
75,Do you observe any yellowing around leaf margins?,1,0
75,Are the leaves curling unevenly or asymmetrically?,0,0
75,Do you see any spots that look oily or greasy?,1,0
76,Are the leaves turning yellow starting from the tips?,1,1
76,Do you notice any brown streaks on the leaf veins?,0,1
76,Is there a sticky residue on the leaf surface?,1,1
76,Are the leaves curling inward or downward?,1,1
76,Do you see any tiny white spots on the leaves?,1,1
76,Is there a foul or unusual smell from the leaves?,1,1
76,Are the leaf edges turning brown or dry?,1,1
76,Do the leaves have patches of light green or pale color?,1,1
76,Is the plant growth slower than usual?,1,1
76,Are the leaves falling off prematurely?,0,1
76,Do you see black fungal spots on the leaves?,1,1
76,Are ants or other insects frequently found on the leaves?,0,1
76,Is there any powdery white coating on the leaves?,1,1
76,Do you see small holes or eaten parts on the leaves?,0,1
76,Are the younger leaves affected more than older ones?,1,1
76,Is there any sticky honeydew on the underside of leaves?,0,1
76,Do the leaves feel brittle or dry to touch?,1,1
76,Are there any web-like structures on the leaves?,0,1
76,Is there any mold or mildew on the leaf surface?,1,1
76,Are the leaves drooping or wilted during the day?,0,1
76,Do you see any yellow rings or spots on the leaves?,1,1
76,Are the leaves thinner or smaller than normal?,0,1
76,Is there any rust-colored powder on the leaves?,1,1
76,Do you notice any leaf veins turning red or purple?,0,1
76,Are the leaves brittle and breaking easily?,1,1
76,Is the plant showing signs of nutrient deficiency?,0,1
76,Are there any whiteflies or aphids on the leaves?,1,1
76,Do the leaves have translucent patches?,0,1
76,Is there a sticky substance attracting ants?,1,1
76,Are the leaves clustered tightly together unusually?,0,1
76,Is the leaf surface rough or bumpy?,1,1
76,Are the plants less productive than usual?,0,1
76,Do you see any holes forming in the leaf blades?,1,1
76,Are the edges of the leaves curling upward?,0,1
76,Do you notice any faint yellow halos around spots?,0,1
76,Is there excessive moisture or dew on the leaves?,1,1
76,Are the leaves uneven in size and shape?,0,1
76,Do you see any leaves that look scorched or sunburned?,0,1
76,Are the leaves losing their natural shine?,1,1
76,Is there a sticky film on the leaf surface?,0,1
76,Do the affected leaves wilt faster during hot weather?,1,1
76,Are any parts of the leaf transparent or thin?,0,1
76,Do you notice any fungus-like growth near leaf stems?,0,1
76,Are the leaves changing color faster than normal?,0,1
76,Is the plant less vigorous than healthy plants?,1,1
76,Do you observe any yellowing around leaf margins?,0,1
76,Are the leaves curling unevenly or asymmetrically?,1,1
76,Do you see any spots that look oily or greasy?,0,1
77,Are the leaves turning yellow starting from the tips?,0,0
77,Do you notice any brown streaks on the leaf veins?,1,0
77,Is there a sticky residue on the leaf surface?,0,0
77,Are the leaves curling inward or downward?,1,0
77,Do you see any tiny white spots on the leaves?,0,0
77,Is there a foul or unusual smell from the leaves?,1,0
77,Are the leaf edges turning brown or dry?,1,0
77,Do the leaves have patches of light green or pale color?,1,0
77,Is the plant growth slower than usual?,0,0
77,Are the leaves falling off prematurely?,0,0
77,Do you see black fungal spots on the leaves?,0,0
77,Are ants or other insects frequently found on the leaves?,1,0
77,Is there any powdery white coating on the leaves?,0,0
77,Do you see small holes or eaten parts on the leaves?,1,0
77,Are the younger leaves affected more than older ones?,0,0
77,Is there any sticky honeydew on the underside of leaves?,1,0
77,Do the leaves feel brittle or dry to touch?,0,0
77,Are there any web-like structures on the leaves?,1,0
77,Is there any mold or mildew on the leaf surface?,0,0
77,Are the leaves drooping or wilted during the day?,1,0
77,Do you see any yellow rings or spots on the leaves?,0,0
77,Are the leaves thinner or smaller than normal?,0,0
77,Is there any rust-colored powder on the leaves?,1,0
77,Do you notice any leaf veins turning red or purple?,1,0
77,Are the leaves brittle and breaking easily?,0,0
77,Is the plant showing signs of nutrient deficiency?,1,0
77,Are there any whiteflies or aphids on the leaves?,0,0
77,Do the leaves have translucent patches?,1,0
77,Is there a sticky substance attracting ants?,1,0
77,Are the leaves clustered tightly together unusually?,1,0
77,Is the leaf surface rough or bumpy?,0,0
77,Are the plants less productive than usual?,1,0
77,Do you see any holes forming in the leaf blades?,0,0
77,Are the edges of the leaves curling upward?,1,0
77,Do you notice any faint yellow halos around spots?,0,0
77,Is there excessive moisture or dew on the leaves?,0,0
77,Are the leaves uneven in size and shape?,1,0
77,Do you see any leaves that look scorched or sunburned?,1,0
77,Are the leaves losing their natural shine?,0,0
77,Is there a sticky film on the leaf surface?,1,0
77,Do the affected leaves wilt faster during hot weather?,0,0
77,Are any parts of the leaf transparent or thin?,1,0
77,Do you notice any fungus-like growth near leaf stems?,0,0
77,Are the leaves changing color faster than normal?,1,0
77,Is the plant less vigorous than healthy plants?,0,0
77,Do you observe any yellowing around leaf margins?,0,0
77,Are the leaves curling unevenly or asymmetrically?,0,0
77,Do you see any spots that look oily or greasy?,0,0
78,Are the leaves turning yellow starting from the tips?,0,0
78,Do you notice any brown streaks on the leaf veins?,1,0
78,Is there a sticky residue on the leaf surface?,0,0
78,Are the leaves curling inward or downward?,0,0
78,Do you see any tiny white spots on the leaves?,0,0
78,Is there a foul or unusual smell from the leaves?,1,0
78,Are the leaf edges turning brown or dry?,1,0
78,Do the leaves have patches of light green or pale color?,1,0
78,Is the plant growth slower than usual?,1,0
78,Are the leaves falling off prematurely?,1,0
78,Do you see black fungal spots on the leaves?,1,0
78,Are ants or other insects frequently found on the leaves?,1,0
78,Is there any powdery white coating on the leaves?,0,0
78,Do you see small holes or eaten parts on the leaves?,1,0
78,Are the younger leaves affected more than older ones?,0,0
78,Is there any sticky honeydew on the underside of leaves?,1,0
78,Do the leaves feel brittle or dry to touch?,0,0
78,Are there any web-like structures on the leaves?,0,0
78,Is there any mold or mildew on the leaf surface?,0,0
78,Are the leaves drooping or wilted during the day?,0,0
78,Do you see any yellow rings or spots on the leaves?,0,0
78,Are the leaves thinner or smaller than normal?,0,0
78,Is there any rust-colored powder on the leaves?,0,0
78,Do you notice any leaf veins turning red or purple?,1,0
78,Are the leaves brittle and breaking easily?,0,0
78,Is the plant showing signs of nutrient deficiency?,1,0
78,Are there any whiteflies or aphids on the leaves?,1,0
78,Do the leaves have translucent patches?,1,0
78,Is there a sticky substance attracting ants?,0,0
78,Are the leaves clustered tightly together unusually?,1,0
78,Is the leaf surface rough or bumpy?,0,0
78,Are the plants less productive than usual?,1,0
78,Do you see any holes forming in the leaf blades?,0,0
78,Are the edges of the leaves curling upward?,1,0
78,Do you notice any faint yellow halos around spots?,0,0
78,Is there excessive moisture or dew on the leaves?,1,0
78,Are the leaves uneven in size and shape?,1,0
78,Do you see any leaves that look scorched or sunburned?,1,0
78,Are the leaves losing their natural shine?,1,0
78,Is there a sticky film on the leaf surface?,1,0
78,Do the affected leaves wilt faster during hot weather?,0,0
78,Are any parts of the leaf transparent or thin?,1,0
78,Do you notice any fungus-like growth near leaf stems?,0,0
78,Are the leaves changing color faster than normal?,1,0
78,Is the plant less vigorous than healthy plants?,0,0
78,Do you observe any yellowing around leaf margins?,0,0
78,Are the leaves curling unevenly or asymmetrically?,0,0
78,Do you see any spots that look oily or greasy?,0,0
79,Are the leaves turning yellow starting from the tips?,1,0
79,Do you notice any brown streaks on the leaf veins?,1,0
79,Is there a sticky residue on the leaf surface?,0,0
79,Are the leaves curling inward or downward?,0,0
79,Do you see any tiny white spots on the leaves?,0,0
79,Is there a foul or unusual smell from the leaves?,1,0
79,Are the leaf edges turning brown or dry?,0,0
79,Do the leaves have patches of light green or pale color?,1,0
79,Is the plant growth slower than usual?,0,0
79,Are the leaves falling off prematurely?,0,0
79,Do you see black fungal spots on the leaves?,0,0
79,Are ants or other insects frequently found on the leaves?,0,0
79,Is there any powdery white coating on the leaves?,0,0
79,Do you see small holes or eaten parts on the leaves?,0,0
79,Are the younger leaves affected more than older ones?,0,0
79,Is there any sticky honeydew on the underside of leaves?,1,0
79,Do the leaves feel brittle or dry to touch?,0,0
79,Are there any web-like structures on the leaves?,1,0
79,Is there any mold or mildew on the leaf surface?,1,0
79,Are the leaves drooping or wilted during the day?,1,0
79,Do you see any yellow rings or spots on the leaves?,0,0
79,Are the leaves thinner or smaller than normal?,0,0
79,Is there any rust-colored powder on the leaves?,1,0
79,Do you notice any leaf veins turning red or purple?,0,0
79,Are the leaves brittle and breaking easily?,0,0
79,Is the plant showing signs of nutrient deficiency?,1,0
79,Are there any whiteflies or aphids on the leaves?,0,0
79,Do the leaves have translucent patches?,0,0
79,Is there a sticky substance attracting ants?,0,0
79,Are the leaves clustered tightly together unusually?,1,0
79,Is the leaf surface rough or bumpy?,0,0
79,Are the plants less productive than usual?,1,0
79,Do you see any holes forming in the leaf blades?,0,0
79,Are the edges of the leaves curling upward?,0,0
79,Do you notice any faint yellow halos around spots?,0,0
79,Is there excessive moisture or dew on the leaves?,1,0
79,Are the leaves uneven in size and shape?,0,0
79,Do you see any leaves that look scorched or sunburned?,0,0
79,Are the leaves losing their natural shine?,0,0
79,Is there a sticky film on the leaf surface?,1,0
79,Do the affected leaves wilt faster during hot weather?,0,0
79,Are any parts of the leaf transparent or thin?,1,0
79,Do you notice any fungus-like growth near leaf stems?,0,0
79,Are the leaves changing color faster than normal?,0,0
79,Is the plant less vigorous than healthy plants?,0,0
79,Do you observe any yellowing around leaf margins?,1,0
79,Are the leaves curling unevenly or asymmetrically?,0,0
79,Do you see any spots that look oily or greasy?,1,0
80,Are the leaves turning yellow starting from the tips?,0,0
80,Do you notice any brown streaks on the leaf veins?,1,0
80,Is there a sticky residue on the leaf surface?,0,0
80,Are the leaves curling inward or downward?,0,0
80,Do you see any tiny white spots on the leaves?,0,0
80,Is there a foul or unusual smell from the leaves?,1,0
80,Are the leaf edges turning brown or dry?,0,0
80,Do the leaves have patches of light green or pale color?,1,0
80,Is the plant growth slower than usual?,1,0
80,Are the leaves falling off prematurely?,1,0
80,Do you see black fungal spots on the leaves?,0,0
80,Are ants or other insects frequently found on the leaves?,1,0
80,Is there any powdery white coating on the leaves?,0,0
80,Do you see small holes or eaten parts on the leaves?,1,0
80,Are the younger leaves affected more than older ones?,0,0
80,Is there any sticky honeydew on the underside of leaves?,0,0
80,Do the leaves feel brittle or dry to touch?,0,0
80,Are there any web-like structures on the leaves?,1,0
80,Is there any mold or mildew on the leaf surface?,0,0
80,Are the leaves drooping or wilted during the day?,1,0
80,Do you see any yellow rings or spots on the leaves?,0,0
80,Are the leaves thinner or smaller than normal?,1,0
80,Is there any rust-colored powder on the leaves?,0,0
80,Do you notice any leaf veins turning red or purple?,1,0
80,Are the leaves brittle and breaking easily?,0,0
80,Is the plant showing signs of nutrient deficiency?,1,0
80,Are there any whiteflies or aphids on the leaves?,0,0
80,Do the leaves have translucent patches?,1,0
80,Is there a sticky substance attracting ants?,0,0
80,Are the leaves clustered tightly together unusually?,1,0
80,Is the leaf surface rough or bumpy?,0,0
80,Are the plants less productive than usual?,1,0
80,Do you see any holes forming in the leaf blades?,1,0
80,Are the edges of the leaves curling upward?,1,0
80,Do you notice any faint yellow halos around spots?,1,0
80,Is there excessive moisture or dew on the leaves?,1,0
80,Are the leaves uneven in size and shape?,1,0
80,Do you see any leaves that look scorched or sunburned?,1,0
80,Are the leaves losing their natural shine?,0,0
80,Is there a sticky film on the leaf surface?,1,0
80,Do the affected leaves wilt faster during hot weather?,0,0
80,Are any parts of the leaf transparent or thin?,0,0
80,Do you notice any fungus-like growth near leaf stems?,0,0
80,Are the leaves changing color faster than normal?,1,0
80,Is the plant less vigorous than healthy plants?,0,0
80,Do you observe any yellowing around leaf margins?,1,0
80,Are the leaves curling unevenly or asymmetrically?,0,0
80,Do you see any spots that look oily or greasy?,1,0
81,Are the leaves turning yellow starting from the tips?,0,0
81,Do you notice any brown streaks on the leaf veins?,1,0
81,Is there a sticky residue on the leaf surface?,1,0
81,Are the leaves curling inward or downward?,1,0
81,Do you see any tiny white spots on the leaves?,0,0
81,Is there a foul or unusual smell from the leaves?,1,0
81,Are the leaf edges turning brown or dry?,0,0
81,Do the leaves have patches of light green or pale color?,1,0
81,Is the plant growth slower than usual?,1,0
81,Are the leaves falling off prematurely?,0,0
81,Do you see black fungal spots on the leaves?,0,0
81,Are ants or other insects frequently found on the leaves?,1,0
81,Is there any powdery white coating on the leaves?,0,0
81,Do you see small holes or eaten parts on the leaves?,1,0
81,Are the younger leaves affected more than older ones?,0,0
81,Is there any sticky honeydew on the underside of leaves?,1,0
81,Do the leaves feel brittle or dry to touch?,0,0
81,Are there any web-like structures on the leaves?,1,0
81,Is there any mold or mildew on the leaf surface?,0,0
81,Are the leaves drooping or wilted during the day?,1,0
81,Do you see any yellow rings or spots on the leaves?,0,0
81,Are the leaves thinner or smaller than normal?,1,0
81,Is there any rust-colored powder on the leaves?,1,0
81,Do you notice any leaf veins turning red or purple?,1,0
81,Are the leaves brittle and breaking easily?,0,0
81,Is the plant showing signs of nutrient deficiency?,1,0
81,Are there any whiteflies or aphids on the leaves?,1,0
81,Do the leaves have translucent patches?,0,0
81,Is there a sticky substance attracting ants?,0,0
81,Are the leaves clustered tightly together unusually?,1,0
81,Is the leaf surface rough or bumpy?,1,0
81,Are the plants less productive than usual?,1,0
81,Do you see any holes forming in the leaf blades?,0,0
81,Are the edges of the leaves curling upward?,0,0
81,Do you notice any faint yellow halos around spots?,0,0
81,Is there excessive moisture or dew on the leaves?,1,0
81,Are the leaves uneven in size and shape?,0,0
81,Do you see any leaves that look scorched or sunburned?,0,0
81,Are the leaves losing their natural shine?,0,0
81,Is there a sticky film on the leaf surface?,1,0
81,Do the affected leaves wilt faster during hot weather?,0,0
81,Are any parts of the leaf transparent or thin?,1,0
81,Do you notice any fungus-like growth near leaf stems?,0,0
81,Are the leaves changing color faster than normal?,0,0
81,Is the plant less vigorous than healthy plants?,0,0
81,Do you observe any yellowing around leaf margins?,1,0
81,Are the leaves curling unevenly or asymmetrically?,0,0
81,Do you see any spots that look oily or greasy?,1,0
82,Are the leaves turning yellow starting from the tips?,1,1
82,Do you notice any brown streaks on the leaf veins?,0,1
82,Is there a sticky residue on the leaf surface?,0,1
82,Are the leaves curling inward or downward?,0,1
82,Do you see any tiny white spots on the leaves?,1,1
82,Is there a foul or unusual smell from the leaves?,0,1
82,Are the leaf edges turning brown or dry?,1,1
82,Do the leaves have patches of light green or pale color?,0,1
82,Is the plant growth slower than usual?,1,1
82,Are the leaves falling off prematurely?,0,1
82,Do you see black fungal spots on the leaves?,1,1
82,Are ants or other insects frequently found on the leaves?,0,1
82,Is there any powdery white coating on the leaves?,0,1
82,Do you see small holes or eaten parts on the leaves?,0,1
82,Are the younger leaves affected more than older ones?,1,1
82,Is there any sticky honeydew on the underside of leaves?,1,1
82,Do the leaves feel brittle or dry to touch?,0,1
82,Are there any web-like structures on the leaves?,0,1
82,Is there any mold or mildew on the leaf surface?,0,1
82,Are the leaves drooping or wilted during the day?,0,1
82,Do you see any yellow rings or spots on the leaves?,1,1
82,Are the leaves thinner or smaller than normal?,0,1
82,Is there any rust-colored powder on the leaves?,0,1
82,Do you notice any leaf veins turning red or purple?,0,1
82,Are the leaves brittle and breaking easily?,0,1
82,Is the plant showing signs of nutrient deficiency?,0,1
82,Are there any whiteflies or aphids on the leaves?,1,1
82,Do the leaves have translucent patches?,0,1
82,Is there a sticky substance attracting ants?,0,1
82,Are the leaves clustered tightly together unusually?,1,1
82,Is the leaf surface rough or bumpy?,0,1
82,Are the plants less productive than usual?,0,1
82,Do you see any holes forming in the leaf blades?,1,1
82,Are the edges of the leaves curling upward?,1,1
82,Do you notice any faint yellow halos around spots?,1,1
82,Is there excessive moisture or dew on the leaves?,1,1
82,Are the leaves uneven in size and shape?,0,1
82,Do you see any leaves that look scorched or sunburned?,0,1
82,Are the leaves losing their natural shine?,1,1
82,Is there a sticky film on the leaf surface?,0,1
82,Do the affected leaves wilt faster during hot weather?,1,1
82,Are any parts of the leaf transparent or thin?,0,1
82,Do you notice any fungus-like growth near leaf stems?,1,1
82,Are the leaves changing color faster than normal?,0,1
82,Is the plant less vigorous than healthy plants?,1,1
82,Do you observe any yellowing around leaf margins?,1,1
82,Are the leaves curling unevenly or asymmetrically?,0,1
82,Do you see any spots that look oily or greasy?,0,1
83,Are the leaves turning yellow starting from the tips?,1,1
83,Do you notice any brown streaks on the leaf veins?,1,1
83,Is there a sticky residue on the leaf surface?,1,1
83,Are the leaves curling inward or downward?,1,1
83,Do you see any tiny white spots on the leaves?,1,1
83,Is there a foul or unusual smell from the leaves?,0,1
83,Are the leaf edges turning brown or dry?,1,1
83,Do the leaves have patches of light green or pale color?,0,1
83,Is the plant growth slower than usual?,1,1
83,Are the leaves falling off prematurely?,1,1
83,Do you see black fungal spots on the leaves?,1,1
83,Are ants or other insects frequently found on the leaves?,0,1
83,Is there any powdery white coating on the leaves?,1,1
83,Do you see small holes or eaten parts on the leaves?,1,1
83,Are the younger leaves affected more than older ones?,1,1
83,Is there any sticky honeydew on the underside of leaves?,0,1
83,Do the leaves feel brittle or dry to touch?,1,1
83,Are there any web-like structures on the leaves?,1,1
83,Is there any mold or mildew on the leaf surface?,1,1
83,Are the leaves drooping or wilted during the day?,0,1
83,Do you see any yellow rings or spots on the leaves?,1,1
83,Are the leaves thinner or smaller than normal?,1,1
83,Is there any rust-colored powder on the leaves?,0,1
83,Do you notice any leaf veins turning red or purple?,0,1
83,Are the leaves brittle and breaking easily?,1,1
83,Is the plant showing signs of nutrient deficiency?,1,1
83,Are there any whiteflies or aphids on the leaves?,1,1
83,Do the leaves have translucent patches?,0,1
83,Is there a sticky substance attracting ants?,1,1
83,Are the leaves clustered tightly together unusually?,0,1
83,Is the leaf surface rough or bumpy?,0,1
83,Are the plants less productive than usual?,0,1
83,Do you see any holes forming in the leaf blades?,1,1
83,Are the edges of the leaves curling upward?,0,1
83,Do you notice any faint yellow halos around spots?,1,1
83,Is there excessive moisture or dew on the leaves?,0,1
83,Are the leaves uneven in size and shape?,1,1
83,Do you see any leaves that look scorched or sunburned?,0,1
83,Are the leaves losing their natural shine?,1,1
83,Is there a sticky film on the leaf surface?,1,1
83,Do the affected leaves wilt faster during hot weather?,1,1
83,Are any parts of the leaf transparent or thin?,0,1
83,Do you notice any fungus-like growth near leaf stems?,1,1
83,Are the leaves changing color faster than normal?,0,1
83,Is the plant less vigorous than healthy plants?,1,1
83,Do you observe any yellowing around leaf margins?,1,1
83,Are the leaves curling unevenly or asymmetrically?,1,1
83,Do you see any spots that look oily or greasy?,0,1
84,Are the leaves turning yellow starting from the tips?,0,0
84,Do you notice any brown streaks on the leaf veins?,1,0
84,Is there a sticky residue on the leaf surface?,0,0
84,Are the leaves curling inward or downward?,1,0
84,Do you see any tiny white spots on the leaves?,1,0
84,Is there a foul or unusual smell from the leaves?,1,0
84,Are the leaf edges turning brown or dry?,0,0
84,Do the leaves have patches of light green or pale color?,1,0
84,Is the plant growth slower than usual?,0,0
84,Are the leaves falling off prematurely?,1,0
84,Do you see black fungal spots on the leaves?,1,0
84,Are ants or other insects frequently found on the leaves?,1,0
84,Is there any powdery white coating on the leaves?,0,0
84,Do you see small holes or eaten parts on the leaves?,1,0
84,Are the younger leaves affected more than older ones?,0,0
84,Is there any sticky honeydew on the underside of leaves?,1,0
84,Do the leaves feel brittle or dry to touch?,0,0
84,Are there any web-like structures on the leaves?,1,0
84,Is there any mold or mildew on the leaf surface?,0,0
84,Are the leaves drooping or wilted during the day?,1,0
84,Do you see any yellow rings or spots on the leaves?,1,0
84,Are the leaves thinner or smaller than normal?,0,0
84,Is there any rust-colored powder on the leaves?,0,0
84,Do you notice any leaf veins turning red or purple?,0,0
84,Are the leaves brittle and breaking easily?,0,0
84,Is the plant showing signs of nutrient deficiency?,1,0
84,Are there any whiteflies or aphids on the leaves?,1,0
84,Do the leaves have translucent patches?,1,0
84,Is there a sticky substance attracting ants?,0,0
84,Are the leaves clustered tightly together unusually?,1,0
84,Is the leaf surface rough or bumpy?,1,0
84,Are the plants less productive than usual?,1,0
84,Do you see any holes forming in the leaf blades?,0,0
84,Are the edges of the leaves curling upward?,1,0
84,Do you notice any faint yellow halos around spots?,0,0
84,Is there excessive moisture or dew on the leaves?,1,0
84,Are the leaves uneven in size and shape?,0,0
84,Do you see any leaves that look scorched or sunburned?,0,0
84,Are the leaves losing their natural shine?,0,0
84,Is there a sticky film on the leaf surface?,1,0
84,Do the affected leaves wilt faster during hot weather?,1,0
84,Are any parts of the leaf transparent or thin?,1,0
84,Do you notice any fungus-like growth near leaf stems?,0,0
84,Are the leaves changing color faster than normal?,1,0
84,Is the plant less vigorous than healthy plants?,1,0
84,Do you observe any yellowing around leaf margins?,1,0
84,Are the leaves curling unevenly or asymmetrically?,0,0
84,Do you see any spots that look oily or greasy?,1,0
85,Are the leaves turning yellow starting from the tips?,1,1
85,Do you notice any brown streaks on the leaf veins?,0,1
85,Is there a sticky residue on the leaf surface?,1,1
85,Are the leaves curling inward or downward?,0,1
85,Do you see any tiny white spots on the leaves?,1,1
85,Is there a foul or unusual smell from the leaves?,0,1
85,Are the leaf edges turning brown or dry?,1,1
85,Do the leaves have patches of light green or pale color?,1,1
85,Is the plant growth slower than usual?,0,1
85,Are the leaves falling off prematurely?,0,1
85,Do you see black fungal spots on the leaves?,0,1
85,Are ants or other insects frequently found on the leaves?,1,1
85,Is there any powdery white coating on the leaves?,1,1
85,Do you see small holes or eaten parts on the leaves?,0,1
85,Are the younger leaves affected more than older ones?,1,1
85,Is there any sticky honeydew on the underside of leaves?,0,1
85,Do the leaves feel brittle or dry to touch?,1,1
85,Are there any web-like structures on the leaves?,0,1
85,Is there any mold or mildew on the leaf surface?,0,1
85,Are the leaves drooping or wilted during the day?,0,1
85,Do you see any yellow rings or spots on the leaves?,1,1
85,Are the leaves thinner or smaller than normal?,0,1
85,Is there any rust-colored powder on the leaves?,1,1
85,Do you notice any leaf veins turning red or purple?,1,1
85,Are the leaves brittle and breaking easily?,1,1
85,Is the plant showing signs of nutrient deficiency?,0,1
85,Are there any whiteflies or aphids on the leaves?,1,1
85,Do the leaves have translucent patches?,0,1
85,Is there a sticky substance attracting ants?,1,1
85,Are the leaves clustered tightly together unusually?,0,1
85,Is the leaf surface rough or bumpy?,1,1
85,Are the plants less productive than usual?,1,1
85,Do you see any holes forming in the leaf blades?,1,1
85,Are the edges of the leaves curling upward?,1,1
85,Do you notice any faint yellow halos around spots?,1,1
85,Is there excessive moisture or dew on the leaves?,1,1
85,Are the leaves uneven in size and shape?,0,1
85,Do you see any leaves that look scorched or sunburned?,0,1
85,Are the leaves losing their natural shine?,1,1
85,Is there a sticky film on the leaf surface?,0,1
85,Do the affected leaves wilt faster during hot weather?,0,1
85,Are any parts of the leaf transparent or thin?,1,1
85,Do you notice any fungus-like growth near leaf stems?,1,1
85,Are the leaves changing color faster than normal?,0,1
85,Is the plant less vigorous than healthy plants?,1,1
85,Do you observe any yellowing around leaf margins?,0,1
85,Are the leaves curling unevenly or asymmetrically?,1,1
85,Do you see any spots that look oily or greasy?,0,1
86,Are the leaves turning yellow starting from the tips?,1,0
86,Do you notice any brown streaks on the leaf veins?,1,0
86,Is there a sticky residue on the leaf surface?,0,0
86,Are the leaves curling inward or downward?,1,0
86,Do you see any tiny white spots on the leaves?,0,0
86,Is there a foul or unusual smell from the leaves?,1,0
86,Are the leaf edges turning brown or dry?,0,0
86,Do the leaves have patches of light green or pale color?,1,0
86,Is the plant growth slower than usual?,0,0
86,Are the leaves falling off prematurely?,1,0
86,Do you see black fungal spots on the leaves?,0,0
86,Are ants or other insects frequently found on the leaves?,1,0
86,Is there any powdery white coating on the leaves?,0,0
86,Do you see small holes or eaten parts on the leaves?,1,0
86,Are the younger leaves affected more than older ones?,1,0
86,Is there any sticky honeydew on the underside of leaves?,1,0
86,Do the leaves feel brittle or dry to touch?,0,0
86,Are there any web-like structures on the leaves?,0,0
86,Is there any mold or mildew on the leaf surface?,0,0
86,Are the leaves drooping or wilted during the day?,0,0
86,Do you see any yellow rings or spots on the leaves?,0,0
86,Are the leaves thinner or smaller than normal?,1,0
86,Is there any rust-colored powder on the leaves?,0,0
86,Do you notice any leaf veins turning red or purple?,1,0
86,Are the leaves brittle and breaking easily?,0,0
86,Is the plant showing signs of nutrient deficiency?,1,0
86,Are there any whiteflies or aphids on the leaves?,0,0
86,Do the leaves have translucent patches?,1,0
86,Is there a sticky substance attracting ants?,0,0
86,Are the leaves clustered tightly together unusually?,1,0
86,Is the leaf surface rough or bumpy?,0,0
86,Are the plants less productive than usual?,1,0
86,Do you see any holes forming in the leaf blades?,0,0
86,Are the edges of the leaves curling upward?,1,0
86,Do you notice any faint yellow halos around spots?,0,0
86,Is there excessive moisture or dew on the leaves?,0,0
86,Are the leaves uneven in size and shape?,0,0
86,Do you see any leaves that look scorched or sunburned?,0,0
86,Are the leaves losing their natural shine?,1,0
86,Is there a sticky film on the leaf surface?,1,0
86,Do the affected leaves wilt faster during hot weather?,1,0
86,Are any parts of the leaf transparent or thin?,1,0
86,Do you notice any fungus-like growth near leaf stems?,0,0
86,Are the leaves changing color faster than normal?,1,0
86,Is the plant less vigorous than healthy plants?,0,0
86,Do you observe any yellowing around leaf margins?,1,0
86,Are the leaves curling unevenly or asymmetrically?,0,0
86,Do you see any spots that look oily or greasy?,1,0
87,Are the leaves turning yellow starting from the tips?,1,1
87,Do you notice any brown streaks on the leaf veins?,0,1
87,Is there a sticky residue on the leaf surface?,1,1
87,Are the leaves curling inward or downward?,1,1
87,Do you see any tiny white spots on the leaves?,1,1
87,Is there a foul or unusual smell from the leaves?,0,1
87,Are the leaf edges turning brown or dry?,1,1
87,Do the leaves have patches of light green or pale color?,0,1
87,Is the plant growth slower than usual?,1,1
87,Are the leaves falling off prematurely?,0,1
87,Do you see black fungal spots on the leaves?,1,1
87,Are ants or other insects frequently found on the leaves?,0,1
87,Is there any powdery white coating on the leaves?,0,1
87,Do you see small holes or eaten parts on the leaves?,0,1
87,Are the younger leaves affected more than older ones?,1,1
87,Is there any sticky honeydew on the underside of leaves?,0,1
87,Do the leaves feel brittle or dry to touch?,0,1
87,Are there any web-like structures on the leaves?,0,1
87,Is there any mold or mildew on the leaf surface?,1,1
87,Are the leaves drooping or wilted during the day?,1,1
87,Do you see any yellow rings or spots on the leaves?,1,1
87,Are the leaves thinner or smaller than normal?,0,1
87,Is there any rust-colored powder on the leaves?,1,1
87,Do you notice any leaf veins turning red or purple?,0,1
87,Are the leaves brittle and breaking easily?,1,1
87,Is the plant showing signs of nutrient deficiency?,0,1
87,Are there any whiteflies or aphids on the leaves?,1,1
87,Do the leaves have translucent patches?,0,1
87,Is there a sticky substance attracting ants?,1,1
87,Are the leaves clustered tightly together unusually?,0,1
87,Is the leaf surface rough or bumpy?,1,1
87,Are the plants less productive than usual?,0,1
87,Do you see any holes forming in the leaf blades?,1,1
87,Are the edges of the leaves curling upward?,0,1
87,Do you notice any faint yellow halos around spots?,1,1
87,Is there excessive moisture or dew on the leaves?,0,1
87,Are the leaves uneven in size and shape?,1,1
87,Do you see any leaves that look scorched or sunburned?,0,1
87,Are the leaves losing their natural shine?,0,1
87,Is there a sticky film on the leaf surface?,0,1
87,Do the affected leaves wilt faster during hot weather?,1,1
87,Are any parts of the leaf transparent or thin?,0,1
87,Do you notice any fungus-like growth near leaf stems?,1,1
87,Are the leaves changing color faster than normal?,0,1
87,Is the plant less vigorous than healthy plants?,1,1
87,Do you observe any yellowing around leaf margins?,0,1
87,Are the leaves curling unevenly or asymmetrically?,1,1
87,Do you see any spots that look oily or greasy?,0,1
88,Are the leaves turning yellow starting from the tips?,0,1
88,Do you notice any brown streaks on the leaf veins?,0,1
88,Is there a sticky residue on the leaf surface?,1,1
88,Are the leaves curling inward or downward?,1,1
88,Do you see any tiny white spots on the leaves?,0,1
88,Is there a foul or unusual smell from the leaves?,0,1
88,Are the leaf edges turning brown or dry?,1,1
88,Do the leaves have patches of light green or pale color?,1,1
88,Is the plant growth slower than usual?,1,1
88,Are the leaves falling off prematurely?,1,1
88,Do you see black fungal spots on the leaves?,1,1
88,Are ants or other insects frequently found on the leaves?,0,1
88,Is there any powdery white coating on the leaves?,0,1
88,Do you see small holes or eaten parts on the leaves?,0,1
88,Are the younger leaves affected more than older ones?,0,1
88,Is there any sticky honeydew on the underside of leaves?,0,1
88,Do the leaves feel brittle or dry to touch?,1,1
88,Are there any web-like structures on the leaves?,1,1
88,Is there any mold or mildew on the leaf surface?,1,1
88,Are the leaves drooping or wilted during the day?,0,1
88,Do you see any yellow rings or spots on the leaves?,0,1
88,Are the leaves thinner or smaller than normal?,0,1
88,Is there any rust-colored powder on the leaves?,1,1
88,Do you notice any leaf veins turning red or purple?,1,1
88,Are the leaves brittle and breaking easily?,1,1
88,Is the plant showing signs of nutrient deficiency?,0,1
88,Are there any whiteflies or aphids on the leaves?,1,1
88,Do the leaves have translucent patches?,0,1
88,Is there a sticky substance attracting ants?,1,1
88,Are the leaves clustered tightly together unusually?,1,1
88,Is the leaf surface rough or bumpy?,1,1
88,Are the plants less productive than usual?,0,1
88,Do you see any holes forming in the leaf blades?,1,1
88,Are the edges of the leaves curling upward?,0,1
88,Do you notice any faint yellow halos around spots?,1,1
88,Is there excessive moisture or dew on the leaves?,0,1
88,Are the leaves uneven in size and shape?,1,1
88,Do you see any leaves that look scorched or sunburned?,0,1
88,Are the leaves losing their natural shine?,1,1
88,Is there a sticky film on the leaf surface?,0,1
88,Do the affected leaves wilt faster during hot weather?,0,1
88,Are any parts of the leaf transparent or thin?,1,1
88,Do you notice any fungus-like growth near leaf stems?,1,1
88,Are the leaves changing color faster than normal?,0,1
88,Is the plant less vigorous than healthy plants?,1,1
88,Do you observe any yellowing around leaf margins?,1,1
88,Are the leaves curling unevenly or asymmetrically?,1,1
88,Do you see any spots that look oily or greasy?,0,1
89,Are the leaves turning yellow starting from the tips?,0,0
89,Do you notice any brown streaks on the leaf veins?,0,0
89,Is there a sticky residue on the leaf surface?,0,0
89,Are the leaves curling inward or downward?,0,0
89,Do you see any tiny white spots on the leaves?,1,0
89,Is there a foul or unusual smell from the leaves?,1,0
89,Are the leaf edges turning brown or dry?,0,0
89,Do the leaves have patches of light green or pale color?,1,0
89,Is the plant growth slower than usual?,0,0
89,Are the leaves falling off prematurely?,1,0
89,Do you see black fungal spots on the leaves?,0,0
89,Are ants or other insects frequently found on the leaves?,0,0
89,Is there any powdery white coating on the leaves?,1,0
89,Do you see small holes or eaten parts on the leaves?,1,0
89,Are the younger leaves affected more than older ones?,0,0
89,Is there any sticky honeydew on the underside of leaves?,1,0
89,Do the leaves feel brittle or dry to touch?,1,0
89,Are there any web-like structures on the leaves?,1,0
89,Is there any mold or mildew on the leaf surface?,0,0
89,Are the leaves drooping or wilted during the day?,1,0
89,Do you see any yellow rings or spots on the leaves?,0,0
89,Are the leaves thinner or smaller than normal?,1,0
89,Is there any rust-colored powder on the leaves?,1,0
89,Do you notice any leaf veins turning red or purple?,1,0
89,Are the leaves brittle and breaking easily?,0,0
89,Is the plant showing signs of nutrient deficiency?,1,0
89,Are there any whiteflies or aphids on the leaves?,0,0
89,Do the leaves have translucent patches?,1,0
89,Is there a sticky substance attracting ants?,0,0
89,Are the leaves clustered tightly together unusually?,1,0
89,Is the leaf surface rough or bumpy?,0,0
89,Are the plants less productive than usual?,1,0
89,Do you see any holes forming in the leaf blades?,0,0
89,Are the edges of the leaves curling upward?,1,0
89,Do you notice any faint yellow halos around spots?,0,0
89,Is there excessive moisture or dew on the leaves?,1,0
89,Are the leaves uneven in size and shape?,0,0
89,Do you see any leaves that look scorched or sunburned?,0,0
89,Are the leaves losing their natural shine?,1,0
89,Is there a sticky film on the leaf surface?,1,0
89,Do the affected leaves wilt faster during hot weather?,0,0
89,Are any parts of the leaf transparent or thin?,1,0
89,Do you notice any fungus-like growth near leaf stems?,0,0
89,Are the leaves changing color faster than normal?,0,0
89,Is the plant less vigorous than healthy plants?,1,0
89,Do you observe any yellowing around leaf margins?,1,0
89,Are the leaves curling unevenly or asymmetrically?,1,0
89,Do you see any spots that look oily or greasy?,0,0
90,Are the leaves turning yellow starting from the tips?,1,1
90,Do you notice any brown streaks on the leaf veins?,1,1
90,Is there a sticky residue on the leaf surface?,1,1
90,Are the leaves curling inward or downward?,0,1
90,Do you see any tiny white spots on the leaves?,0,1
90,Is there a foul or unusual smell from the leaves?,0,1
90,Are the leaf edges turning brown or dry?,1,1
90,Do the leaves have patches of light green or pale color?,0,1
90,Is the plant growth slower than usual?,0,1
90,Are the leaves falling off prematurely?,0,1
90,Do you see black fungal spots on the leaves?,1,1
90,Are ants or other insects frequently found on the leaves?,0,1
90,Is there any powdery white coating on the leaves?,1,1
90,Do you see small holes or eaten parts on the leaves?,0,1
90,Are the younger leaves affected more than older ones?,1,1
90,Is there any sticky honeydew on the underside of leaves?,0,1
90,Do the leaves feel brittle or dry to touch?,1,1
90,Are there any web-like structures on the leaves?,0,1
90,Is there any mold or mildew on the leaf surface?,1,1
90,Are the leaves drooping or wilted during the day?,0,1
90,Do you see any yellow rings or spots on the leaves?,1,1
90,Are the leaves thinner or smaller than normal?,0,1
90,Is there any rust-colored powder on the leaves?,1,1
90,Do you notice any leaf veins turning red or purple?,0,1
90,Are the leaves brittle and breaking easily?,1,1
90,Is the plant showing signs of nutrient deficiency?,0,1
90,Are there any whiteflies or aphids on the leaves?,1,1
90,Do the leaves have translucent patches?,0,1
90,Is there a sticky substance attracting ants?,1,1
90,Are the leaves clustered tightly together unusually?,0,1
90,Is the leaf surface rough or bumpy?,1,1
90,Are the plants less productive than usual?,1,1
90,Do you see any holes forming in the leaf blades?,1,1
90,Are the edges of the leaves curling upward?,0,1
90,Do you notice any faint yellow halos around spots?,0,1
90,Is there excessive moisture or dew on the leaves?,0,1
90,Are the leaves uneven in size and shape?,1,1
90,Do you see any leaves that look scorched or sunburned?,0,1
90,Are the leaves losing their natural shine?,0,1
90,Is there a sticky film on the leaf surface?,1,1
90,Do the affected leaves wilt faster during hot weather?,1,1
90,Are any parts of the leaf transparent or thin?,0,1
90,Do you notice any fungus-like growth near leaf stems?,1,1
90,Are the leaves changing color faster than normal?,0,1
90,Is the plant less vigorous than healthy plants?,1,1
90,Do you observe any yellowing around leaf margins?,1,1
90,Are the leaves curling unevenly or asymmetrically?,1,1
90,Do you see any spots that look oily or greasy?,0,1
91,Are the leaves turning yellow starting from the tips?,0,0
91,Do you notice any brown streaks on the leaf veins?,1,0
91,Is there a sticky residue on the leaf surface?,0,0
91,Are the leaves curling inward or downward?,1,0
91,Do you see any tiny white spots on the leaves?,0,0
91,Is there a foul or unusual smell from the leaves?,1,0
91,Are the leaf edges turning brown or dry?,0,0
91,Do the leaves have patches of light green or pale color?,1,0
91,Is the plant growth slower than usual?,0,0
91,Are the leaves falling off prematurely?,1,0
91,Do you see black fungal spots on the leaves?,0,0
91,Are ants or other insects frequently found on the leaves?,1,0
91,Is there any powdery white coating on the leaves?,0,0
91,Do you see small holes or eaten parts on the leaves?,1,0
91,Are the younger leaves affected more than older ones?,0,0
91,Is there any sticky honeydew on the underside of leaves?,1,0
91,Do the leaves feel brittle or dry to touch?,0,0
91,Are there any web-like structures on the leaves?,1,0
91,Is there any mold or mildew on the leaf surface?,0,0
91,Are the leaves drooping or wilted during the day?,1,0
91,Do you see any yellow rings or spots on the leaves?,0,0
91,Are the leaves thinner or smaller than normal?,1,0
91,Is there any rust-colored powder on the leaves?,1,0
91,Do you notice any leaf veins turning red or purple?,1,0
91,Are the leaves brittle and breaking easily?,0,0
91,Is the plant showing signs of nutrient deficiency?,1,0
91,Are there any whiteflies or aphids on the leaves?,0,0
91,Do the leaves have translucent patches?,0,0
91,Is there a sticky substance attracting ants?,0,0
91,Are the leaves clustered tightly together unusually?,1,0
91,Is the leaf surface rough or bumpy?,1,0
91,Are the plants less productive than usual?,1,0
91,Do you see any holes forming in the leaf blades?,0,0
91,Are the edges of the leaves curling upward?,0,0
91,Do you notice any faint yellow halos around spots?,0,0
91,Is there excessive moisture or dew on the leaves?,1,0
91,Are the leaves uneven in size and shape?,1,0
91,Do you see any leaves that look scorched or sunburned?,0,0
91,Are the leaves losing their natural shine?,1,0
91,Is there a sticky film on the leaf surface?,1,0
91,Do the affected leaves wilt faster during hot weather?,1,0
91,Are any parts of the leaf transparent or thin?,1,0
91,Do you notice any fungus-like growth near leaf stems?,0,0
91,Are the leaves changing color faster than normal?,1,0
91,Is the plant less vigorous than healthy plants?,0,0
91,Do you observe any yellowing around leaf margins?,1,0
91,Are the leaves curling unevenly or asymmetrically?,0,0
91,Do you see any spots that look oily or greasy?,1,0
92,Are the leaves turning yellow starting from the tips?,1,1
92,Do you notice any brown streaks on the leaf veins?,0,1
92,Is there a sticky residue on the leaf surface?,1,1
92,Are the leaves curling inward or downward?,0,1
92,Do you see any tiny white spots on the leaves?,0,1
92,Is there a foul or unusual smell from the leaves?,1,1
92,Are the leaf edges turning brown or dry?,1,1
92,Do the leaves have patches of light green or pale color?,0,1
92,Is the plant growth slower than usual?,1,1
92,Are the leaves falling off prematurely?,0,1
92,Do you see black fungal spots on the leaves?,1,1
92,Are ants or other insects frequently found on the leaves?,0,1
92,Is there any powdery white coating on the leaves?,1,1
92,Do you see small holes or eaten parts on the leaves?,0,1
92,Are the younger leaves affected more than older ones?,1,1
92,Is there any sticky honeydew on the underside of leaves?,0,1
92,Do the leaves feel brittle or dry to touch?,1,1
92,Are there any web-like structures on the leaves?,0,1
92,Is there any mold or mildew on the leaf surface?,1,1
92,Are the leaves drooping or wilted during the day?,0,1
92,Do you see any yellow rings or spots on the leaves?,1,1
92,Are the leaves thinner or smaller than normal?,0,1
92,Is there any rust-colored powder on the leaves?,1,1
92,Do you notice any leaf veins turning red or purple?,1,1
92,Are the leaves brittle and breaking easily?,1,1
92,Is the plant showing signs of nutrient deficiency?,0,1
92,Are there any whiteflies or aphids on the leaves?,1,1
92,Do the leaves have translucent patches?,1,1
92,Is there a sticky substance attracting ants?,1,1
92,Are the leaves clustered tightly together unusually?,0,1
92,Is the leaf surface rough or bumpy?,1,1
92,Are the plants less productive than usual?,0,1
92,Do you see any holes forming in the leaf blades?,1,1
92,Are the edges of the leaves curling upward?,0,1
92,Do you notice any faint yellow halos around spots?,1,1
92,Is there excessive moisture or dew on the leaves?,0,1
92,Are the leaves uneven in size and shape?,1,1
92,Do you see any leaves that look scorched or sunburned?,0,1
92,Are the leaves losing their natural shine?,1,1
92,Is there a sticky film on the leaf surface?,1,1
92,Do the affected leaves wilt faster during hot weather?,1,1
92,Are any parts of the leaf transparent or thin?,1,1
92,Do you notice any fungus-like growth near leaf stems?,1,1
92,Are the leaves changing color faster than normal?,0,1
92,Is the plant less vigorous than healthy plants?,1,1
92,Do you observe any yellowing around leaf margins?,0,1
92,Are the leaves curling unevenly or asymmetrically?,1,1
92,Do you see any spots that look oily or greasy?,1,1
93,Are the leaves turning yellow starting from the tips?,1,1
93,Do you notice any brown streaks on the leaf veins?,1,1
93,Is there a sticky residue on the leaf surface?,1,1
93,Are the leaves curling inward or downward?,0,1
93,Do you see any tiny white spots on the leaves?,1,1
93,Is there a foul or unusual smell from the leaves?,0,1
93,Are the leaf edges turning brown or dry?,1,1
93,Do the leaves have patches of light green or pale color?,0,1
93,Is the plant growth slower than usual?,1,1
93,Are the leaves falling off prematurely?,0,1
93,Do you see black fungal spots on the leaves?,1,1
93,Are ants or other insects frequently found on the leaves?,0,1
93,Is there any powdery white coating on the leaves?,1,1
93,Do you see small holes or eaten parts on the leaves?,1,1
93,Are the younger leaves affected more than older ones?,1,1
93,Is there any sticky honeydew on the underside of leaves?,1,1
93,Do the leaves feel brittle or dry to touch?,1,1
93,Are there any web-like structures on the leaves?,0,1
93,Is there any mold or mildew on the leaf surface?,1,1
93,Are the leaves drooping or wilted during the day?,1,1
93,Do you see any yellow rings or spots on the leaves?,1,1
93,Are the leaves thinner or smaller than normal?,1,1
93,Is there any rust-colored powder on the leaves?,1,1
93,Do you notice any leaf veins turning red or purple?,0,1
93,Are the leaves brittle and breaking easily?,1,1
93,Is the plant showing signs of nutrient deficiency?,0,1
93,Are there any whiteflies or aphids on the leaves?,1,1
93,Do the leaves have translucent patches?,0,1
93,Is there a sticky substance attracting ants?,1,1
93,Are the leaves clustered tightly together unusually?,0,1
93,Is the leaf surface rough or bumpy?,1,1
93,Are the plants less productive than usual?,0,1
93,Do you see any holes forming in the leaf blades?,1,1
93,Are the edges of the leaves curling upward?,0,1
93,Do you notice any faint yellow halos around spots?,1,1
93,Is there excessive moisture or dew on the leaves?,0,1
93,Are the leaves uneven in size and shape?,1,1
93,Do you see any leaves that look scorched or sunburned?,0,1
93,Are the leaves losing their natural shine?,1,1
93,Is there a sticky film on the leaf surface?,0,1
93,Do the affected leaves wilt faster during hot weather?,0,1
93,Are any parts of the leaf transparent or thin?,0,1
93,Do you notice any fungus-like growth near leaf stems?,1,1
93,Are the leaves changing color faster than normal?,0,1
93,Is the plant less vigorous than healthy plants?,1,1
93,Do you observe any yellowing around leaf margins?,0,1
93,Are the leaves curling unevenly or asymmetrically?,1,1
93,Do you see any spots that look oily or greasy?,0,1
94,Are the leaves turning yellow starting from the tips?,0,0
94,Do you notice any brown streaks on the leaf veins?,0,0
94,Is there a sticky residue on the leaf surface?,1,0
94,Are the leaves curling inward or downward?,1,0
94,Do you see any tiny white spots on the leaves?,0,0
94,Is there a foul or unusual smell from the leaves?,0,0
94,Are the leaf edges turning brown or dry?,0,0
94,Do the leaves have patches of light green or pale color?,1,0
94,Is the plant growth slower than usual?,0,0
94,Are the leaves falling off prematurely?,1,0
94,Do you see black fungal spots on the leaves?,0,0
94,Are ants or other insects frequently found on the leaves?,1,0
94,Is there any powdery white coating on the leaves?,0,0
94,Do you see small holes or eaten parts on the leaves?,1,0
94,Are the younger leaves affected more than older ones?,0,0
94,Is there any sticky honeydew on the underside of leaves?,1,0
94,Do the leaves feel brittle or dry to touch?,0,0
94,Are there any web-like structures on the leaves?,1,0
94,Is there any mold or mildew on the leaf surface?,0,0
94,Are the leaves drooping or wilted during the day?,0,0
94,Do you see any yellow rings or spots on the leaves?,0,0
94,Are the leaves thinner or smaller than normal?,1,0
94,Is there any rust-colored powder on the leaves?,0,0
94,Do you notice any leaf veins turning red or purple?,1,0
94,Are the leaves brittle and breaking easily?,1,0
94,Is the plant showing signs of nutrient deficiency?,1,0
94,Are there any whiteflies or aphids on the leaves?,1,0
94,Do the leaves have translucent patches?,1,0
94,Is there a sticky substance attracting ants?,1,0
94,Are the leaves clustered tightly together unusually?,1,0
94,Is the leaf surface rough or bumpy?,0,0
94,Are the plants less productive than usual?,1,0
94,Do you see any holes forming in the leaf blades?,0,0
94,Are the edges of the leaves curling upward?,1,0
94,Do you notice any faint yellow halos around spots?,0,0
94,Is there excessive moisture or dew on the leaves?,0,0
94,Are the leaves uneven in size and shape?,0,0
94,Do you see any leaves that look scorched or sunburned?,1,0
94,Are the leaves losing their natural shine?,0,0
94,Is there a sticky film on the leaf surface?,0,0
94,Do the affected leaves wilt faster during hot weather?,0,0
94,Are any parts of the leaf transparent or thin?,1,0
94,Do you notice any fungus-like growth near leaf stems?,0,0
94,Are the leaves changing color faster than normal?,0,0
94,Is the plant less vigorous than healthy plants?,0,0
94,Do you observe any yellowing around leaf margins?,1,0
94,Are the leaves curling unevenly or asymmetrically?,0,0
94,Do you see any spots that look oily or greasy?,1,0
95,Are the leaves turning yellow starting from the tips?,1,1
95,Do you notice any brown streaks on the leaf veins?,1,1
95,Is there a sticky residue on the leaf surface?,1,1
95,Are the leaves curling inward or downward?,0,1
95,Do you see any tiny white spots on the leaves?,1,1
95,Is there a foul or unusual smell from the leaves?,1,1
95,Are the leaf edges turning brown or dry?,1,1
95,Do the leaves have patches of light green or pale color?,0,1
95,Is the plant growth slower than usual?,1,1
95,Are the leaves falling off prematurely?,0,1
95,Do you see black fungal spots on the leaves?,1,1
95,Are ants or other insects frequently found on the leaves?,0,1
95,Is there any powdery white coating on the leaves?,1,1
95,Do you see small holes or eaten parts on the leaves?,0,1
95,Are the younger leaves affected more than older ones?,1,1
95,Is there any sticky honeydew on the underside of leaves?,1,1
95,Do the leaves feel brittle or dry to touch?,1,1
95,Are there any web-like structures on the leaves?,0,1
95,Is there any mold or mildew on the leaf surface?,0,1
95,Are the leaves drooping or wilted during the day?,0,1
95,Do you see any yellow rings or spots on the leaves?,1,1
95,Are the leaves thinner or smaller than normal?,0,1
95,Is there any rust-colored powder on the leaves?,1,1
95,Do you notice any leaf veins turning red or purple?,0,1
95,Are the leaves brittle and breaking easily?,0,1
95,Is the plant showing signs of nutrient deficiency?,0,1
95,Are there any whiteflies or aphids on the leaves?,1,1
95,Do the leaves have translucent patches?,0,1
95,Is there a sticky substance attracting ants?,1,1
95,Are the leaves clustered tightly together unusually?,0,1
95,Is the leaf surface rough or bumpy?,1,1
95,Are the plants less productive than usual?,0,1
95,Do you see any holes forming in the leaf blades?,1,1
95,Are the edges of the leaves curling upward?,0,1
95,Do you notice any faint yellow halos around spots?,1,1
95,Is there excessive moisture or dew on the leaves?,0,1
95,Are the leaves uneven in size and shape?,1,1
95,Do you see any leaves that look scorched or sunburned?,0,1
95,Are the leaves losing their natural shine?,0,1
95,Is there a sticky film on the leaf surface?,0,1
95,Do the affected leaves wilt faster during hot weather?,0,1
95,Are any parts of the leaf transparent or thin?,1,1
95,Do you notice any fungus-like growth near leaf stems?,1,1
95,Are the leaves changing color faster than normal?,0,1
95,Is the plant less vigorous than healthy plants?,1,1
95,Do you observe any yellowing around leaf margins?,0,1
95,Are the leaves curling unevenly or asymmetrically?,1,1
95,Do you see any spots that look oily or greasy?,0,1
96,Are the leaves turning yellow starting from the tips?,1,1
96,Do you notice any brown streaks on the leaf veins?,1,1
96,Is there a sticky residue on the leaf surface?,1,1
96,Are the leaves curling inward or downward?,0,1
96,Do you see any tiny white spots on the leaves?,1,1
96,Is there a foul or unusual smell from the leaves?,0,1
96,Are the leaf edges turning brown or dry?,1,1
96,Do the leaves have patches of light green or pale color?,0,1
96,Is the plant growth slower than usual?,1,1
96,Are the leaves falling off prematurely?,0,1
96,Do you see black fungal spots on the leaves?,1,1
96,Are ants or other insects frequently found on the leaves?,0,1
96,Is there any powdery white coating on the leaves?,1,1
96,Do you see small holes or eaten parts on the leaves?,0,1
96,Are the younger leaves affected more than older ones?,1,1
96,Is there any sticky honeydew on the underside of leaves?,0,1
96,Do the leaves feel brittle or dry to touch?,1,1
96,Are there any web-like structures on the leaves?,0,1
96,Is there any mold or mildew on the leaf surface?,1,1
96,Are the leaves drooping or wilted during the day?,0,1
96,Do you see any yellow rings or spots on the leaves?,1,1
96,Are the leaves thinner or smaller than normal?,0,1
96,Is there any rust-colored powder on the leaves?,1,1
96,Do you notice any leaf veins turning red or purple?,0,1
96,Are the leaves brittle and breaking easily?,1,1
96,Is the plant showing signs of nutrient deficiency?,0,1
96,Are there any whiteflies or aphids on the leaves?,1,1
96,Do the leaves have translucent patches?,0,1
96,Is there a sticky substance attracting ants?,1,1
96,Are the leaves clustered tightly together unusually?,0,1
96,Is the leaf surface rough or bumpy?,1,1
96,Are the plants less productive than usual?,0,1
96,Do you see any holes forming in the leaf blades?,1,1
96,Are the edges of the leaves curling upward?,0,1
96,Do you notice any faint yellow halos around spots?,1,1
96,Is there excessive moisture or dew on the leaves?,0,1
96,Are the leaves uneven in size and shape?,1,1
96,Do you see any leaves that look scorched or sunburned?,0,1
96,Are the leaves losing their natural shine?,1,1
96,Is there a sticky film on the leaf surface?,0,1
96,Do the affected leaves wilt faster during hot weather?,1,1
96,Are any parts of the leaf transparent or thin?,0,1
96,Do you notice any fungus-like growth near leaf stems?,1,1
96,Are the leaves changing color faster than normal?,0,1
96,Is the plant less vigorous than healthy plants?,1,1
96,Do you observe any yellowing around leaf margins?,0,1
96,Are the leaves curling unevenly or asymmetrically?,1,1
96,Do you see any spots that look oily or greasy?,1,1
97,Are the leaves turning yellow starting from the tips?,0,0
97,Do you notice any brown streaks on the leaf veins?,1,0
97,Is there a sticky residue on the leaf surface?,0,0
97,Are the leaves curling inward or downward?,1,0
97,Do you see any tiny white spots on the leaves?,0,0
97,Is there a foul or unusual smell from the leaves?,1,0
97,Are the leaf edges turning brown or dry?,1,0
97,Do the leaves have patches of light green or pale color?,1,0
97,Is the plant growth slower than usual?,1,0
97,Are the leaves falling off prematurely?,1,0
97,Do you see black fungal spots on the leaves?,0,0
97,Are ants or other insects frequently found on the leaves?,1,0
97,Is there any powdery white coating on the leaves?,0,0
97,Do you see small holes or eaten parts on the leaves?,1,0
97,Are the younger leaves affected more than older ones?,0,0
97,Is there any sticky honeydew on the underside of leaves?,1,0
97,Do the leaves feel brittle or dry to touch?,0,0
97,Are there any web-like structures on the leaves?,1,0
97,Is there any mold or mildew on the leaf surface?,0,0
97,Are the leaves drooping or wilted during the day?,1,0
97,Do you see any yellow rings or spots on the leaves?,1,0
97,Are the leaves thinner or smaller than normal?,1,0
97,Is there any rust-colored powder on the leaves?,0,0
97,Do you notice any leaf veins turning red or purple?,1,0
97,Are the leaves brittle and breaking easily?,1,0
97,Is the plant showing signs of nutrient deficiency?,1,0
97,Are there any whiteflies or aphids on the leaves?,0,0
97,Do the leaves have translucent patches?,1,0
97,Is there a sticky substance attracting ants?,0,0
97,Are the leaves clustered tightly together unusually?,0,0
97,Is the leaf surface rough or bumpy?,0,0
97,Are the plants less productive than usual?,1,0
97,Do you see any holes forming in the leaf blades?,0,0
97,Are the edges of the leaves curling upward?,1,0
97,Do you notice any faint yellow halos around spots?,0,0
97,Is there excessive moisture or dew on the leaves?,0,0
97,Are the leaves uneven in size and shape?,0,0
97,Do you see any leaves that look scorched or sunburned?,1,0
97,Are the leaves losing their natural shine?,0,0
97,Is there a sticky film on the leaf surface?,1,0
97,Do the affected leaves wilt faster during hot weather?,0,0
97,Are any parts of the leaf transparent or thin?,1,0
97,Do you notice any fungus-like growth near leaf stems?,0,0
97,Are the leaves changing color faster than normal?,1,0
97,Is the plant less vigorous than healthy plants?,0,0
97,Do you observe any yellowing around leaf margins?,1,0
97,Are the leaves curling unevenly or asymmetrically?,0,0
97,Do you see any spots that look oily or greasy?,1,0
98,Are the leaves turning yellow starting from the tips?,1,0
98,Do you notice any brown streaks on the leaf veins?,1,0
98,Is there a sticky residue on the leaf surface?,0,0
98,Are the leaves curling inward or downward?,1,0
98,Do you see any tiny white spots on the leaves?,0,0
98,Is there a foul or unusual smell from the leaves?,1,0
98,Are the leaf edges turning brown or dry?,0,0
98,Do the leaves have patches of light green or pale color?,1,0
98,Is the plant growth slower than usual?,0,0
98,Are the leaves falling off prematurely?,1,0
98,Do you see black fungal spots on the leaves?,0,0
98,Are ants or other insects frequently found on the leaves?,1,0
98,Is there any powdery white coating on the leaves?,0,0
98,Do you see small holes or eaten parts on the leaves?,1,0
98,Are the younger leaves affected more than older ones?,1,0
98,Is there any sticky honeydew on the underside of leaves?,1,0
98,Do the leaves feel brittle or dry to touch?,0,0
98,Are there any web-like structures on the leaves?,1,0
98,Is there any mold or mildew on the leaf surface?,0,0
98,Are the leaves drooping or wilted during the day?,1,0
98,Do you see any yellow rings or spots on the leaves?,0,0
98,Are the leaves thinner or smaller than normal?,1,0
98,Is there any rust-colored powder on the leaves?,0,0
98,Do you notice any leaf veins turning red or purple?,1,0
98,Are the leaves brittle and breaking easily?,0,0
98,Is the plant showing signs of nutrient deficiency?,0,0
98,Are there any whiteflies or aphids on the leaves?,1,0
98,Do the leaves have translucent patches?,0,0
98,Is there a sticky substance attracting ants?,0,0
98,Are the leaves clustered tightly together unusually?,1,0
98,Is the leaf surface rough or bumpy?,0,0
98,Are the plants less productive than usual?,0,0
98,Do you see any holes forming in the leaf blades?,0,0
98,Are the edges of the leaves curling upward?,1,0
98,Do you notice any faint yellow halos around spots?,0,0
98,Is there excessive moisture or dew on the leaves?,1,0
98,Are the leaves uneven in size and shape?,1,0
98,Do you see any leaves that look scorched or sunburned?,1,0
98,Are the leaves losing their natural shine?,0,0
98,Is there a sticky film on the leaf surface?,0,0
98,Do the affected leaves wilt faster during hot weather?,1,0
98,Are any parts of the leaf transparent or thin?,1,0
98,Do you notice any fungus-like growth near leaf stems?,1,0
98,Are the leaves changing color faster than normal?,1,0
98,Is the plant less vigorous than healthy plants?,1,0
98,Do you observe any yellowing around leaf margins?,1,0
98,Are the leaves curling unevenly or asymmetrically?,0,0
98,Do you see any spots that look oily or greasy?,1,0
99,Are the leaves turning yellow starting from the tips?,1,1
99,Do you notice any brown streaks on the leaf veins?,0,1
99,Is there a sticky residue on the leaf surface?,0,1
99,Are the leaves curling inward or downward?,1,1
99,Do you see any tiny white spots on the leaves?,0,1
99,Is there a foul or unusual smell from the leaves?,1,1
99,Are the leaf edges turning brown or dry?,1,1
99,Do the leaves have patches of light green or pale color?,0,1
99,Is the plant growth slower than usual?,1,1
99,Are the leaves falling off prematurely?,0,1
99,Do you see black fungal spots on the leaves?,1,1
99,Are ants or other insects frequently found on the leaves?,0,1
99,Is there any powdery white coating on the leaves?,1,1
99,Do you see small holes or eaten parts on the leaves?,0,1
99,Are the younger leaves affected more than older ones?,0,1
99,Is there any sticky honeydew on the underside of leaves?,0,1
99,Do the leaves feel brittle or dry to touch?,0,1
99,Are there any web-like structures on the leaves?,1,1
99,Is there any mold or mildew on the leaf surface?,1,1
99,Are the leaves drooping or wilted during the day?,0,1
99,Do you see any yellow rings or spots on the leaves?,1,1
99,Are the leaves thinner or smaller than normal?,0,1
99,Is there any rust-colored powder on the leaves?,0,1
99,Do you notice any leaf veins turning red or purple?,1,1
99,Are the leaves brittle and breaking easily?,1,1
99,Is the plant showing signs of nutrient deficiency?,1,1
99,Are there any whiteflies or aphids on the leaves?,1,1
99,Do the leaves have translucent patches?,0,1
99,Is there a sticky substance attracting ants?,1,1
99,Are the leaves clustered tightly together unusually?,0,1
99,Is the leaf surface rough or bumpy?,1,1
99,Are the plants less productive than usual?,0,1
99,Do you see any holes forming in the leaf blades?,1,1
99,Are the edges of the leaves curling upward?,1,1
99,Do you notice any faint yellow halos around spots?,1,1
99,Is there excessive moisture or dew on the leaves?,0,1
99,Are the leaves uneven in size and shape?,1,1
99,Do you see any leaves that look scorched or sunburned?,1,1
99,Are the leaves losing their natural shine?,1,1
99,Is there a sticky film on the leaf surface?,0,1
99,Do the affected leaves wilt faster during hot weather?,1,1
99,Are any parts of the leaf transparent or thin?,0,1
99,Do you notice any fungus-like growth near leaf stems?,0,1
99,Are the leaves changing color faster than normal?,0,1
99,Is the plant less vigorous than healthy plants?,1,1
99,Do you observe any yellowing around leaf margins?,0,1
99,Are the leaves curling unevenly or asymmetrically?,1,1
99,Do you see any spots that look oily or greasy?,0,1
100,Are the leaves turning yellow starting from the tips?,1,1
100,Do you notice any brown streaks on the leaf veins?,0,1
100,Is there a sticky residue on the leaf surface?,0,1
100,Are the leaves curling inward or downward?,0,1
100,Do you see any tiny white spots on the leaves?,1,1
100,Is there a foul or unusual smell from the leaves?,0,1
100,Are the leaf edges turning brown or dry?,1,1
100,Do the leaves have patches of light green or pale color?,0,1
100,Is the plant growth slower than usual?,1,1
100,Are the leaves falling off prematurely?,0,1
100,Do you see black fungal spots on the leaves?,0,1
100,Are ants or other insects frequently found on the leaves?,1,1
100,Is there any powdery white coating on the leaves?,1,1
100,Do you see small holes or eaten parts on the leaves?,1,1
100,Are the younger leaves affected more than older ones?,1,1
100,Is there any sticky honeydew on the underside of leaves?,0,1
100,Do the leaves feel brittle or dry to touch?,1,1
100,Are there any web-like structures on the leaves?,0,1
100,Is there any mold or mildew on the leaf surface?,1,1
100,Are the leaves drooping or wilted during the day?,1,1
100,Do you see any yellow rings or spots on the leaves?,1,1
100,Are the leaves thinner or smaller than normal?,0,1
100,Is there any rust-colored powder on the leaves?,1,1
100,Do you notice any leaf veins turning red or purple?,0,1
100,Are the leaves brittle and breaking easily?,1,1
100,Is the plant showing signs of nutrient deficiency?,0,1
100,Are there any whiteflies or aphids on the leaves?,0,1
100,Do the leaves have translucent patches?,0,1
100,Is there a sticky substance attracting ants?,1,1
100,Are the leaves clustered tightly together unusually?,0,1
100,Is the leaf surface rough or bumpy?,1,1
100,Are the plants less productive than usual?,0,1
100,Do you see any holes forming in the leaf blades?,1,1
100,Are the edges of the leaves curling upward?,1,1
100,Do you notice any faint yellow halos around spots?,1,1
100,Is there excessive moisture or dew on the leaves?,0,1
100,Are the leaves uneven in size and shape?,1,1
100,Do you see any leaves that look scorched or sunburned?,0,1
100,Are the leaves losing their natural shine?,1,1
100,Is there a sticky film on the leaf surface?,0,1
100,Do the affected leaves wilt faster during hot weather?,1,1
100,Are any parts of the leaf transparent or thin?,0,1
100,Do you notice any fungus-like growth near leaf stems?,1,1
100,Are the leaves changing color faster than normal?,0,1
100,Is the plant less vigorous than healthy plants?,0,1
100,Do you observe any yellowing around leaf margins?,0,1
100,Are the leaves curling unevenly or asymmetrically?,1,1
100,Do you see any spots that look oily or greasy?,0,1
101,Are the leaves turning yellow starting from the tips?,0,0
101,Do you notice any brown streaks on the leaf veins?,1,0
101,Is there a sticky residue on the leaf surface?,0,0
101,Are the leaves curling inward or downward?,1,0
101,Do you see any tiny white spots on the leaves?,0,0
101,Is there a foul or unusual smell from the leaves?,1,0
101,Are the leaf edges turning brown or dry?,0,0
101,Do the leaves have patches of light green or pale color?,1,0
101,Is the plant growth slower than usual?,0,0
101,Are the leaves falling off prematurely?,1,0
101,Do you see black fungal spots on the leaves?,1,0
101,Are ants or other insects frequently found on the leaves?,0,0
101,Is there any powdery white coating on the leaves?,0,0
101,Do you see small holes or eaten parts on the leaves?,1,0
101,Are the younger leaves affected more than older ones?,0,0
101,Is there any sticky honeydew on the underside of leaves?,1,0
101,Do the leaves feel brittle or dry to touch?,0,0
101,Are there any web-like structures on the leaves?,0,0
101,Is there any mold or mildew on the leaf surface?,0,0
101,Are the leaves drooping or wilted during the day?,1,0
101,Do you see any yellow rings or spots on the leaves?,0,0
101,Are the leaves thinner or smaller than normal?,0,0
101,Is there any rust-colored powder on the leaves?,0,0
101,Do you notice any leaf veins turning red or purple?,1,0
101,Are the leaves brittle and breaking easily?,0,0
101,Is the plant showing signs of nutrient deficiency?,1,0
101,Are there any whiteflies or aphids on the leaves?,0,0
101,Do the leaves have translucent patches?,1,0
101,Is there a sticky substance attracting ants?,1,0
101,Are the leaves clustered tightly together unusually?,1,0
101,Is the leaf surface rough or bumpy?,0,0
101,Are the plants less productive than usual?,1,0
101,Do you see any holes forming in the leaf blades?,0,0
101,Are the edges of the leaves curling upward?,0,0
101,Do you notice any faint yellow halos around spots?,0,0
101,Is there excessive moisture or dew on the leaves?,1,0
101,Are the leaves uneven in size and shape?,0,0
101,Do you see any leaves that look scorched or sunburned?,1,0
101,Are the leaves losing their natural shine?,0,0
101,Is there a sticky film on the leaf surface?,1,0
101,Do the affected leaves wilt faster during hot weather?,0,0
101,Are any parts of the leaf transparent or thin?,0,0
101,Do you notice any fungus-like growth near leaf stems?,0,0
101,Are the leaves changing color faster than normal?,0,0
101,Is the plant less vigorous than healthy plants?,0,0
101,Do you observe any yellowing around leaf margins?,1,0
101,Are the leaves curling unevenly or asymmetrically?,0,0
101,Do you see any spots that look oily or greasy?,0,0
102,Are the leaves turning yellow starting from the tips?,1,0
102,Do you notice any brown streaks on the leaf veins?,1,0
102,Is there a sticky residue on the leaf surface?,0,0
102,Are the leaves curling inward or downward?,1,0
102,Do you see any tiny white spots on the leaves?,1,0
102,Is there a foul or unusual smell from the leaves?,0,0
102,Are the leaf edges turning brown or dry?,0,0
102,Do the leaves have patches of light green or pale color?,1,0
102,Is the plant growth slower than usual?,0,0
102,Are the leaves falling off prematurely?,1,0
102,Do you see black fungal spots on the leaves?,0,0
102,Are ants or other insects frequently found on the leaves?,1,0
102,Is there any powdery white coating on the leaves?,0,0
102,Do you see small holes or eaten parts on the leaves?,1,0
102,Are the younger leaves affected more than older ones?,0,0
102,Is there any sticky honeydew on the underside of leaves?,1,0
102,Do the leaves feel brittle or dry to touch?,0,0
102,Are there any web-like structures on the leaves?,1,0
102,Is there any mold or mildew on the leaf surface?,1,0
102,Are the leaves drooping or wilted during the day?,1,0
102,Do you see any yellow rings or spots on the leaves?,0,0
102,Are the leaves thinner or smaller than normal?,1,0
102,Is there any rust-colored powder on the leaves?,0,0
102,Do you notice any leaf veins turning red or purple?,1,0
102,Are the leaves brittle and breaking easily?,0,0
102,Is the plant showing signs of nutrient deficiency?,1,0
102,Are there any whiteflies or aphids on the leaves?,1,0
102,Do the leaves have translucent patches?,1,0
102,Is there a sticky substance attracting ants?,1,0
102,Are the leaves clustered tightly together unusually?,1,0
102,Is the leaf surface rough or bumpy?,1,0
102,Are the plants less productive than usual?,1,0
102,Do you see any holes forming in the leaf blades?,0,0
102,Are the edges of the leaves curling upward?,1,0
102,Do you notice any faint yellow halos around spots?,0,0
102,Is there excessive moisture or dew on the leaves?,1,0
102,Are the leaves uneven in size and shape?,0,0
102,Do you see any leaves that look scorched or sunburned?,1,0
102,Are the leaves losing their natural shine?,0,0
102,Is there a sticky film on the leaf surface?,1,0
102,Do the affected leaves wilt faster during hot weather?,0,0
102,Are any parts of the leaf transparent or thin?,1,0
102,Do you notice any fungus-like growth near leaf stems?,0,0
102,Are the leaves changing color faster than normal?,0,0
102,Is the plant less vigorous than healthy plants?,0,0
102,Do you observe any yellowing around leaf margins?,1,0
102,Are the leaves curling unevenly or asymmetrically?,1,0
102,Do you see any spots that look oily or greasy?,1,0
103,Are the leaves turning yellow starting from the tips?,0,0
103,Do you notice any brown streaks on the leaf veins?,0,0
103,Is there a sticky residue on the leaf surface?,0,0
103,Are the leaves curling inward or downward?,1,0
103,Do you see any tiny white spots on the leaves?,0,0
103,Is there a foul or unusual smell from the leaves?,1,0
103,Are the leaf edges turning brown or dry?,0,0
103,Do the leaves have patches of light green or pale color?,0,0
103,Is the plant growth slower than usual?,0,0
103,Are the leaves falling off prematurely?,1,0
103,Do you see black fungal spots on the leaves?,1,0
103,Are ants or other insects frequently found on the leaves?,1,0
103,Is there any powdery white coating on the leaves?,0,0
103,Do you see small holes or eaten parts on the leaves?,1,0
103,Are the younger leaves affected more than older ones?,0,0
103,Is there any sticky honeydew on the underside of leaves?,1,0
103,Do the leaves feel brittle or dry to touch?,0,0
103,Are there any web-like structures on the leaves?,0,0
103,Is there any mold or mildew on the leaf surface?,0,0
103,Are the leaves drooping or wilted during the day?,0,0
103,Do you see any yellow rings or spots on the leaves?,1,0
103,Are the leaves thinner or smaller than normal?,1,0
103,Is there any rust-colored powder on the leaves?,0,0
103,Do you notice any leaf veins turning red or purple?,1,0
103,Are the leaves brittle and breaking easily?,1,0
103,Is the plant showing signs of nutrient deficiency?,1,0
103,Are there any whiteflies or aphids on the leaves?,0,0
103,Do the leaves have translucent patches?,0,0
103,Is there a sticky substance attracting ants?,0,0
103,Are the leaves clustered tightly together unusually?,1,0
103,Is the leaf surface rough or bumpy?,0,0
103,Are the plants less productive than usual?,0,0
103,Do you see any holes forming in the leaf blades?,0,0
103,Are the edges of the leaves curling upward?,1,0
103,Do you notice any faint yellow halos around spots?,0,0
103,Is there excessive moisture or dew on the leaves?,1,0
103,Are the leaves uneven in size and shape?,1,0
103,Do you see any leaves that look scorched or sunburned?,1,0
103,Are the leaves losing their natural shine?,0,0
103,Is there a sticky film on the leaf surface?,1,0
103,Do the affected leaves wilt faster during hot weather?,0,0
103,Are any parts of the leaf transparent or thin?,0,0
103,Do you notice any fungus-like growth near leaf stems?,0,0
103,Are the leaves changing color faster than normal?,1,0
103,Is the plant less vigorous than healthy plants?,0,0
103,Do you observe any yellowing around leaf margins?,1,0
103,Are the leaves curling unevenly or asymmetrically?,0,0
103,Do you see any spots that look oily or greasy?,1,0
104,Are the leaves turning yellow starting from the tips?,1,1
104,Do you notice any brown streaks on the leaf veins?,1,1
104,Is there a sticky residue on the leaf surface?,1,1
104,Are the leaves curling inward or downward?,0,1
104,Do you see any tiny white spots on the leaves?,0,1
104,Is there a foul or unusual smell from the leaves?,0,1
104,Are the leaf edges turning brown or dry?,1,1
104,Do the leaves have patches of light green or pale color?,0,1
104,Is the plant growth slower than usual?,1,1
104,Are the leaves falling off prematurely?,0,1
104,Do you see black fungal spots on the leaves?,1,1
104,Are ants or other insects frequently found on the leaves?,0,1
104,Is there any powdery white coating on the leaves?,1,1
104,Do you see small holes or eaten parts on the leaves?,0,1
104,Are the younger leaves affected more than older ones?,1,1
104,Is there any sticky honeydew on the underside of leaves?,0,1
104,Do the leaves feel brittle or dry to touch?,1,1
104,Are there any web-like structures on the leaves?,0,1
104,Is there any mold or mildew on the leaf surface?,1,1
104,Are the leaves drooping or wilted during the day?,0,1
104,Do you see any yellow rings or spots on the leaves?,1,1
104,Are the leaves thinner or smaller than normal?,1,1
104,Is there any rust-colored powder on the leaves?,0,1
104,Do you notice any leaf veins turning red or purple?,0,1
104,Are the leaves brittle and breaking easily?,1,1
104,Is the plant showing signs of nutrient deficiency?,0,1
104,Are there any whiteflies or aphids on the leaves?,1,1
104,Do the leaves have translucent patches?,1,1
104,Is there a sticky substance attracting ants?,0,1
104,Are the leaves clustered tightly together unusually?,0,1
104,Is the leaf surface rough or bumpy?,1,1
104,Are the plants less productive than usual?,1,1
104,Do you see any holes forming in the leaf blades?,1,1
104,Are the edges of the leaves curling upward?,0,1
104,Do you notice any faint yellow halos around spots?,1,1
104,Is there excessive moisture or dew on the leaves?,0,1
104,Are the leaves uneven in size and shape?,0,1
104,Do you see any leaves that look scorched or sunburned?,0,1
104,Are the leaves losing their natural shine?,1,1
104,Is there a sticky film on the leaf surface?,0,1
104,Do the affected leaves wilt faster during hot weather?,1,1
104,Are any parts of the leaf transparent or thin?,0,1
104,Do you notice any fungus-like growth near leaf stems?,1,1
104,Are the leaves changing color faster than normal?,0,1
104,Is the plant less vigorous than healthy plants?,1,1
104,Do you observe any yellowing around leaf margins?,1,1
104,Are the leaves curling unevenly or asymmetrically?,0,1
104,Do you see any spots that look oily or greasy?,0,1
105,Are the leaves turning yellow starting from the tips?,0,0
105,Do you notice any brown streaks on the leaf veins?,1,0
105,Is there a sticky residue on the leaf surface?,0,0
105,Are the leaves curling inward or downward?,1,0
105,Do you see any tiny white spots on the leaves?,1,0
105,Is there a foul or unusual smell from the leaves?,1,0
105,Are the leaf edges turning brown or dry?,0,0
105,Do the leaves have patches of light green or pale color?,1,0
105,Is the plant growth slower than usual?,1,0
105,Are the leaves falling off prematurely?,1,0
105,Do you see black fungal spots on the leaves?,1,0
105,Are ants or other insects frequently found on the leaves?,0,0
105,Is there any powdery white coating on the leaves?,0,0
105,Do you see small holes or eaten parts on the leaves?,1,0
105,Are the younger leaves affected more than older ones?,1,0
105,Is there any sticky honeydew on the underside of leaves?,1,0
105,Do the leaves feel brittle or dry to touch?,0,0
105,Are there any web-like structures on the leaves?,0,0
105,Is there any mold or mildew on the leaf surface?,0,0
105,Are the leaves drooping or wilted during the day?,1,0
105,Do you see any yellow rings or spots on the leaves?,0,0
105,Are the leaves thinner or smaller than normal?,1,0
105,Is there any rust-colored powder on the leaves?,0,0
105,Do you notice any leaf veins turning red or purple?,0,0
105,Are the leaves brittle and breaking easily?,0,0
105,Is the plant showing signs of nutrient deficiency?,1,0
105,Are there any whiteflies or aphids on the leaves?,0,0
105,Do the leaves have translucent patches?,1,0
105,Is there a sticky substance attracting ants?,1,0
105,Are the leaves clustered tightly together unusually?,1,0
105,Is the leaf surface rough or bumpy?,0,0
105,Are the plants less productive than usual?,1,0
105,Do you see any holes forming in the leaf blades?,1,0
105,Are the edges of the leaves curling upward?,1,0
105,Do you notice any faint yellow halos around spots?,0,0
105,Is there excessive moisture or dew on the leaves?,1,0
105,Are the leaves uneven in size and shape?,0,0
105,Do you see any leaves that look scorched or sunburned?,1,0
105,Are the leaves losing their natural shine?,0,0
105,Is there a sticky film on the leaf surface?,1,0
105,Do the affected leaves wilt faster during hot weather?,0,0
105,Are any parts of the leaf transparent or thin?,1,0
105,Do you notice any fungus-like growth near leaf stems?,0,0
105,Are the leaves changing color faster than normal?,1,0
105,Is the plant less vigorous than healthy plants?,0,0
105,Do you observe any yellowing around leaf margins?,1,0
105,Are the leaves curling unevenly or asymmetrically?,0,0
105,Do you see any spots that look oily or greasy?,1,0
106,Are the leaves turning yellow starting from the tips?,1,1
106,Do you notice any brown streaks on the leaf veins?,0,1
106,Is there a sticky residue on the leaf surface?,1,1
106,Are the leaves curling inward or downward?,0,1
106,Do you see any tiny white spots on the leaves?,1,1
106,Is there a foul or unusual smell from the leaves?,1,1
106,Are the leaf edges turning brown or dry?,1,1
106,Do the leaves have patches of light green or pale color?,1,1
106,Is the plant growth slower than usual?,0,1
106,Are the leaves falling off prematurely?,1,1
106,Do you see black fungal spots on the leaves?,1,1
106,Are ants or other insects frequently found on the leaves?,1,1
106,Is there any powdery white coating on the leaves?,1,1
106,Do you see small holes or eaten parts on the leaves?,1,1
106,Are the younger leaves affected more than older ones?,1,1
106,Is there any sticky honeydew on the underside of leaves?,0,1
106,Do the leaves feel brittle or dry to touch?,0,1
106,Are there any web-like structures on the leaves?,0,1
106,Is there any mold or mildew on the leaf surface?,1,1
106,Are the leaves drooping or wilted during the day?,1,1
106,Do you see any yellow rings or spots on the leaves?,1,1
106,Are the leaves thinner or smaller than normal?,0,1
106,Is there any rust-colored powder on the leaves?,1,1
106,Do you notice any leaf veins turning red or purple?,0,1
106,Are the leaves brittle and breaking easily?,1,1
106,Is the plant showing signs of nutrient deficiency?,1,1
106,Are there any whiteflies or aphids on the leaves?,1,1
106,Do the leaves have translucent patches?,0,1
106,Is there a sticky substance attracting ants?,0,1
106,Are the leaves clustered tightly together unusually?,1,1
106,Is the leaf surface rough or bumpy?,0,1
106,Are the plants less productive than usual?,0,1
106,Do you see any holes forming in the leaf blades?,0,1
106,Are the edges of the leaves curling upward?,0,1
106,Do you notice any faint yellow halos around spots?,0,1
106,Is there excessive moisture or dew on the leaves?,0,1
106,Are the leaves uneven in size and shape?,0,1
106,Do you see any leaves that look scorched or sunburned?,0,1
106,Are the leaves losing their natural shine?,1,1
106,Is there a sticky film on the leaf surface?,0,1
106,Do the affected leaves wilt faster during hot weather?,1,1
106,Are any parts of the leaf transparent or thin?,0,1
106,Do you notice any fungus-like growth near leaf stems?,0,1
106,Are the leaves changing color faster than normal?,0,1
106,Is the plant less vigorous than healthy plants?,1,1
106,Do you observe any yellowing around leaf margins?,0,1
106,Are the leaves curling unevenly or asymmetrically?,1,1
106,Do you see any spots that look oily or greasy?,1,1
107,Are the leaves turning yellow starting from the tips?,0,1
107,Do you notice any brown streaks on the leaf veins?,0,1
107,Is there a sticky residue on the leaf surface?,0,1
107,Are the leaves curling inward or downward?,0,1
107,Do you see any tiny white spots on the leaves?,1,1
107,Is there a foul or unusual smell from the leaves?,0,1
107,Are the leaf edges turning brown or dry?,1,1
107,Do the leaves have patches of light green or pale color?,0,1
107,Is the plant growth slower than usual?,1,1
107,Are the leaves falling off prematurely?,1,1
107,Do you see black fungal spots on the leaves?,1,1
107,Are ants or other insects frequently found on the leaves?,0,1
107,Is there any powdery white coating on the leaves?,0,1
107,Do you see small holes or eaten parts on the leaves?,0,1
107,Are the younger leaves affected more than older ones?,1,1
107,Is there any sticky honeydew on the underside of leaves?,1,1
107,Do the leaves feel brittle or dry to touch?,0,1
107,Are there any web-like structures on the leaves?,0,1
107,Is there any mold or mildew on the leaf surface?,1,1
107,Are the leaves drooping or wilted during the day?,0,1
107,Do you see any yellow rings or spots on the leaves?,1,1
107,Are the leaves thinner or smaller than normal?,0,1
107,Is there any rust-colored powder on the leaves?,1,1
107,Do you notice any leaf veins turning red or purple?,0,1
107,Are the leaves brittle and breaking easily?,1,1
107,Is the plant showing signs of nutrient deficiency?,0,1
107,Are there any whiteflies or aphids on the leaves?,1,1
107,Do the leaves have translucent patches?,0,1
107,Is there a sticky substance attracting ants?,1,1
107,Are the leaves clustered tightly together unusually?,0,1
107,Is the leaf surface rough or bumpy?,1,1
107,Are the plants less productive than usual?,0,1
107,Do you see any holes forming in the leaf blades?,1,1
107,Are the edges of the leaves curling upward?,1,1
107,Do you notice any faint yellow halos around spots?,1,1
107,Is there excessive moisture or dew on the leaves?,0,1
107,Are the leaves uneven in size and shape?,1,1
107,Do you see any leaves that look scorched or sunburned?,0,1
107,Are the leaves losing their natural shine?,1,1
107,Is there a sticky film on the leaf surface?,0,1
107,Do the affected leaves wilt faster during hot weather?,1,1
107,Are any parts of the leaf transparent or thin?,0,1
107,Do you notice any fungus-like growth near leaf stems?,1,1
107,Are the leaves changing color faster than normal?,0,1
107,Is the plant less vigorous than healthy plants?,1,1
107,Do you observe any yellowing around leaf margins?,0,1
107,Are the leaves curling unevenly or asymmetrically?,1,1
107,Do you see any spots that look oily or greasy?,1,1
108,Are the leaves turning yellow starting from the tips?,1,1
108,Do you notice any brown streaks on the leaf veins?,0,1
108,Is there a sticky residue on the leaf surface?,1,1
108,Are the leaves curling inward or downward?,0,1
108,Do you see any tiny white spots on the leaves?,0,1
108,Is there a foul or unusual smell from the leaves?,0,1
108,Are the leaf edges turning brown or dry?,1,1
108,Do the leaves have patches of light green or pale color?,1,1
108,Is the plant growth slower than usual?,0,1
108,Are the leaves falling off prematurely?,1,1
108,Do you see black fungal spots on the leaves?,1,1
108,Are ants or other insects frequently found on the leaves?,0,1
108,Is there any powdery white coating on the leaves?,1,1
108,Do you see small holes or eaten parts on the leaves?,0,1
108,Are the younger leaves affected more than older ones?,1,1
108,Is there any sticky honeydew on the underside of leaves?,0,1
108,Do the leaves feel brittle or dry to touch?,1,1
108,Are there any web-like structures on the leaves?,0,1
108,Is there any mold or mildew on the leaf surface?,1,1
108,Are the leaves drooping or wilted during the day?,0,1
108,Do you see any yellow rings or spots on the leaves?,1,1
108,Are the leaves thinner or smaller than normal?,1,1
108,Is there any rust-colored powder on the leaves?,1,1
108,Do you notice any leaf veins turning red or purple?,0,1
108,Are the leaves brittle and breaking easily?,1,1
108,Is the plant showing signs of nutrient deficiency?,1,1
108,Are there any whiteflies or aphids on the leaves?,1,1
108,Do the leaves have translucent patches?,0,1
108,Is there a sticky substance attracting ants?,1,1
108,Are the leaves clustered tightly together unusually?,1,1
108,Is the leaf surface rough or bumpy?,1,1
108,Are the plants less productive than usual?,1,1
108,Do you see any holes forming in the leaf blades?,0,1
108,Are the edges of the leaves curling upward?,0,1
108,Do you notice any faint yellow halos around spots?,1,1
108,Is there excessive moisture or dew on the leaves?,0,1
108,Are the leaves uneven in size and shape?,1,1
108,Do you see any leaves that look scorched or sunburned?,0,1
108,Are the leaves losing their natural shine?,1,1
108,Is there a sticky film on the leaf surface?,0,1
108,Do the affected leaves wilt faster during hot weather?,1,1
108,Are any parts of the leaf transparent or thin?,0,1
108,Do you notice any fungus-like growth near leaf stems?,1,1
108,Are the leaves changing color faster than normal?,0,1
108,Is the plant less vigorous than healthy plants?,0,1
108,Do you observe any yellowing around leaf margins?,1,1
108,Are the leaves curling unevenly or asymmetrically?,1,1
108,Do you see any spots that look oily or greasy?,0,1
109,Are the leaves turning yellow starting from the tips?,1,1
109,Do you notice any brown streaks on the leaf veins?,0,1
109,Is there a sticky residue on the leaf surface?,1,1
109,Are the leaves curling inward or downward?,0,1
109,Do you see any tiny white spots on the leaves?,1,1
109,Is there a foul or unusual smell from the leaves?,0,1
109,Are the leaf edges turning brown or dry?,1,1
109,Do the leaves have patches of light green or pale color?,0,1
109,Is the plant growth slower than usual?,1,1
109,Are the leaves falling off prematurely?,1,1
109,Do you see black fungal spots on the leaves?,1,1
109,Are ants or other insects frequently found on the leaves?,0,1
109,Is there any powdery white coating on the leaves?,1,1
109,Do you see small holes or eaten parts on the leaves?,0,1
109,Are the younger leaves affected more than older ones?,1,1
109,Is there any sticky honeydew on the underside of leaves?,0,1
109,Do the leaves feel brittle or dry to touch?,0,1
109,Are there any web-like structures on the leaves?,1,1
109,Is there any mold or mildew on the leaf surface?,1,1
109,Are the leaves drooping or wilted during the day?,1,1
109,Do you see any yellow rings or spots on the leaves?,0,1
109,Are the leaves thinner or smaller than normal?,0,1
109,Is there any rust-colored powder on the leaves?,0,1
109,Do you notice any leaf veins turning red or purple?,0,1
109,Are the leaves brittle and breaking easily?,1,1
109,Is the plant showing signs of nutrient deficiency?,0,1
109,Are there any whiteflies or aphids on the leaves?,0,1
109,Do the leaves have translucent patches?,0,1
109,Is there a sticky substance attracting ants?,0,1
109,Are the leaves clustered tightly together unusually?,0,1
109,Is the leaf surface rough or bumpy?,1,1
109,Are the plants less productive than usual?,0,1
109,Do you see any holes forming in the leaf blades?,1,1
109,Are the edges of the leaves curling upward?,1,1
109,Do you notice any faint yellow halos around spots?,1,1
109,Is there excessive moisture or dew on the leaves?,0,1
109,Are the leaves uneven in size and shape?,1,1
109,Do you see any leaves that look scorched or sunburned?,0,1
109,Are the leaves losing their natural shine?,1,1
109,Is there a sticky film on the leaf surface?,0,1
109,Do the affected leaves wilt faster during hot weather?,1,1
109,Are any parts of the leaf transparent or thin?,0,1
109,Do you notice any fungus-like growth near leaf stems?,1,1
109,Are the leaves changing color faster than normal?,0,1
109,Is the plant less vigorous than healthy plants?,1,1
109,Do you observe any yellowing around leaf margins?,0,1
109,Are the leaves curling unevenly or asymmetrically?,1,1
109,Do you see any spots that look oily or greasy?,0,1
110,Are the leaves turning yellow starting from the tips?,0,0
110,Do you notice any brown streaks on the leaf veins?,1,0
110,Is there a sticky residue on the leaf surface?,0,0
110,Are the leaves curling inward or downward?,1,0
110,Do you see any tiny white spots on the leaves?,0,0
110,Is there a foul or unusual smell from the leaves?,1,0
110,Are the leaf edges turning brown or dry?,0,0
110,Do the leaves have patches of light green or pale color?,0,0
110,Is the plant growth slower than usual?,0,0
110,Are the leaves falling off prematurely?,1,0
110,Do you see black fungal spots on the leaves?,1,0
110,Are ants or other insects frequently found on the leaves?,1,0
110,Is there any powdery white coating on the leaves?,0,0
110,Do you see small holes or eaten parts on the leaves?,0,0
110,Are the younger leaves affected more than older ones?,0,0
110,Is there any sticky honeydew on the underside of leaves?,0,0
110,Do the leaves feel brittle or dry to touch?,1,0
110,Are there any web-like structures on the leaves?,1,0
110,Is there any mold or mildew on the leaf surface?,0,0
110,Are the leaves drooping or wilted during the day?,1,0
110,Do you see any yellow rings or spots on the leaves?,0,0
110,Are the leaves thinner or smaller than normal?,1,0
110,Is there any rust-colored powder on the leaves?,0,0
110,Do you notice any leaf veins turning red or purple?,1,0
110,Are the leaves brittle and breaking easily?,0,0
110,Is the plant showing signs of nutrient deficiency?,1,0
110,Are there any whiteflies or aphids on the leaves?,0,0
110,Do the leaves have translucent patches?,0,0
110,Is there a sticky substance attracting ants?,0,0
110,Are the leaves clustered tightly together unusually?,1,0
110,Is the leaf surface rough or bumpy?,0,0
110,Are the plants less productive than usual?,1,0
110,Do you see any holes forming in the leaf blades?,1,0
110,Are the edges of the leaves curling upward?,0,0
110,Do you notice any faint yellow halos around spots?,0,0
110,Is there excessive moisture or dew on the leaves?,1,0
110,Are the leaves uneven in size and shape?,0,0
110,Do you see any leaves that look scorched or sunburned?,0,0
110,Are the leaves losing their natural shine?,0,0
110,Is there a sticky film on the leaf surface?,1,0
110,Do the affected leaves wilt faster during hot weather?,0,0
110,Are any parts of the leaf transparent or thin?,1,0
110,Do you notice any fungus-like growth near leaf stems?,0,0
110,Are the leaves changing color faster than normal?,1,0
110,Is the plant less vigorous than healthy plants?,0,0
110,Do you observe any yellowing around leaf margins?,1,0
110,Are the leaves curling unevenly or asymmetrically?,0,0
110,Do you see any spots that look oily or greasy?,1,0
111,Are the leaves turning yellow starting from the tips?,0,0
111,Do you notice any brown streaks on the leaf veins?,1,0
111,Is there a sticky residue on the leaf surface?,1,0
111,Are the leaves curling inward or downward?,1,0
111,Do you see any tiny white spots on the leaves?,0,0
111,Is there a foul or unusual smell from the leaves?,1,0
111,Are the leaf edges turning brown or dry?,0,0
111,Do the leaves have patches of light green or pale color?,1,0
111,Is the plant growth slower than usual?,0,0
111,Are the leaves falling off prematurely?,1,0
111,Do you see black fungal spots on the leaves?,0,0
111,Are ants or other insects frequently found on the leaves?,1,0
111,Is there any powdery white coating on the leaves?,0,0
111,Do you see small holes or eaten parts on the leaves?,1,0
111,Are the younger leaves affected more than older ones?,0,0
111,Is there any sticky honeydew on the underside of leaves?,1,0
111,Do the leaves feel brittle or dry to touch?,0,0
111,Are there any web-like structures on the leaves?,1,0
111,Is there any mold or mildew on the leaf surface?,0,0
111,Are the leaves drooping or wilted during the day?,0,0
111,Do you see any yellow rings or spots on the leaves?,0,0
111,Are the leaves thinner or smaller than normal?,0,0
111,Is there any rust-colored powder on the leaves?,0,0
111,Do you notice any leaf veins turning red or purple?,1,0
111,Are the leaves brittle and breaking easily?,1,0
111,Is the plant showing signs of nutrient deficiency?,0,0
111,Are there any whiteflies or aphids on the leaves?,0,0
111,Do the leaves have translucent patches?,1,0
111,Is there a sticky substance attracting ants?,0,0
111,Are the leaves clustered tightly together unusually?,1,0
111,Is the leaf surface rough or bumpy?,0,0
111,Are the plants less productive than usual?,1,0
111,Do you see any holes forming in the leaf blades?,0,0
111,Are the edges of the leaves curling upward?,1,0
111,Do you notice any faint yellow halos around spots?,0,0
111,Is there excessive moisture or dew on the leaves?,1,0
111,Are the leaves uneven in size and shape?,0,0
111,Do you see any leaves that look scorched or sunburned?,1,0
111,Are the leaves losing their natural shine?,1,0
111,Is there a sticky film on the leaf surface?,1,0
111,Do the affected leaves wilt faster during hot weather?,0,0
111,Are any parts of the leaf transparent or thin?,1,0
111,Do you notice any fungus-like growth near leaf stems?,0,0
111,Are the leaves changing color faster than normal?,1,0
111,Is the plant less vigorous than healthy plants?,0,0
111,Do you observe any yellowing around leaf margins?,1,0
111,Are the leaves curling unevenly or asymmetrically?,0,0
111,Do you see any spots that look oily or greasy?,1,0
112,Are the leaves turning yellow starting from the tips?,1,1
112,Do you notice any brown streaks on the leaf veins?,0,1
112,Is there a sticky residue on the leaf surface?,1,1
112,Are the leaves curling inward or downward?,0,1
112,Do you see any tiny white spots on the leaves?,1,1
112,Is there a foul or unusual smell from the leaves?,0,1
112,Are the leaf edges turning brown or dry?,1,1
112,Do the leaves have patches of light green or pale color?,1,1
112,Is the plant growth slower than usual?,1,1
112,Are the leaves falling off prematurely?,0,1
112,Do you see black fungal spots on the leaves?,0,1
112,Are ants or other insects frequently found on the leaves?,0,1
112,Is there any powdery white coating on the leaves?,1,1
112,Do you see small holes or eaten parts on the leaves?,1,1
112,Are the younger leaves affected more than older ones?,1,1
112,Is there any sticky honeydew on the underside of leaves?,1,1
112,Do the leaves feel brittle or dry to touch?,1,1
112,Are there any web-like structures on the leaves?,0,1
112,Is there any mold or mildew on the leaf surface?,1,1
112,Are the leaves drooping or wilted during the day?,1,1
112,Do you see any yellow rings or spots on the leaves?,1,1
112,Are the leaves thinner or smaller than normal?,0,1
112,Is there any rust-colored powder on the leaves?,1,1
112,Do you notice any leaf veins turning red or purple?,0,1
112,Are the leaves brittle and breaking easily?,1,1
112,Is the plant showing signs of nutrient deficiency?,0,1
112,Are there any whiteflies or aphids on the leaves?,0,1
112,Do the leaves have translucent patches?,0,1
112,Is there a sticky substance attracting ants?,0,1
112,Are the leaves clustered tightly together unusually?,0,1
112,Is the leaf surface rough or bumpy?,1,1
112,Are the plants less productive than usual?,0,1
112,Do you see any holes forming in the leaf blades?,1,1
112,Are the edges of the leaves curling upward?,0,1
112,Do you notice any faint yellow halos around spots?,0,1
112,Is there excessive moisture or dew on the leaves?,0,1
112,Are the leaves uneven in size and shape?,1,1
112,Do you see any leaves that look scorched or sunburned?,0,1
112,Are the leaves losing their natural shine?,0,1
112,Is there a sticky film on the leaf surface?,0,1
112,Do the affected leaves wilt faster during hot weather?,1,1
112,Are any parts of the leaf transparent or thin?,0,1
112,Do you notice any fungus-like growth near leaf stems?,1,1
112,Are the leaves changing color faster than normal?,0,1
112,Is the plant less vigorous than healthy plants?,1,1
112,Do you observe any yellowing around leaf margins?,0,1
112,Are the leaves curling unevenly or asymmetrically?,1,1
112,Do you see any spots that look oily or greasy?,0,1
113,Are the leaves turning yellow starting from the tips?,1,0
113,Do you notice any brown streaks on the leaf veins?,0,0
113,Is there a sticky residue on the leaf surface?,0,0
113,Are the leaves curling inward or downward?,1,0
113,Do you see any tiny white spots on the leaves?,0,0
113,Is there a foul or unusual smell from the leaves?,0,0
113,Are the leaf edges turning brown or dry?,0,0
113,Do the leaves have patches of light green or pale color?,1,0
113,Is the plant growth slower than usual?,1,0
113,Are the leaves falling off prematurely?,1,0
113,Do you see black fungal spots on the leaves?,1,0
113,Are ants or other insects frequently found on the leaves?,0,0
113,Is there any powdery white coating on the leaves?,0,0
113,Do you see small holes or eaten parts on the leaves?,1,0
113,Are the younger leaves affected more than older ones?,0,0
113,Is there any sticky honeydew on the underside of leaves?,1,0
113,Do the leaves feel brittle or dry to touch?,0,0
113,Are there any web-like structures on the leaves?,0,0
113,Is there any mold or mildew on the leaf surface?,0,0
113,Are the leaves drooping or wilted during the day?,1,0
113,Do you see any yellow rings or spots on the leaves?,1,0
113,Are the leaves thinner or smaller than normal?,1,0
113,Is there any rust-colored powder on the leaves?,1,0
113,Do you notice any leaf veins turning red or purple?,0,0
113,Are the leaves brittle and breaking easily?,1,0
113,Is the plant showing signs of nutrient deficiency?,1,0
113,Are there any whiteflies or aphids on the leaves?,0,0
113,Do the leaves have translucent patches?,1,0
113,Is there a sticky substance attracting ants?,0,0
113,Are the leaves clustered tightly together unusually?,1,0
113,Is the leaf surface rough or bumpy?,0,0
113,Are the plants less productive than usual?,1,0
113,Do you see any holes forming in the leaf blades?,0,0
113,Are the edges of the leaves curling upward?,1,0
113,Do you notice any faint yellow halos around spots?,0,0
113,Is there excessive moisture or dew on the leaves?,1,0
113,Are the leaves uneven in size and shape?,0,0
113,Do you see any leaves that look scorched or sunburned?,1,0
113,Are the leaves losing their natural shine?,0,0
113,Is there a sticky film on the leaf surface?,1,0
113,Do the affected leaves wilt faster during hot weather?,0,0
113,Are any parts of the leaf transparent or thin?,1,0
113,Do you notice any fungus-like growth near leaf stems?,1,0
113,Are the leaves changing color faster than normal?,0,0
113,Is the plant less vigorous than healthy plants?,1,0
113,Do you observe any yellowing around leaf margins?,1,0
113,Are the leaves curling unevenly or asymmetrically?,1,0
113,Do you see any spots that look oily or greasy?,1,0
114,Are the leaves turning yellow starting from the tips?,0,0
114,Do you notice any brown streaks on the leaf veins?,1,0
114,Is there a sticky residue on the leaf surface?,1,0
114,Are the leaves curling inward or downward?,0,0
114,Do you see any tiny white spots on the leaves?,0,0
114,Is there a foul or unusual smell from the leaves?,1,0
114,Are the leaf edges turning brown or dry?,0,0
114,Do the leaves have patches of light green or pale color?,1,0
114,Is the plant growth slower than usual?,0,0
114,Are the leaves falling off prematurely?,1,0
114,Do you see black fungal spots on the leaves?,0,0
114,Are ants or other insects frequently found on the leaves?,1,0
114,Is there any powdery white coating on the leaves?,0,0
114,Do you see small holes or eaten parts on the leaves?,1,0
114,Are the younger leaves affected more than older ones?,1,0
114,Is there any sticky honeydew on the underside of leaves?,1,0
114,Do the leaves feel brittle or dry to touch?,0,0
114,Are there any web-like structures on the leaves?,1,0
114,Is there any mold or mildew on the leaf surface?,1,0
114,Are the leaves drooping or wilted during the day?,1,0
114,Do you see any yellow rings or spots on the leaves?,0,0
114,Are the leaves thinner or smaller than normal?,1,0
114,Is there any rust-colored powder on the leaves?,0,0
114,Do you notice any leaf veins turning red or purple?,1,0
114,Are the leaves brittle and breaking easily?,0,0
114,Is the plant showing signs of nutrient deficiency?,1,0
114,Are there any whiteflies or aphids on the leaves?,1,0
114,Do the leaves have translucent patches?,1,0
114,Is there a sticky substance attracting ants?,0,0
114,Are the leaves clustered tightly together unusually?,1,0
114,Is the leaf surface rough or bumpy?,1,0
114,Are the plants less productive than usual?,1,0
114,Do you see any holes forming in the leaf blades?,0,0
114,Are the edges of the leaves curling upward?,1,0
114,Do you notice any faint yellow halos around spots?,0,0
114,Is there excessive moisture or dew on the leaves?,0,0
114,Are the leaves uneven in size and shape?,0,0
114,Do you see any leaves that look scorched or sunburned?,1,0
114,Are the leaves losing their natural shine?,0,0
114,Is there a sticky film on the leaf surface?,1,0
114,Do the affected leaves wilt faster during hot weather?,0,0
114,Are any parts of the leaf transparent or thin?,0,0
114,Do you notice any fungus-like growth near leaf stems?,0,0
114,Are the leaves changing color faster than normal?,1,0
114,Is the plant less vigorous than healthy plants?,1,0
114,Do you observe any yellowing around leaf margins?,1,0
114,Are the leaves curling unevenly or asymmetrically?,0,0
114,Do you see any spots that look oily or greasy?,0,0
115,Are the leaves turning yellow starting from the tips?,1,0
115,Do you notice any brown streaks on the leaf veins?,1,0
115,Is there a sticky residue on the leaf surface?,0,0
115,Are the leaves curling inward or downward?,1,0
115,Do you see any tiny white spots on the leaves?,0,0
115,Is there a foul or unusual smell from the leaves?,1,0
115,Are the leaf edges turning brown or dry?,0,0
115,Do the leaves have patches of light green or pale color?,1,0
115,Is the plant growth slower than usual?,0,0
115,Are the leaves falling off prematurely?,1,0
115,Do you see black fungal spots on the leaves?,1,0
115,Are ants or other insects frequently found on the leaves?,0,0
115,Is there any powdery white coating on the leaves?,0,0
115,Do you see small holes or eaten parts on the leaves?,1,0
115,Are the younger leaves affected more than older ones?,0,0
115,Is there any sticky honeydew on the underside of leaves?,1,0
115,Do the leaves feel brittle or dry to touch?,0,0
115,Are there any web-like structures on the leaves?,1,0
115,Is there any mold or mildew on the leaf surface?,0,0
115,Are the leaves drooping or wilted during the day?,0,0
115,Do you see any yellow rings or spots on the leaves?,0,0
115,Are the leaves thinner or smaller than normal?,1,0
115,Is there any rust-colored powder on the leaves?,0,0
115,Do you notice any leaf veins turning red or purple?,1,0
115,Are the leaves brittle and breaking easily?,0,0
115,Is the plant showing signs of nutrient deficiency?,1,0
115,Are there any whiteflies or aphids on the leaves?,0,0
115,Do the leaves have translucent patches?,1,0
115,Is there a sticky substance attracting ants?,0,0
115,Are the leaves clustered tightly together unusually?,1,0
115,Is the leaf surface rough or bumpy?,0,0
115,Are the plants less productive than usual?,1,0
115,Do you see any holes forming in the leaf blades?,0,0
115,Are the edges of the leaves curling upward?,1,0
115,Do you notice any faint yellow halos around spots?,0,0
115,Is there excessive moisture or dew on the leaves?,0,0
115,Are the leaves uneven in size and shape?,1,0
115,Do you see any leaves that look scorched or sunburned?,1,0
115,Are the leaves losing their natural shine?,0,0
115,Is there a sticky film on the leaf surface?,1,0
115,Do the affected leaves wilt faster during hot weather?,0,0
115,Are any parts of the leaf transparent or thin?,1,0
115,Do you notice any fungus-like growth near leaf stems?,0,0
115,Are the leaves changing color faster than normal?,1,0
115,Is the plant less vigorous than healthy plants?,0,0
115,Do you observe any yellowing around leaf margins?,1,0
115,Are the leaves curling unevenly or asymmetrically?,0,0
115,Do you see any spots that look oily or greasy?,1,0
116,Are the leaves turning yellow starting from the tips?,1,1
116,Do you notice any brown streaks on the leaf veins?,0,1
116,Is there a sticky residue on the leaf surface?,1,1
116,Are the leaves curling inward or downward?,0,1
116,Do you see any tiny white spots on the leaves?,1,1
116,Is there a foul or unusual smell from the leaves?,1,1
116,Are the leaf edges turning brown or dry?,1,1
116,Do the leaves have patches of light green or pale color?,0,1
116,Is the plant growth slower than usual?,1,1
116,Are the leaves falling off prematurely?,0,1
116,Do you see black fungal spots on the leaves?,1,1
116,Are ants or other insects frequently found on the leaves?,0,1
116,Is there any powdery white coating on the leaves?,1,1
116,Do you see small holes or eaten parts on the leaves?,0,1
116,Are the younger leaves affected more than older ones?,1,1
116,Is there any sticky honeydew on the underside of leaves?,1,1
116,Do the leaves feel brittle or dry to touch?,1,1
116,Are there any web-like structures on the leaves?,0,1
116,Is there any mold or mildew on the leaf surface?,0,1
116,Are the leaves drooping or wilted during the day?,1,1
116,Do you see any yellow rings or spots on the leaves?,1,1
116,Are the leaves thinner or smaller than normal?,0,1
116,Is there any rust-colored powder on the leaves?,1,1
116,Do you notice any leaf veins turning red or purple?,0,1
116,Are the leaves brittle and breaking easily?,1,1
116,Is the plant showing signs of nutrient deficiency?,0,1
116,Are there any whiteflies or aphids on the leaves?,0,1
116,Do the leaves have translucent patches?,0,1
116,Is there a sticky substance attracting ants?,1,1
116,Are the leaves clustered tightly together unusually?,0,1
116,Is the leaf surface rough or bumpy?,1,1
116,Are the plants less productive than usual?,0,1
116,Do you see any holes forming in the leaf blades?,0,1
116,Are the edges of the leaves curling upward?,0,1
116,Do you notice any faint yellow halos around spots?,0,1
116,Is there excessive moisture or dew on the leaves?,0,1
116,Are the leaves uneven in size and shape?,1,1
116,Do you see any leaves that look scorched or sunburned?,0,1
116,Are the leaves losing their natural shine?,1,1
116,Is there a sticky film on the leaf surface?,0,1
116,Do the affected leaves wilt faster during hot weather?,1,1
116,Are any parts of the leaf transparent or thin?,0,1
116,Do you notice any fungus-like growth near leaf stems?,1,1
116,Are the leaves changing color faster than normal?,0,1
116,Is the plant less vigorous than healthy plants?,1,1
116,Do you observe any yellowing around leaf margins?,0,1
116,Are the leaves curling unevenly or asymmetrically?,1,1
116,Do you see any spots that look oily or greasy?,0,1
117,Are the leaves turning yellow starting from the tips?,1,1
117,Do you notice any brown streaks on the leaf veins?,1,1
117,Is there a sticky residue on the leaf surface?,1,1
117,Are the leaves curling inward or downward?,0,1
117,Do you see any tiny white spots on the leaves?,0,1
117,Is there a foul or unusual smell from the leaves?,0,1
117,Are the leaf edges turning brown or dry?,1,1
117,Do the leaves have patches of light green or pale color?,0,1
117,Is the plant growth slower than usual?,1,1
117,Are the leaves falling off prematurely?,1,1
117,Do you see black fungal spots on the leaves?,1,1
117,Are ants or other insects frequently found on the leaves?,0,1
117,Is there any powdery white coating on the leaves?,1,1
117,Do you see small holes or eaten parts on the leaves?,0,1
117,Are the younger leaves affected more than older ones?,1,1
117,Is there any sticky honeydew on the underside of leaves?,0,1
117,Do the leaves feel brittle or dry to touch?,1,1
117,Are there any web-like structures on the leaves?,0,1
117,Is there any mold or mildew on the leaf surface?,1,1
117,Are the leaves drooping or wilted during the day?,0,1
117,Do you see any yellow rings or spots on the leaves?,1,1
117,Are the leaves thinner or smaller than normal?,0,1
117,Is there any rust-colored powder on the leaves?,1,1
117,Do you notice any leaf veins turning red or purple?,0,1
117,Are the leaves brittle and breaking easily?,1,1
117,Is the plant showing signs of nutrient deficiency?,0,1
117,Are there any whiteflies or aphids on the leaves?,0,1
117,Do the leaves have translucent patches?,1,1
117,Is there a sticky substance attracting ants?,1,1
117,Are the leaves clustered tightly together unusually?,0,1
117,Is the leaf surface rough or bumpy?,1,1
117,Are the plants less productive than usual?,0,1
117,Do you see any holes forming in the leaf blades?,0,1
117,Are the edges of the leaves curling upward?,0,1
117,Do you notice any faint yellow halos around spots?,1,1
117,Is there excessive moisture or dew on the leaves?,1,1
117,Are the leaves uneven in size and shape?,1,1
117,Do you see any leaves that look scorched or sunburned?,0,1
117,Are the leaves losing their natural shine?,0,1
117,Is there a sticky film on the leaf surface?,0,1
117,Do the affected leaves wilt faster during hot weather?,1,1
117,Are any parts of the leaf transparent or thin?,0,1
117,Do you notice any fungus-like growth near leaf stems?,1,1
117,Are the leaves changing color faster than normal?,1,1
117,Is the plant less vigorous than healthy plants?,0,1
117,Do you observe any yellowing around leaf margins?,1,1
117,Are the leaves curling unevenly or asymmetrically?,1,1
117,Do you see any spots that look oily or greasy?,0,1
118,Are the leaves turning yellow starting from the tips?,0,0
118,Do you notice any brown streaks on the leaf veins?,1,0
118,Is there a sticky residue on the leaf surface?,1,0
118,Are the leaves curling inward or downward?,1,0
118,Do you see any tiny white spots on the leaves?,0,0
118,Is there a foul or unusual smell from the leaves?,0,0
118,Are the leaf edges turning brown or dry?,0,0
118,Do the leaves have patches of light green or pale color?,1,0
118,Is the plant growth slower than usual?,0,0
118,Are the leaves falling off prematurely?,1,0
118,Do you see black fungal spots on the leaves?,1,0
118,Are ants or other insects frequently found on the leaves?,1,0
118,Is there any powdery white coating on the leaves?,0,0
118,Do you see small holes or eaten parts on the leaves?,1,0
118,Are the younger leaves affected more than older ones?,1,0
118,Is there any sticky honeydew on the underside of leaves?,1,0
118,Do the leaves feel brittle or dry to touch?,0,0
118,Are there any web-like structures on the leaves?,1,0
118,Is there any mold or mildew on the leaf surface?,0,0
118,Are the leaves drooping or wilted during the day?,1,0
118,Do you see any yellow rings or spots on the leaves?,0,0
118,Are the leaves thinner or smaller than normal?,1,0
118,Is there any rust-colored powder on the leaves?,1,0
118,Do you notice any leaf veins turning red or purple?,0,0
118,Are the leaves brittle and breaking easily?,0,0
118,Is the plant showing signs of nutrient deficiency?,1,0
118,Are there any whiteflies or aphids on the leaves?,1,0
118,Do the leaves have translucent patches?,1,0
118,Is there a sticky substance attracting ants?,0,0
118,Are the leaves clustered tightly together unusually?,1,0
118,Is the leaf surface rough or bumpy?,0,0
118,Are the plants less productive than usual?,1,0
118,Do you see any holes forming in the leaf blades?,0,0
118,Are the edges of the leaves curling upward?,1,0
118,Do you notice any faint yellow halos around spots?,0,0
118,Is there excessive moisture or dew on the leaves?,1,0
118,Are the leaves uneven in size and shape?,0,0
118,Do you see any leaves that look scorched or sunburned?,0,0
118,Are the leaves losing their natural shine?,0,0
118,Is there a sticky film on the leaf surface?,1,0
118,Do the affected leaves wilt faster during hot weather?,0,0
118,Are any parts of the leaf transparent or thin?,1,0
118,Do you notice any fungus-like growth near leaf stems?,0,0
118,Are the leaves changing color faster than normal?,1,0
118,Is the plant less vigorous than healthy plants?,0,0
118,Do you observe any yellowing around leaf margins?,1,0
118,Are the leaves curling unevenly or asymmetrically?,0,0
118,Do you see any spots that look oily or greasy?,1,0
119,Are the leaves turning yellow starting from the tips?,1,0
119,Do you notice any brown streaks on the leaf veins?,0,0
119,Is there a sticky residue on the leaf surface?,0,0
119,Are the leaves curling inward or downward?,1,0
119,Do you see any tiny white spots on the leaves?,0,0
119,Is there a foul or unusual smell from the leaves?,1,0
119,Are the leaf edges turning brown or dry?,0,0
119,Do the leaves have patches of light green or pale color?,0,0
119,Is the plant growth slower than usual?,0,0
119,Are the leaves falling off prematurely?,1,0
119,Do you see black fungal spots on the leaves?,0,0
119,Are ants or other insects frequently found on the leaves?,1,0
119,Is there any powdery white coating on the leaves?,0,0
119,Do you see small holes or eaten parts on the leaves?,1,0
119,Are the younger leaves affected more than older ones?,0,0
119,Is there any sticky honeydew on the underside of leaves?,0,0
119,Do the leaves feel brittle or dry to touch?,0,0
119,Are there any web-like structures on the leaves?,1,0
119,Is there any mold or mildew on the leaf surface?,0,0
119,Are the leaves drooping or wilted during the day?,0,0
119,Do you see any yellow rings or spots on the leaves?,1,0
119,Are the leaves thinner or smaller than normal?,1,0
119,Is there any rust-colored powder on the leaves?,0,0
119,Do you notice any leaf veins turning red or purple?,1,0
119,Are the leaves brittle and breaking easily?,0,0
119,Is the plant showing signs of nutrient deficiency?,0,0
119,Are there any whiteflies or aphids on the leaves?,1,0
119,Do the leaves have translucent patches?,1,0
119,Is there a sticky substance attracting ants?,0,0
119,Are the leaves clustered tightly together unusually?,1,0
119,Is the leaf surface rough or bumpy?,0,0
119,Are the plants less productive than usual?,1,0
119,Do you see any holes forming in the leaf blades?,0,0
119,Are the edges of the leaves curling upward?,1,0
119,Do you notice any faint yellow halos around spots?,0,0
119,Is there excessive moisture or dew on the leaves?,1,0
119,Are the leaves uneven in size and shape?,1,0
119,Do you see any leaves that look scorched or sunburned?,0,0
119,Are the leaves losing their natural shine?,1,0
119,Is there a sticky film on the leaf surface?,0,0
119,Do the affected leaves wilt faster during hot weather?,0,0
119,Are any parts of the leaf transparent or thin?,1,0
119,Do you notice any fungus-like growth near leaf stems?,0,0
119,Are the leaves changing color faster than normal?,1,0
119,Is the plant less vigorous than healthy plants?,0,0
119,Do you observe any yellowing around leaf margins?,1,0
119,Are the leaves curling unevenly or asymmetrically?,0,0
119,Do you see any spots that look oily or greasy?,1,0
120,Are the leaves turning yellow starting from the tips?,1,1
120,Do you notice any brown streaks on the leaf veins?,1,1
120,Is there a sticky residue on the leaf surface?,1,1
120,Are the leaves curling inward or downward?,0,1
120,Do you see any tiny white spots on the leaves?,1,1
120,Is there a foul or unusual smell from the leaves?,1,1
120,Are the leaf edges turning brown or dry?,0,1
120,Do the leaves have patches of light green or pale color?,0,1
120,Is the plant growth slower than usual?,1,1
120,Are the leaves falling off prematurely?,0,1
120,Do you see black fungal spots on the leaves?,0,1
120,Are ants or other insects frequently found on the leaves?,0,1
120,Is there any powdery white coating on the leaves?,1,1
120,Do you see small holes or eaten parts on the leaves?,0,1
120,Are the younger leaves affected more than older ones?,1,1
120,Is there any sticky honeydew on the underside of leaves?,0,1
120,Do the leaves feel brittle or dry to touch?,1,1
120,Are there any web-like structures on the leaves?,0,1
120,Is there any mold or mildew on the leaf surface?,0,1
120,Are the leaves drooping or wilted during the day?,0,1
120,Do you see any yellow rings or spots on the leaves?,0,1
120,Are the leaves thinner or smaller than normal?,0,1
120,Is there any rust-colored powder on the leaves?,0,1
120,Do you notice any leaf veins turning red or purple?,0,1
120,Are the leaves brittle and breaking easily?,0,1
120,Is the plant showing signs of nutrient deficiency?,1,1
120,Are there any whiteflies or aphids on the leaves?,1,1
120,Do the leaves have translucent patches?,1,1
120,Is there a sticky substance attracting ants?,1,1
120,Are the leaves clustered tightly together unusually?,0,1
120,Is the leaf surface rough or bumpy?,1,1
120,Are the plants less productive than usual?,0,1
120,Do you see any holes forming in the leaf blades?,1,1
120,Are the edges of the leaves curling upward?,0,1
120,Do you notice any faint yellow halos around spots?,1,1
120,Is there excessive moisture or dew on the leaves?,1,1
120,Are the leaves uneven in size and shape?,1,1
120,Do you see any leaves that look scorched or sunburned?,0,1
120,Are the leaves losing their natural shine?,1,1
120,Is there a sticky film on the leaf surface?,0,1
120,Do the affected leaves wilt faster during hot weather?,0,1
120,Are any parts of the leaf transparent or thin?,0,1
120,Do you notice any fungus-like growth near leaf stems?,1,1
120,Are the leaves changing color faster than normal?,0,1
120,Is the plant less vigorous than healthy plants?,1,1
120,Do you observe any yellowing around leaf margins?,1,1
120,Are the leaves curling unevenly or asymmetrically?,1,1
120,Do you see any spots that look oily or greasy?,0,1
121,Are the leaves turning yellow starting from the tips?,1,0
121,Do you notice any brown streaks on the leaf veins?,0,0
121,Is there a sticky residue on the leaf surface?,0,0
121,Are the leaves curling inward or downward?,1,0
121,Do you see any tiny white spots on the leaves?,0,0
121,Is there a foul or unusual smell from the leaves?,1,0
121,Are the leaf edges turning brown or dry?,1,0
121,Do the leaves have patches of light green or pale color?,1,0
121,Is the plant growth slower than usual?,0,0
121,Are the leaves falling off prematurely?,1,0
121,Do you see black fungal spots on the leaves?,1,0
121,Are ants or other insects frequently found on the leaves?,1,0
121,Is there any powdery white coating on the leaves?,0,0
121,Do you see small holes or eaten parts on the leaves?,1,0
121,Are the younger leaves affected more than older ones?,0,0
121,Is there any sticky honeydew on the underside of leaves?,1,0
121,Do the leaves feel brittle or dry to touch?,1,0
121,Are there any web-like structures on the leaves?,0,0
121,Is there any mold or mildew on the leaf surface?,1,0
121,Are the leaves drooping or wilted during the day?,0,0
121,Do you see any yellow rings or spots on the leaves?,0,0
121,Are the leaves thinner or smaller than normal?,1,0
121,Is there any rust-colored powder on the leaves?,0,0
121,Do you notice any leaf veins turning red or purple?,1,0
121,Are the leaves brittle and breaking easily?,0,0
121,Is the plant showing signs of nutrient deficiency?,1,0
121,Are there any whiteflies or aphids on the leaves?,0,0
121,Do the leaves have translucent patches?,1,0
121,Is there a sticky substance attracting ants?,0,0
121,Are the leaves clustered tightly together unusually?,1,0
121,Is the leaf surface rough or bumpy?,0,0
121,Are the plants less productive than usual?,1,0
121,Do you see any holes forming in the leaf blades?,1,0
121,Are the edges of the leaves curling upward?,1,0
121,Do you notice any faint yellow halos around spots?,0,0
121,Is there excessive moisture or dew on the leaves?,0,0
121,Are the leaves uneven in size and shape?,0,0
121,Do you see any leaves that look scorched or sunburned?,1,0
121,Are the leaves losing their natural shine?,0,0
121,Is there a sticky film on the leaf surface?,1,0
121,Do the affected leaves wilt faster during hot weather?,1,0
121,Are any parts of the leaf transparent or thin?,1,0
121,Do you notice any fungus-like growth near leaf stems?,1,0
121,Are the leaves changing color faster than normal?,1,0
121,Is the plant less vigorous than healthy plants?,1,0
121,Do you observe any yellowing around leaf margins?,1,0
121,Are the leaves curling unevenly or asymmetrically?,0,0
121,Do you see any spots that look oily or greasy?,1,0
122,Are the leaves turning yellow starting from the tips?,0,1
122,Do you notice any brown streaks on the leaf veins?,0,1
122,Is there a sticky residue on the leaf surface?,1,1
122,Are the leaves curling inward or downward?,0,1
122,Do you see any tiny white spots on the leaves?,1,1
122,Is there a foul or unusual smell from the leaves?,0,1
122,Are the leaf edges turning brown or dry?,1,1
122,Do the leaves have patches of light green or pale color?,0,1
122,Is the plant growth slower than usual?,1,1
122,Are the leaves falling off prematurely?,1,1
122,Do you see black fungal spots on the leaves?,1,1
122,Are ants or other insects frequently found on the leaves?,0,1
122,Is there any powdery white coating on the leaves?,1,1
122,Do you see small holes or eaten parts on the leaves?,0,1
122,Are the younger leaves affected more than older ones?,0,1
122,Is there any sticky honeydew on the underside of leaves?,1,1
122,Do the leaves feel brittle or dry to touch?,0,1
122,Are there any web-like structures on the leaves?,1,1
122,Is there any mold or mildew on the leaf surface?,1,1
122,Are the leaves drooping or wilted during the day?,0,1
122,Do you see any yellow rings or spots on the leaves?,1,1
122,Are the leaves thinner or smaller than normal?,0,1
122,Is there any rust-colored powder on the leaves?,1,1
122,Do you notice any leaf veins turning red or purple?,0,1
122,Are the leaves brittle and breaking easily?,1,1
122,Is the plant showing signs of nutrient deficiency?,0,1
122,Are there any whiteflies or aphids on the leaves?,1,1
122,Do the leaves have translucent patches?,0,1
122,Is there a sticky substance attracting ants?,1,1
122,Are the leaves clustered tightly together unusually?,0,1
122,Is the leaf surface rough or bumpy?,1,1
122,Are the plants less productive than usual?,0,1
122,Do you see any holes forming in the leaf blades?,0,1
122,Are the edges of the leaves curling upward?,0,1
122,Do you notice any faint yellow halos around spots?,1,1
122,Is there excessive moisture or dew on the leaves?,1,1
122,Are the leaves uneven in size and shape?,1,1
122,Do you see any leaves that look scorched or sunburned?,1,1
122,Are the leaves losing their natural shine?,1,1
122,Is there a sticky film on the leaf surface?,0,1
122,Do the affected leaves wilt faster during hot weather?,1,1
122,Are any parts of the leaf transparent or thin?,0,1
122,Do you notice any fungus-like growth near leaf stems?,1,1
122,Are the leaves changing color faster than normal?,0,1
122,Is the plant less vigorous than healthy plants?,1,1
122,Do you observe any yellowing around leaf margins?,0,1
122,Are the leaves curling unevenly or asymmetrically?,1,1
122,Do you see any spots that look oily or greasy?,0,1
123,Are the leaves turning yellow starting from the tips?,0,0
123,Do you notice any brown streaks on the leaf veins?,1,0
123,Is there a sticky residue on the leaf surface?,0,0
123,Are the leaves curling inward or downward?,1,0
123,Do you see any tiny white spots on the leaves?,0,0
123,Is there a foul or unusual smell from the leaves?,1,0
123,Are the leaf edges turning brown or dry?,0,0
123,Do the leaves have patches of light green or pale color?,1,0
123,Is the plant growth slower than usual?,1,0
123,Are the leaves falling off prematurely?,0,0
123,Do you see black fungal spots on the leaves?,0,0
123,Are ants or other insects frequently found on the leaves?,1,0
123,Is there any powdery white coating on the leaves?,1,0
123,Do you see small holes or eaten parts on the leaves?,1,0
123,Are the younger leaves affected more than older ones?,0,0
123,Is there any sticky honeydew on the underside of leaves?,1,0
123,Do the leaves feel brittle or dry to touch?,0,0
123,Are there any web-like structures on the leaves?,1,0
123,Is there any mold or mildew on the leaf surface?,0,0
123,Are the leaves drooping or wilted during the day?,1,0
123,Do you see any yellow rings or spots on the leaves?,0,0
123,Are the leaves thinner or smaller than normal?,0,0
123,Is there any rust-colored powder on the leaves?,0,0
123,Do you notice any leaf veins turning red or purple?,1,0
123,Are the leaves brittle and breaking easily?,1,0
123,Is the plant showing signs of nutrient deficiency?,1,0
123,Are there any whiteflies or aphids on the leaves?,1,0
123,Do the leaves have translucent patches?,1,0
123,Is there a sticky substance attracting ants?,0,0
123,Are the leaves clustered tightly together unusually?,0,0
123,Is the leaf surface rough or bumpy?,0,0
123,Are the plants less productive than usual?,0,0
123,Do you see any holes forming in the leaf blades?,0,0
123,Are the edges of the leaves curling upward?,1,0
123,Do you notice any faint yellow halos around spots?,0,0
123,Is there excessive moisture or dew on the leaves?,0,0
123,Are the leaves uneven in size and shape?,0,0
123,Do you see any leaves that look scorched or sunburned?,1,0
123,Are the leaves losing their natural shine?,0,0
123,Is there a sticky film on the leaf surface?,1,0
123,Do the affected leaves wilt faster during hot weather?,0,0
123,Are any parts of the leaf transparent or thin?,1,0
123,Do you notice any fungus-like growth near leaf stems?,0,0
123,Are the leaves changing color faster than normal?,1,0
123,Is the plant less vigorous than healthy plants?,1,0
123,Do you observe any yellowing around leaf margins?,1,0
123,Are the leaves curling unevenly or asymmetrically?,0,0
123,Do you see any spots that look oily or greasy?,1,0
124,Are the leaves turning yellow starting from the tips?,0,0
124,Do you notice any brown streaks on the leaf veins?,1,0
124,Is there a sticky residue on the leaf surface?,0,0
124,Are the leaves curling inward or downward?,1,0
124,Do you see any tiny white spots on the leaves?,1,0
124,Is there a foul or unusual smell from the leaves?,1,0
124,Are the leaf edges turning brown or dry?,0,0
124,Do the leaves have patches of light green or pale color?,1,0
124,Is the plant growth slower than usual?,0,0
124,Are the leaves falling off prematurely?,1,0
124,Do you see black fungal spots on the leaves?,1,0
124,Are ants or other insects frequently found on the leaves?,1,0
124,Is there any powdery white coating on the leaves?,0,0
124,Do you see small holes or eaten parts on the leaves?,1,0
124,Are the younger leaves affected more than older ones?,0,0
124,Is there any sticky honeydew on the underside of leaves?,1,0
124,Do the leaves feel brittle or dry to touch?,0,0
124,Are there any web-like structures on the leaves?,0,0
124,Is there any mold or mildew on the leaf surface?,0,0
124,Are the leaves drooping or wilted during the day?,1,0
124,Do you see any yellow rings or spots on the leaves?,0,0
124,Are the leaves thinner or smaller than normal?,1,0
124,Is there any rust-colored powder on the leaves?,0,0
124,Do you notice any leaf veins turning red or purple?,0,0
124,Are the leaves brittle and breaking easily?,0,0
124,Is the plant showing signs of nutrient deficiency?,1,0
124,Are there any whiteflies or aphids on the leaves?,0,0
124,Do the leaves have translucent patches?,1,0
124,Is there a sticky substance attracting ants?,0,0
124,Are the leaves clustered tightly together unusually?,1,0
124,Is the leaf surface rough or bumpy?,0,0
124,Are the plants less productive than usual?,1,0
124,Do you see any holes forming in the leaf blades?,0,0
124,Are the edges of the leaves curling upward?,1,0
124,Do you notice any faint yellow halos around spots?,1,0
124,Is there excessive moisture or dew on the leaves?,0,0
124,Are the leaves uneven in size and shape?,0,0
124,Do you see any leaves that look scorched or sunburned?,1,0
124,Are the leaves losing their natural shine?,1,0
124,Is there a sticky film on the leaf surface?,1,0
124,Do the affected leaves wilt faster during hot weather?,0,0
124,Are any parts of the leaf transparent or thin?,1,0
124,Do you notice any fungus-like growth near leaf stems?,0,0
124,Are the leaves changing color faster than normal?,1,0
124,Is the plant less vigorous than healthy plants?,0,0
124,Do you observe any yellowing around leaf margins?,1,0
124,Are the leaves curling unevenly or asymmetrically?,0,0
124,Do you see any spots that look oily or greasy?,1,0
125,Are the leaves turning yellow starting from the tips?,1,1
125,Do you notice any brown streaks on the leaf veins?,0,1
125,Is there a sticky residue on the leaf surface?,1,1
125,Are the leaves curling inward or downward?,0,1
125,Do you see any tiny white spots on the leaves?,1,1
125,Is there a foul or unusual smell from the leaves?,0,1
125,Are the leaf edges turning brown or dry?,1,1
125,Do the leaves have patches of light green or pale color?,0,1
125,Is the plant growth slower than usual?,1,1
125,Are the leaves falling off prematurely?,0,1
125,Do you see black fungal spots on the leaves?,0,1
125,Are ants or other insects frequently found on the leaves?,0,1
125,Is there any powdery white coating on the leaves?,1,1
125,Do you see small holes or eaten parts on the leaves?,1,1
125,Are the younger leaves affected more than older ones?,1,1
125,Is there any sticky honeydew on the underside of leaves?,1,1
125,Do the leaves feel brittle or dry to touch?,1,1
125,Are there any web-like structures on the leaves?,1,1
125,Is there any mold or mildew on the leaf surface?,1,1
125,Are the leaves drooping or wilted during the day?,0,1
125,Do you see any yellow rings or spots on the leaves?,1,1
125,Are the leaves thinner or smaller than normal?,0,1
125,Is there any rust-colored powder on the leaves?,1,1
125,Do you notice any leaf veins turning red or purple?,0,1
125,Are the leaves brittle and breaking easily?,0,1
125,Is the plant showing signs of nutrient deficiency?,0,1
125,Are there any whiteflies or aphids on the leaves?,1,1
125,Do the leaves have translucent patches?,0,1
125,Is there a sticky substance attracting ants?,1,1
125,Are the leaves clustered tightly together unusually?,0,1
125,Is the leaf surface rough or bumpy?,1,1
125,Are the plants less productive than usual?,0,1
125,Do you see any holes forming in the leaf blades?,0,1
125,Are the edges of the leaves curling upward?,0,1
125,Do you notice any faint yellow halos around spots?,1,1
125,Is there excessive moisture or dew on the leaves?,0,1
125,Are the leaves uneven in size and shape?,1,1
125,Do you see any leaves that look scorched or sunburned?,0,1
125,Are the leaves losing their natural shine?,0,1
125,Is there a sticky film on the leaf surface?,1,1
125,Do the affected leaves wilt faster during hot weather?,1,1
125,Are any parts of the leaf transparent or thin?,0,1
125,Do you notice any fungus-like growth near leaf stems?,0,1
125,Are the leaves changing color faster than normal?,0,1
125,Is the plant less vigorous than healthy plants?,1,1
125,Do you observe any yellowing around leaf margins?,0,1
125,Are the leaves curling unevenly or asymmetrically?,1,1
125,Do you see any spots that look oily or greasy?,0,1
126,Are the leaves turning yellow starting from the tips?,1,1
126,Do you notice any brown streaks on the leaf veins?,1,1
126,Is there a sticky residue on the leaf surface?,1,1
126,Are the leaves curling inward or downward?,0,1
126,Do you see any tiny white spots on the leaves?,1,1
126,Is there a foul or unusual smell from the leaves?,0,1
126,Are the leaf edges turning brown or dry?,0,1
126,Do the leaves have patches of light green or pale color?,0,1
126,Is the plant growth slower than usual?,1,1
126,Are the leaves falling off prematurely?,0,1
126,Do you see black fungal spots on the leaves?,1,1
126,Are ants or other insects frequently found on the leaves?,1,1
126,Is there any powdery white coating on the leaves?,1,1
126,Do you see small holes or eaten parts on the leaves?,0,1
126,Are the younger leaves affected more than older ones?,1,1
126,Is there any sticky honeydew on the underside of leaves?,0,1
126,Do the leaves feel brittle or dry to touch?,1,1
126,Are there any web-like structures on the leaves?,0,1
126,Is there any mold or mildew on the leaf surface?,1,1
126,Are the leaves drooping or wilted during the day?,1,1
126,Do you see any yellow rings or spots on the leaves?,1,1
126,Are the leaves thinner or smaller than normal?,0,1
126,Is there any rust-colored powder on the leaves?,1,1
126,Do you notice any leaf veins turning red or purple?,1,1
126,Are the leaves brittle and breaking easily?,1,1
126,Is the plant showing signs of nutrient deficiency?,0,1
126,Are there any whiteflies or aphids on the leaves?,0,1
126,Do the leaves have translucent patches?,0,1
126,Is there a sticky substance attracting ants?,0,1
126,Are the leaves clustered tightly together unusually?,0,1
126,Is the leaf surface rough or bumpy?,1,1
126,Are the plants less productive than usual?,1,1
126,Do you see any holes forming in the leaf blades?,1,1
126,Are the edges of the leaves curling upward?,0,1
126,Do you notice any faint yellow halos around spots?,1,1
126,Is there excessive moisture or dew on the leaves?,1,1
126,Are the leaves uneven in size and shape?,1,1
126,Do you see any leaves that look scorched or sunburned?,0,1
126,Are the leaves losing their natural shine?,1,1
126,Is there a sticky film on the leaf surface?,0,1
126,Do the affected leaves wilt faster during hot weather?,1,1
126,Are any parts of the leaf transparent or thin?,0,1
126,Do you notice any fungus-like growth near leaf stems?,1,1
126,Are the leaves changing color faster than normal?,0,1
126,Is the plant less vigorous than healthy plants?,0,1
126,Do you observe any yellowing around leaf margins?,0,1
126,Are the leaves curling unevenly or asymmetrically?,1,1
126,Do you see any spots that look oily or greasy?,1,1
127,Are the leaves turning yellow starting from the tips?,0,0
127,Do you notice any brown streaks on the leaf veins?,1,0
127,Is there a sticky residue on the leaf surface?,0,0
127,Are the leaves curling inward or downward?,1,0
127,Do you see any tiny white spots on the leaves?,0,0
127,Is there a foul or unusual smell from the leaves?,0,0
127,Are the leaf edges turning brown or dry?,1,0
127,Do the leaves have patches of light green or pale color?,1,0
127,Is the plant growth slower than usual?,0,0
127,Are the leaves falling off prematurely?,1,0
127,Do you see black fungal spots on the leaves?,0,0
127,Are ants or other insects frequently found on the leaves?,1,0
127,Is there any powdery white coating on the leaves?,0,0
127,Do you see small holes or eaten parts on the leaves?,1,0
127,Are the younger leaves affected more than older ones?,0,0
127,Is there any sticky honeydew on the underside of leaves?,1,0
127,Do the leaves feel brittle or dry to touch?,0,0
127,Are there any web-like structures on the leaves?,0,0
127,Is there any mold or mildew on the leaf surface?,0,0
127,Are the leaves drooping or wilted during the day?,1,0
127,Do you see any yellow rings or spots on the leaves?,0,0
127,Are the leaves thinner or smaller than normal?,1,0
127,Is there any rust-colored powder on the leaves?,1,0
127,Do you notice any leaf veins turning red or purple?,1,0
127,Are the leaves brittle and breaking easily?,0,0
127,Is the plant showing signs of nutrient deficiency?,1,0
127,Are there any whiteflies or aphids on the leaves?,0,0
127,Do the leaves have translucent patches?,1,0
127,Is there a sticky substance attracting ants?,0,0
127,Are the leaves clustered tightly together unusually?,1,0
127,Is the leaf surface rough or bumpy?,0,0
127,Are the plants less productive than usual?,1,0
127,Do you see any holes forming in the leaf blades?,0,0
127,Are the edges of the leaves curling upward?,0,0
127,Do you notice any faint yellow halos around spots?,1,0
127,Is there excessive moisture or dew on the leaves?,0,0
127,Are the leaves uneven in size and shape?,1,0
127,Do you see any leaves that look scorched or sunburned?,1,0
127,Are the leaves losing their natural shine?,0,0
127,Is there a sticky film on the leaf surface?,1,0
127,Do the affected leaves wilt faster during hot weather?,0,0
127,Are any parts of the leaf transparent or thin?,0,0
127,Do you notice any fungus-like growth near leaf stems?,0,0
127,Are the leaves changing color faster than normal?,1,0
127,Is the plant less vigorous than healthy plants?,0,0
127,Do you observe any yellowing around leaf margins?,0,0
127,Are the leaves curling unevenly or asymmetrically?,0,0
127,Do you see any spots that look oily or greasy?,1,0
128,Are the leaves turning yellow starting from the tips?,0,0
128,Do you notice any brown streaks on the leaf veins?,0,0
128,Is there a sticky residue on the leaf surface?,1,0
128,Are the leaves curling inward or downward?,1,0
128,Do you see any tiny white spots on the leaves?,0,0
128,Is there a foul or unusual smell from the leaves?,0,0
128,Are the leaf edges turning brown or dry?,1,0
128,Do the leaves have patches of light green or pale color?,1,0
128,Is the plant growth slower than usual?,0,0
128,Are the leaves falling off prematurely?,0,0
128,Do you see black fungal spots on the leaves?,0,0
128,Are ants or other insects frequently found on the leaves?,1,0
128,Is there any powdery white coating on the leaves?,0,0
128,Do you see small holes or eaten parts on the leaves?,0,0
128,Are the younger leaves affected more than older ones?,0,0
128,Is there any sticky honeydew on the underside of leaves?,1,0
128,Do the leaves feel brittle or dry to touch?,1,0
128,Are there any web-like structures on the leaves?,1,0
128,Is there any mold or mildew on the leaf surface?,0,0
128,Are the leaves drooping or wilted during the day?,1,0
128,Do you see any yellow rings or spots on the leaves?,0,0
128,Are the leaves thinner or smaller than normal?,1,0
128,Is there any rust-colored powder on the leaves?,0,0
128,Do you notice any leaf veins turning red or purple?,1,0
128,Are the leaves brittle and breaking easily?,1,0
128,Is the plant showing signs of nutrient deficiency?,1,0
128,Are there any whiteflies or aphids on the leaves?,0,0
128,Do the leaves have translucent patches?,0,0
128,Is there a sticky substance attracting ants?,0,0
128,Are the leaves clustered tightly together unusually?,1,0
128,Is the leaf surface rough or bumpy?,1,0
128,Are the plants less productive than usual?,1,0
128,Do you see any holes forming in the leaf blades?,1,0
128,Are the edges of the leaves curling upward?,1,0
128,Do you notice any faint yellow halos around spots?,0,0
128,Is there excessive moisture or dew on the leaves?,1,0
128,Are the leaves uneven in size and shape?,0,0
128,Do you see any leaves that look scorched or sunburned?,1,0
128,Are the leaves losing their natural shine?,0,0
128,Is there a sticky film on the leaf surface?,1,0
128,Do the affected leaves wilt faster during hot weather?,0,0
128,Are any parts of the leaf transparent or thin?,1,0
128,Do you notice any fungus-like growth near leaf stems?,1,0
128,Are the leaves changing color faster than normal?,1,0
128,Is the plant less vigorous than healthy plants?,1,0
128,Do you observe any yellowing around leaf margins?,0,0
128,Are the leaves curling unevenly or asymmetrically?,0,0
128,Do you see any spots that look oily or greasy?,1,0
129,Are the leaves turning yellow starting from the tips?,1,1
129,Do you notice any brown streaks on the leaf veins?,0,1
129,Is there a sticky residue on the leaf surface?,0,1
129,Are the leaves curling inward or downward?,0,1
129,Do you see any tiny white spots on the leaves?,1,1
129,Is there a foul or unusual smell from the leaves?,0,1
129,Are the leaf edges turning brown or dry?,1,1
129,Do the leaves have patches of light green or pale color?,1,1
129,Is the plant growth slower than usual?,1,1
129,Are the leaves falling off prematurely?,0,1
129,Do you see black fungal spots on the leaves?,1,1
129,Are ants or other insects frequently found on the leaves?,0,1
129,Is there any powdery white coating on the leaves?,1,1
129,Do you see small holes or eaten parts on the leaves?,1,1
129,Are the younger leaves affected more than older ones?,1,1
129,Is there any sticky honeydew on the underside of leaves?,1,1
129,Do the leaves feel brittle or dry to touch?,1,1
129,Are there any web-like structures on the leaves?,0,1
129,Is there any mold or mildew on the leaf surface?,0,1
129,Are the leaves drooping or wilted during the day?,1,1
129,Do you see any yellow rings or spots on the leaves?,1,1
129,Are the leaves thinner or smaller than normal?,0,1
129,Is there any rust-colored powder on the leaves?,1,1
129,Do you notice any leaf veins turning red or purple?,0,1
129,Are the leaves brittle and breaking easily?,1,1
129,Is the plant showing signs of nutrient deficiency?,1,1
129,Are there any whiteflies or aphids on the leaves?,1,1
129,Do the leaves have translucent patches?,0,1
129,Is there a sticky substance attracting ants?,1,1
129,Are the leaves clustered tightly together unusually?,0,1
129,Is the leaf surface rough or bumpy?,1,1
129,Are the plants less productive than usual?,0,1
129,Do you see any holes forming in the leaf blades?,1,1
129,Are the edges of the leaves curling upward?,0,1
129,Do you notice any faint yellow halos around spots?,0,1
129,Is there excessive moisture or dew on the leaves?,1,1
129,Are the leaves uneven in size and shape?,1,1
129,Do you see any leaves that look scorched or sunburned?,0,1
129,Are the leaves losing their natural shine?,1,1
129,Is there a sticky film on the leaf surface?,0,1
129,Do the affected leaves wilt faster during hot weather?,1,1
129,Are any parts of the leaf transparent or thin?,0,1
129,Do you notice any fungus-like growth near leaf stems?,0,1
129,Are the leaves changing color faster than normal?,1,1
129,Is the plant less vigorous than healthy plants?,1,1
129,Do you observe any yellowing around leaf margins?,0,1
129,Are the leaves curling unevenly or asymmetrically?,1,1
129,Do you see any spots that look oily or greasy?,0,1
130,Are the leaves turning yellow starting from the tips?,1,1
130,Do you notice any brown streaks on the leaf veins?,0,1
130,Is there a sticky residue on the leaf surface?,0,1
130,Are the leaves curling inward or downward?,0,1
130,Do you see any tiny white spots on the leaves?,1,1
130,Is there a foul or unusual smell from the leaves?,0,1
130,Are the leaf edges turning brown or dry?,1,1
130,Do the leaves have patches of light green or pale color?,0,1
130,Is the plant growth slower than usual?,1,1
130,Are the leaves falling off prematurely?,1,1
130,Do you see black fungal spots on the leaves?,1,1
130,Are ants or other insects frequently found on the leaves?,0,1
130,Is there any powdery white coating on the leaves?,1,1
130,Do you see small holes or eaten parts on the leaves?,0,1
130,Are the younger leaves affected more than older ones?,0,1
130,Is there any sticky honeydew on the underside of leaves?,1,1
130,Do the leaves feel brittle or dry to touch?,1,1
130,Are there any web-like structures on the leaves?,0,1
130,Is there any mold or mildew on the leaf surface?,1,1
130,Are the leaves drooping or wilted during the day?,0,1
130,Do you see any yellow rings or spots on the leaves?,1,1
130,Are the leaves thinner or smaller than normal?,0,1
130,Is there any rust-colored powder on the leaves?,1,1
130,Do you notice any leaf veins turning red or purple?,0,1
130,Are the leaves brittle and breaking easily?,1,1
130,Is the plant showing signs of nutrient deficiency?,0,1
130,Are there any whiteflies or aphids on the leaves?,1,1
130,Do the leaves have translucent patches?,0,1
130,Is there a sticky substance attracting ants?,0,1
130,Are the leaves clustered tightly together unusually?,0,1
130,Is the leaf surface rough or bumpy?,1,1
130,Are the plants less productive than usual?,0,1
130,Do you see any holes forming in the leaf blades?,1,1
130,Are the edges of the leaves curling upward?,0,1
130,Do you notice any faint yellow halos around spots?,1,1
130,Is there excessive moisture or dew on the leaves?,0,1
130,Are the leaves uneven in size and shape?,1,1
130,Do you see any leaves that look scorched or sunburned?,0,1
130,Are the leaves losing their natural shine?,1,1
130,Is there a sticky film on the leaf surface?,0,1
130,Do the affected leaves wilt faster during hot weather?,1,1
130,Are any parts of the leaf transparent or thin?,0,1
130,Do you notice any fungus-like growth near leaf stems?,1,1
130,Are the leaves changing color faster than normal?,0,1
130,Is the plant less vigorous than healthy plants?,1,1
130,Do you observe any yellowing around leaf margins?,1,1
130,Are the leaves curling unevenly or asymmetrically?,1,1
130,Do you see any spots that look oily or greasy?,0,1
131,Are the leaves turning yellow starting from the tips?,0,0
131,Do you notice any brown streaks on the leaf veins?,1,0
131,Is there a sticky residue on the leaf surface?,1,0
131,Are the leaves curling inward or downward?,1,0
131,Do you see any tiny white spots on the leaves?,1,0
131,Is there a foul or unusual smell from the leaves?,1,0
131,Are the leaf edges turning brown or dry?,0,0
131,Do the leaves have patches of light green or pale color?,1,0
131,Is the plant growth slower than usual?,0,0
131,Are the leaves falling off prematurely?,1,0
131,Do you see black fungal spots on the leaves?,1,0
131,Are ants or other insects frequently found on the leaves?,1,0
131,Is there any powdery white coating on the leaves?,0,0
131,Do you see small holes or eaten parts on the leaves?,1,0
131,Are the younger leaves affected more than older ones?,0,0
131,Is there any sticky honeydew on the underside of leaves?,1,0
131,Do the leaves feel brittle or dry to touch?,0,0
131,Are there any web-like structures on the leaves?,1,0
131,Is there any mold or mildew on the leaf surface?,1,0
131,Are the leaves drooping or wilted during the day?,1,0
131,Do you see any yellow rings or spots on the leaves?,1,0
131,Are the leaves thinner or smaller than normal?,0,0
131,Is there any rust-colored powder on the leaves?,0,0
131,Do you notice any leaf veins turning red or purple?,1,0
131,Are the leaves brittle and breaking easily?,0,0
131,Is the plant showing signs of nutrient deficiency?,1,0
131,Are there any whiteflies or aphids on the leaves?,0,0
131,Do the leaves have translucent patches?,1,0
131,Is there a sticky substance attracting ants?,0,0
131,Are the leaves clustered tightly together unusually?,1,0
131,Is the leaf surface rough or bumpy?,0,0
131,Are the plants less productive than usual?,1,0
131,Do you see any holes forming in the leaf blades?,0,0
131,Are the edges of the leaves curling upward?,0,0
131,Do you notice any faint yellow halos around spots?,1,0
131,Is there excessive moisture or dew on the leaves?,1,0
131,Are the leaves uneven in size and shape?,1,0
131,Do you see any leaves that look scorched or sunburned?,1,0
131,Are the leaves losing their natural shine?,0,0
131,Is there a sticky film on the leaf surface?,1,0
131,Do the affected leaves wilt faster during hot weather?,0,0
131,Are any parts of the leaf transparent or thin?,1,0
131,Do you notice any fungus-like growth near leaf stems?,0,0
131,Are the leaves changing color faster than normal?,1,0
131,Is the plant less vigorous than healthy plants?,0,0
131,Do you observe any yellowing around leaf margins?,1,0
131,Are the leaves curling unevenly or asymmetrically?,0,0
131,Do you see any spots that look oily or greasy?,1,0
132,Are the leaves turning yellow starting from the tips?,0,0
132,Do you notice any brown streaks on the leaf veins?,1,0
132,Is there a sticky residue on the leaf surface?,0,0
132,Are the leaves curling inward or downward?,1,0
132,Do you see any tiny white spots on the leaves?,1,0
132,Is there a foul or unusual smell from the leaves?,1,0
132,Are the leaf edges turning brown or dry?,0,0
132,Do the leaves have patches of light green or pale color?,1,0
132,Is the plant growth slower than usual?,1,0
132,Are the leaves falling off prematurely?,0,0
132,Do you see black fungal spots on the leaves?,0,0
132,Are ants or other insects frequently found on the leaves?,1,0
132,Is there any powdery white coating on the leaves?,1,0
132,Do you see small holes or eaten parts on the leaves?,1,0
132,Are the younger leaves affected more than older ones?,0,0
132,Is there any sticky honeydew on the underside of leaves?,1,0
132,Do the leaves feel brittle or dry to touch?,0,0
132,Are there any web-like structures on the leaves?,0,0
132,Is there any mold or mildew on the leaf surface?,0,0
132,Are the leaves drooping or wilted during the day?,1,0
132,Do you see any yellow rings or spots on the leaves?,1,0
132,Are the leaves thinner or smaller than normal?,1,0
132,Is there any rust-colored powder on the leaves?,0,0
132,Do you notice any leaf veins turning red or purple?,1,0
132,Are the leaves brittle and breaking easily?,0,0
132,Is the plant showing signs of nutrient deficiency?,0,0
132,Are there any whiteflies or aphids on the leaves?,1,0
132,Do the leaves have translucent patches?,0,0
132,Is there a sticky substance attracting ants?,0,0
132,Are the leaves clustered tightly together unusually?,0,0
132,Is the leaf surface rough or bumpy?,0,0
132,Are the plants less productive than usual?,1,0
132,Do you see any holes forming in the leaf blades?,0,0
132,Are the edges of the leaves curling upward?,1,0
132,Do you notice any faint yellow halos around spots?,0,0
132,Is there excessive moisture or dew on the leaves?,1,0
132,Are the leaves uneven in size and shape?,0,0
132,Do you see any leaves that look scorched or sunburned?,1,0
132,Are the leaves losing their natural shine?,0,0
132,Is there a sticky film on the leaf surface?,1,0
132,Do the affected leaves wilt faster during hot weather?,0,0
132,Are any parts of the leaf transparent or thin?,1,0
132,Do you notice any fungus-like growth near leaf stems?,0,0
132,Are the leaves changing color faster than normal?,1,0
132,Is the plant less vigorous than healthy plants?,0,0
132,Do you observe any yellowing around leaf margins?,1,0
132,Are the leaves curling unevenly or asymmetrically?,0,0
132,Do you see any spots that look oily or greasy?,1,0
133,Are the leaves turning yellow starting from the tips?,0,0
133,Do you notice any brown streaks on the leaf veins?,1,0
133,Is there a sticky residue on the leaf surface?,1,0
133,Are the leaves curling inward or downward?,1,0
133,Do you see any tiny white spots on the leaves?,0,0
133,Is there a foul or unusual smell from the leaves?,1,0
133,Are the leaf edges turning brown or dry?,0,0
133,Do the leaves have patches of light green or pale color?,1,0
133,Is the plant growth slower than usual?,0,0
133,Are the leaves falling off prematurely?,1,0
133,Do you see black fungal spots on the leaves?,0,0
133,Are ants or other insects frequently found on the leaves?,1,0
133,Is there any powdery white coating on the leaves?,0,0
133,Do you see small holes or eaten parts on the leaves?,1,0
133,Are the younger leaves affected more than older ones?,1,0
133,Is there any sticky honeydew on the underside of leaves?,1,0
133,Do the leaves feel brittle or dry to touch?,0,0
133,Are there any web-like structures on the leaves?,0,0
133,Is there any mold or mildew on the leaf surface?,0,0
133,Are the leaves drooping or wilted during the day?,1,0
133,Do you see any yellow rings or spots on the leaves?,0,0
133,Are the leaves thinner or smaller than normal?,0,0
133,Is there any rust-colored powder on the leaves?,0,0
133,Do you notice any leaf veins turning red or purple?,1,0
133,Are the leaves brittle and breaking easily?,0,0
133,Is the plant showing signs of nutrient deficiency?,0,0
133,Are there any whiteflies or aphids on the leaves?,0,0
133,Do the leaves have translucent patches?,1,0
133,Is there a sticky substance attracting ants?,1,0
133,Are the leaves clustered tightly together unusually?,1,0
133,Is the leaf surface rough or bumpy?,0,0
133,Are the plants less productive than usual?,1,0
133,Do you see any holes forming in the leaf blades?,0,0
133,Are the edges of the leaves curling upward?,1,0
133,Do you notice any faint yellow halos around spots?,0,0
133,Is there excessive moisture or dew on the leaves?,0,0
133,Are the leaves uneven in size and shape?,1,0
133,Do you see any leaves that look scorched or sunburned?,1,0
133,Are the leaves losing their natural shine?,0,0
133,Is there a sticky film on the leaf surface?,1,0
133,Do the affected leaves wilt faster during hot weather?,1,0
133,Are any parts of the leaf transparent or thin?,1,0
133,Do you notice any fungus-like growth near leaf stems?,0,0
133,Are the leaves changing color faster than normal?,1,0
133,Is the plant less vigorous than healthy plants?,0,0
133,Do you observe any yellowing around leaf margins?,1,0
133,Are the leaves curling unevenly or asymmetrically?,0,0
133,Do you see any spots that look oily or greasy?,1,0
134,Are the leaves turning yellow starting from the tips?,0,0
134,Do you notice any brown streaks on the leaf veins?,1,0
134,Is there a sticky residue on the leaf surface?,0,0
134,Are the leaves curling inward or downward?,1,0
134,Do you see any tiny white spots on the leaves?,1,0
134,Is there a foul or unusual smell from the leaves?,1,0
134,Are the leaf edges turning brown or dry?,0,0
134,Do the leaves have patches of light green or pale color?,1,0
134,Is the plant growth slower than usual?,0,0
134,Are the leaves falling off prematurely?,1,0
134,Do you see black fungal spots on the leaves?,1,0
134,Are ants or other insects frequently found on the leaves?,1,0
134,Is there any powdery white coating on the leaves?,0,0
134,Do you see small holes or eaten parts on the leaves?,0,0
134,Are the younger leaves affected more than older ones?,0,0
134,Is there any sticky honeydew on the underside of leaves?,1,0
134,Do the leaves feel brittle or dry to touch?,0,0
134,Are there any web-like structures on the leaves?,1,0
134,Is there any mold or mildew on the leaf surface?,0,0
134,Are the leaves drooping or wilted during the day?,1,0
134,Do you see any yellow rings or spots on the leaves?,0,0
134,Are the leaves thinner or smaller than normal?,0,0
134,Is there any rust-colored powder on the leaves?,0,0
134,Do you notice any leaf veins turning red or purple?,1,0
134,Are the leaves brittle and breaking easily?,0,0
134,Is the plant showing signs of nutrient deficiency?,1,0
134,Are there any whiteflies or aphids on the leaves?,0,0
134,Do the leaves have translucent patches?,0,0
134,Is there a sticky substance attracting ants?,0,0
134,Are the leaves clustered tightly together unusually?,1,0
134,Is the leaf surface rough or bumpy?,0,0
134,Are the plants less productive than usual?,1,0
134,Do you see any holes forming in the leaf blades?,0,0
134,Are the edges of the leaves curling upward?,1,0
134,Do you notice any faint yellow halos around spots?,0,0
134,Is there excessive moisture or dew on the leaves?,1,0
134,Are the leaves uneven in size and shape?,0,0
134,Do you see any leaves that look scorched or sunburned?,1,0
134,Are the leaves losing their natural shine?,0,0
134,Is there a sticky film on the leaf surface?,1,0
134,Do the affected leaves wilt faster during hot weather?,0,0
134,Are any parts of the leaf transparent or thin?,1,0
134,Do you notice any fungus-like growth near leaf stems?,1,0
134,Are the leaves changing color faster than normal?,1,0
134,Is the plant less vigorous than healthy plants?,1,0
134,Do you observe any yellowing around leaf margins?,0,0
134,Are the leaves curling unevenly or asymmetrically?,0,0
134,Do you see any spots that look oily or greasy?,0,0
135,Are the leaves turning yellow starting from the tips?,0,0
135,Do you notice any brown streaks on the leaf veins?,1,0
135,Is there a sticky residue on the leaf surface?,0,0
135,Are the leaves curling inward or downward?,1,0
135,Do you see any tiny white spots on the leaves?,1,0
135,Is there a foul or unusual smell from the leaves?,0,0
135,Are the leaf edges turning brown or dry?,0,0
135,Do the leaves have patches of light green or pale color?,1,0
135,Is the plant growth slower than usual?,0,0
135,Are the leaves falling off prematurely?,1,0
135,Do you see black fungal spots on the leaves?,0,0
135,Are ants or other insects frequently found on the leaves?,1,0
135,Is there any powdery white coating on the leaves?,0,0
135,Do you see small holes or eaten parts on the leaves?,1,0
135,Are the younger leaves affected more than older ones?,0,0
135,Is there any sticky honeydew on the underside of leaves?,1,0
135,Do the leaves feel brittle or dry to touch?,1,0
135,Are there any web-like structures on the leaves?,1,0
135,Is there any mold or mildew on the leaf surface?,0,0
135,Are the leaves drooping or wilted during the day?,1,0
135,Do you see any yellow rings or spots on the leaves?,0,0
135,Are the leaves thinner or smaller than normal?,1,0
135,Is there any rust-colored powder on the leaves?,0,0
135,Do you notice any leaf veins turning red or purple?,1,0
135,Are the leaves brittle and breaking easily?,0,0
135,Is the plant showing signs of nutrient deficiency?,1,0
135,Are there any whiteflies or aphids on the leaves?,0,0
135,Do the leaves have translucent patches?,0,0
135,Is there a sticky substance attracting ants?,0,0
135,Are the leaves clustered tightly together unusually?,0,0
135,Is the leaf surface rough or bumpy?,1,0
135,Are the plants less productive than usual?,1,0
135,Do you see any holes forming in the leaf blades?,1,0
135,Are the edges of the leaves curling upward?,1,0
135,Do you notice any faint yellow halos around spots?,1,0
135,Is there excessive moisture or dew on the leaves?,1,0
135,Are the leaves uneven in size and shape?,1,0
135,Do you see any leaves that look scorched or sunburned?,1,0
135,Are the leaves losing their natural shine?,1,0
135,Is there a sticky film on the leaf surface?,1,0
135,Do the affected leaves wilt faster during hot weather?,0,0
135,Are any parts of the leaf transparent or thin?,0,0
135,Do you notice any fungus-like growth near leaf stems?,0,0
135,Are the leaves changing color faster than normal?,1,0
135,Is the plant less vigorous than healthy plants?,0,0
135,Do you observe any yellowing around leaf margins?,1,0
135,Are the leaves curling unevenly or asymmetrically?,0,0
135,Do you see any spots that look oily or greasy?,0,0
136,Are the leaves turning yellow starting from the tips?,1,1
136,Do you notice any brown streaks on the leaf veins?,0,1
136,Is there a sticky residue on the leaf surface?,1,1
136,Are the leaves curling inward or downward?,0,1
136,Do you see any tiny white spots on the leaves?,1,1
136,Is there a foul or unusual smell from the leaves?,0,1
136,Are the leaf edges turning brown or dry?,1,1
136,Do the leaves have patches of light green or pale color?,0,1
136,Is the plant growth slower than usual?,1,1
136,Are the leaves falling off prematurely?,0,1
136,Do you see black fungal spots on the leaves?,0,1
136,Are ants or other insects frequently found on the leaves?,0,1
136,Is there any powdery white coating on the leaves?,1,1
136,Do you see small holes or eaten parts on the leaves?,0,1
136,Are the younger leaves affected more than older ones?,0,1
136,Is there any sticky honeydew on the underside of leaves?,0,1
136,Do the leaves feel brittle or dry to touch?,1,1
136,Are there any web-like structures on the leaves?,0,1
136,Is there any mold or mildew on the leaf surface?,1,1
136,Are the leaves drooping or wilted during the day?,0,1
136,Do you see any yellow rings or spots on the leaves?,1,1
136,Are the leaves thinner or smaller than normal?,1,1
136,Is there any rust-colored powder on the leaves?,1,1
136,Do you notice any leaf veins turning red or purple?,0,1
136,Are the leaves brittle and breaking easily?,1,1
136,Is the plant showing signs of nutrient deficiency?,0,1
136,Are there any whiteflies or aphids on the leaves?,1,1
136,Do the leaves have translucent patches?,0,1
136,Is there a sticky substance attracting ants?,1,1
136,Are the leaves clustered tightly together unusually?,0,1
136,Is the leaf surface rough or bumpy?,1,1
136,Are the plants less productive than usual?,0,1
136,Do you see any holes forming in the leaf blades?,0,1
136,Are the edges of the leaves curling upward?,1,1
136,Do you notice any faint yellow halos around spots?,1,1
136,Is there excessive moisture or dew on the leaves?,1,1
136,Are the leaves uneven in size and shape?,1,1
136,Do you see any leaves that look scorched or sunburned?,0,1
136,Are the leaves losing their natural shine?,1,1
136,Is there a sticky film on the leaf surface?,1,1
136,Do the affected leaves wilt faster during hot weather?,0,1
136,Are any parts of the leaf transparent or thin?,0,1
136,Do you notice any fungus-like growth near leaf stems?,1,1
136,Are the leaves changing color faster than normal?,0,1
136,Is the plant less vigorous than healthy plants?,0,1
136,Do you observe any yellowing around leaf margins?,0,1
136,Are the leaves curling unevenly or asymmetrically?,0,1
136,Do you see any spots that look oily or greasy?,0,1
137,Are the leaves turning yellow starting from the tips?,1,0
137,Do you notice any brown streaks on the leaf veins?,1,0
137,Is there a sticky residue on the leaf surface?,1,0
137,Are the leaves curling inward or downward?,1,0
137,Do you see any tiny white spots on the leaves?,0,0
137,Is there a foul or unusual smell from the leaves?,0,0
137,Are the leaf edges turning brown or dry?,0,0
137,Do the leaves have patches of light green or pale color?,1,0
137,Is the plant growth slower than usual?,0,0
137,Are the leaves falling off prematurely?,1,0
137,Do you see black fungal spots on the leaves?,0,0
137,Are ants or other insects frequently found on the leaves?,0,0
137,Is there any powdery white coating on the leaves?,0,0
137,Do you see small holes or eaten parts on the leaves?,1,0
137,Are the younger leaves affected more than older ones?,1,0
137,Is there any sticky honeydew on the underside of leaves?,1,0
137,Do the leaves feel brittle or dry to touch?,1,0
137,Are there any web-like structures on the leaves?,1,0
137,Is there any mold or mildew on the leaf surface?,1,0
137,Are the leaves drooping or wilted during the day?,1,0
137,Do you see any yellow rings or spots on the leaves?,0,0
137,Are the leaves thinner or smaller than normal?,0,0
137,Is there any rust-colored powder on the leaves?,0,0
137,Do you notice any leaf veins turning red or purple?,1,0
137,Are the leaves brittle and breaking easily?,0,0
137,Is the plant showing signs of nutrient deficiency?,1,0
137,Are there any whiteflies or aphids on the leaves?,0,0
137,Do the leaves have translucent patches?,1,0
137,Is there a sticky substance attracting ants?,0,0
137,Are the leaves clustered tightly together unusually?,1,0
137,Is the leaf surface rough or bumpy?,0,0
137,Are the plants less productive than usual?,1,0
137,Do you see any holes forming in the leaf blades?,1,0
137,Are the edges of the leaves curling upward?,1,0
137,Do you notice any faint yellow halos around spots?,0,0
137,Is there excessive moisture or dew on the leaves?,1,0
137,Are the leaves uneven in size and shape?,0,0
137,Do you see any leaves that look scorched or sunburned?,1,0
137,Are the leaves losing their natural shine?,0,0
137,Is there a sticky film on the leaf surface?,1,0
137,Do the affected leaves wilt faster during hot weather?,0,0
137,Are any parts of the leaf transparent or thin?,1,0
137,Do you notice any fungus-like growth near leaf stems?,0,0
137,Are the leaves changing color faster than normal?,1,0
137,Is the plant less vigorous than healthy plants?,0,0
137,Do you observe any yellowing around leaf margins?,1,0
137,Are the leaves curling unevenly or asymmetrically?,0,0
137,Do you see any spots that look oily or greasy?,0,0
138,Are the leaves turning yellow starting from the tips?,0,0
138,Do you notice any brown streaks on the leaf veins?,0,0
138,Is there a sticky residue on the leaf surface?,0,0
138,Are the leaves curling inward or downward?,1,0
138,Do you see any tiny white spots on the leaves?,0,0
138,Is there a foul or unusual smell from the leaves?,1,0
138,Are the leaf edges turning brown or dry?,1,0
138,Do the leaves have patches of light green or pale color?,1,0
138,Is the plant growth slower than usual?,0,0
138,Are the leaves falling off prematurely?,1,0
138,Do you see black fungal spots on the leaves?,0,0
138,Are ants or other insects frequently found on the leaves?,0,0
138,Is there any powdery white coating on the leaves?,0,0
138,Do you see small holes or eaten parts on the leaves?,1,0
138,Are the younger leaves affected more than older ones?,0,0
138,Is there any sticky honeydew on the underside of leaves?,1,0
138,Do the leaves feel brittle or dry to touch?,1,0
138,Are there any web-like structures on the leaves?,1,0
138,Is there any mold or mildew on the leaf surface?,1,0
138,Are the leaves drooping or wilted during the day?,1,0
138,Do you see any yellow rings or spots on the leaves?,0,0
138,Are the leaves thinner or smaller than normal?,0,0
138,Is there any rust-colored powder on the leaves?,0,0
138,Do you notice any leaf veins turning red or purple?,1,0
138,Are the leaves brittle and breaking easily?,0,0
138,Is the plant showing signs of nutrient deficiency?,1,0
138,Are there any whiteflies or aphids on the leaves?,0,0
138,Do the leaves have translucent patches?,0,0
138,Is there a sticky substance attracting ants?,1,0
138,Are the leaves clustered tightly together unusually?,1,0
138,Is the leaf surface rough or bumpy?,0,0
138,Are the plants less productive than usual?,1,0
138,Do you see any holes forming in the leaf blades?,0,0
138,Are the edges of the leaves curling upward?,1,0
138,Do you notice any faint yellow halos around spots?,0,0
138,Is there excessive moisture or dew on the leaves?,1,0
138,Are the leaves uneven in size and shape?,1,0
138,Do you see any leaves that look scorched or sunburned?,1,0
138,Are the leaves losing their natural shine?,0,0
138,Is there a sticky film on the leaf surface?,0,0
138,Do the affected leaves wilt faster during hot weather?,0,0
138,Are any parts of the leaf transparent or thin?,1,0
138,Do you notice any fungus-like growth near leaf stems?,0,0
138,Are the leaves changing color faster than normal?,1,0
138,Is the plant less vigorous than healthy plants?,0,0
138,Do you observe any yellowing around leaf margins?,1,0
138,Are the leaves curling unevenly or asymmetrically?,0,0
138,Do you see any spots that look oily or greasy?,1,0
139,Are the leaves turning yellow starting from the tips?,1,1
139,Do you notice any brown streaks on the leaf veins?,0,1
139,Is there a sticky residue on the leaf surface?,1,1
139,Are the leaves curling inward or downward?,1,1
139,Do you see any tiny white spots on the leaves?,1,1
139,Is there a foul or unusual smell from the leaves?,0,1
139,Are the leaf edges turning brown or dry?,1,1
139,Do the leaves have patches of light green or pale color?,0,1
139,Is the plant growth slower than usual?,1,1
139,Are the leaves falling off prematurely?,1,1
139,Do you see black fungal spots on the leaves?,0,1
139,Are ants or other insects frequently found on the leaves?,1,1
139,Is there any powdery white coating on the leaves?,1,1
139,Do you see small holes or eaten parts on the leaves?,0,1
139,Are the younger leaves affected more than older ones?,1,1
139,Is there any sticky honeydew on the underside of leaves?,0,1
139,Do the leaves feel brittle or dry to touch?,1,1
139,Are there any web-like structures on the leaves?,0,1
139,Is there any mold or mildew on the leaf surface?,0,1
139,Are the leaves drooping or wilted during the day?,0,1
139,Do you see any yellow rings or spots on the leaves?,1,1
139,Are the leaves thinner or smaller than normal?,0,1
139,Is there any rust-colored powder on the leaves?,1,1
139,Do you notice any leaf veins turning red or purple?,0,1
139,Are the leaves brittle and breaking easily?,1,1
139,Is the plant showing signs of nutrient deficiency?,0,1
139,Are there any whiteflies or aphids on the leaves?,1,1
139,Do the leaves have translucent patches?,1,1
139,Is there a sticky substance attracting ants?,1,1
139,Are the leaves clustered tightly together unusually?,1,1
139,Is the leaf surface rough or bumpy?,1,1
139,Are the plants less productive than usual?,0,1
139,Do you see any holes forming in the leaf blades?,1,1
139,Are the edges of the leaves curling upward?,0,1
139,Do you notice any faint yellow halos around spots?,0,1
139,Is there excessive moisture or dew on the leaves?,1,1
139,Are the leaves uneven in size and shape?,1,1
139,Do you see any leaves that look scorched or sunburned?,0,1
139,Are the leaves losing their natural shine?,1,1
139,Is there a sticky film on the leaf surface?,0,1
139,Do the affected leaves wilt faster during hot weather?,0,1
139,Are any parts of the leaf transparent or thin?,0,1
139,Do you notice any fungus-like growth near leaf stems?,1,1
139,Are the leaves changing color faster than normal?,1,1
139,Is the plant less vigorous than healthy plants?,1,1
139,Do you observe any yellowing around leaf margins?,1,1
139,Are the leaves curling unevenly or asymmetrically?,1,1
139,Do you see any spots that look oily or greasy?,0,1
140,Are the leaves turning yellow starting from the tips?,0,0
140,Do you notice any brown streaks on the leaf veins?,1,0
140,Is there a sticky residue on the leaf surface?,0,0
140,Are the leaves curling inward or downward?,1,0
140,Do you see any tiny white spots on the leaves?,1,0
140,Is there a foul or unusual smell from the leaves?,1,0
140,Are the leaf edges turning brown or dry?,1,0
140,Do the leaves have patches of light green or pale color?,1,0
140,Is the plant growth slower than usual?,0,0
140,Are the leaves falling off prematurely?,1,0
140,Do you see black fungal spots on the leaves?,0,0
140,Are ants or other insects frequently found on the leaves?,1,0
140,Is there any powdery white coating on the leaves?,0,0
140,Do you see small holes or eaten parts on the leaves?,1,0
140,Are the younger leaves affected more than older ones?,1,0
140,Is there any sticky honeydew on the underside of leaves?,1,0
140,Do the leaves feel brittle or dry to touch?,1,0
140,Are there any web-like structures on the leaves?,0,0
140,Is there any mold or mildew on the leaf surface?,1,0
140,Are the leaves drooping or wilted during the day?,1,0
140,Do you see any yellow rings or spots on the leaves?,0,0
140,Are the leaves thinner or smaller than normal?,0,0
140,Is there any rust-colored powder on the leaves?,0,0
140,Do you notice any leaf veins turning red or purple?,0,0
140,Are the leaves brittle and breaking easily?,0,0
140,Is the plant showing signs of nutrient deficiency?,1,0
140,Are there any whiteflies or aphids on the leaves?,0,0
140,Do the leaves have translucent patches?,1,0
140,Is there a sticky substance attracting ants?,1,0
140,Are the leaves clustered tightly together unusually?,0,0
140,Is the leaf surface rough or bumpy?,0,0
140,Are the plants less productive than usual?,1,0
140,Do you see any holes forming in the leaf blades?,0,0
140,Are the edges of the leaves curling upward?,1,0
140,Do you notice any faint yellow halos around spots?,0,0
140,Is there excessive moisture or dew on the leaves?,0,0
140,Are the leaves uneven in size and shape?,0,0
140,Do you see any leaves that look scorched or sunburned?,1,0
140,Are the leaves losing their natural shine?,0,0
140,Is there a sticky film on the leaf surface?,1,0
140,Do the affected leaves wilt faster during hot weather?,0,0
140,Are any parts of the leaf transparent or thin?,1,0
140,Do you notice any fungus-like growth near leaf stems?,0,0
140,Are the leaves changing color faster than normal?,1,0
140,Is the plant less vigorous than healthy plants?,0,0
140,Do you observe any yellowing around leaf margins?,1,0
140,Are the leaves curling unevenly or asymmetrically?,0,0
140,Do you see any spots that look oily or greasy?,1,0
141,Are the leaves turning yellow starting from the tips?,0,0
141,Do you notice any brown streaks on the leaf veins?,1,0
141,Is there a sticky residue on the leaf surface?,1,0
141,Are the leaves curling inward or downward?,1,0
141,Do you see any tiny white spots on the leaves?,1,0
141,Is there a foul or unusual smell from the leaves?,1,0
141,Are the leaf edges turning brown or dry?,0,0
141,Do the leaves have patches of light green or pale color?,1,0
141,Is the plant growth slower than usual?,0,0
141,Are the leaves falling off prematurely?,1,0
141,Do you see black fungal spots on the leaves?,0,0
141,Are ants or other insects frequently found on the leaves?,1,0
141,Is there any powdery white coating on the leaves?,0,0
141,Do you see small holes or eaten parts on the leaves?,1,0
141,Are the younger leaves affected more than older ones?,0,0
141,Is there any sticky honeydew on the underside of leaves?,1,0
141,Do the leaves feel brittle or dry to touch?,0,0
141,Are there any web-like structures on the leaves?,1,0
141,Is there any mold or mildew on the leaf surface?,1,0
141,Are the leaves drooping or wilted during the day?,1,0
141,Do you see any yellow rings or spots on the leaves?,0,0
141,Are the leaves thinner or smaller than normal?,1,0
141,Is there any rust-colored powder on the leaves?,1,0
141,Do you notice any leaf veins turning red or purple?,1,0
141,Are the leaves brittle and breaking easily?,0,0
141,Is the plant showing signs of nutrient deficiency?,1,0
141,Are there any whiteflies or aphids on the leaves?,1,0
141,Do the leaves have translucent patches?,1,0
141,Is there a sticky substance attracting ants?,1,0
141,Are the leaves clustered tightly together unusually?,1,0
141,Is the leaf surface rough or bumpy?,0,0
141,Are the plants less productive than usual?,1,0
141,Do you see any holes forming in the leaf blades?,1,0
141,Are the edges of the leaves curling upward?,1,0
141,Do you notice any faint yellow halos around spots?,0,0
141,Is there excessive moisture or dew on the leaves?,1,0
141,Are the leaves uneven in size and shape?,0,0
141,Do you see any leaves that look scorched or sunburned?,1,0
141,Are the leaves losing their natural shine?,1,0
141,Is there a sticky film on the leaf surface?,1,0
141,Do the affected leaves wilt faster during hot weather?,1,0
141,Are any parts of the leaf transparent or thin?,1,0
141,Do you notice any fungus-like growth near leaf stems?,0,0
141,Are the leaves changing color faster than normal?,1,0
141,Is the plant less vigorous than healthy plants?,0,0
141,Do you observe any yellowing around leaf margins?,1,0
141,Are the leaves curling unevenly or asymmetrically?,0,0
141,Do you see any spots that look oily or greasy?,1,0
142,Are the leaves turning yellow starting from the tips?,0,1
142,Do you notice any brown streaks on the leaf veins?,1,1
142,Is there a sticky residue on the leaf surface?,1,1
142,Are the leaves curling inward or downward?,0,1
142,Do you see any tiny white spots on the leaves?,1,1
142,Is there a foul or unusual smell from the leaves?,0,1
142,Are the leaf edges turning brown or dry?,1,1
142,Do the leaves have patches of light green or pale color?,1,1
142,Is the plant growth slower than usual?,1,1
142,Are the leaves falling off prematurely?,0,1
142,Do you see black fungal spots on the leaves?,1,1
142,Are ants or other insects frequently found on the leaves?,0,1
142,Is there any powdery white coating on the leaves?,1,1
142,Do you see small holes or eaten parts on the leaves?,0,1
142,Are the younger leaves affected more than older ones?,1,1
142,Is there any sticky honeydew on the underside of leaves?,1,1
142,Do the leaves feel brittle or dry to touch?,1,1
142,Are there any web-like structures on the leaves?,1,1
142,Is there any mold or mildew on the leaf surface?,1,1
142,Are the leaves drooping or wilted during the day?,1,1
142,Do you see any yellow rings or spots on the leaves?,1,1
142,Are the leaves thinner or smaller than normal?,0,1
142,Is there any rust-colored powder on the leaves?,1,1
142,Do you notice any leaf veins turning red or purple?,0,1
142,Are the leaves brittle and breaking easily?,1,1
142,Is the plant showing signs of nutrient deficiency?,0,1
142,Are there any whiteflies or aphids on the leaves?,1,1
142,Do the leaves have translucent patches?,0,1
142,Is there a sticky substance attracting ants?,1,1
142,Are the leaves clustered tightly together unusually?,0,1
142,Is the leaf surface rough or bumpy?,1,1
142,Are the plants less productive than usual?,0,1
142,Do you see any holes forming in the leaf blades?,1,1
142,Are the edges of the leaves curling upward?,1,1
142,Do you notice any faint yellow halos around spots?,0,1
142,Is there excessive moisture or dew on the leaves?,0,1
142,Are the leaves uneven in size and shape?,0,1
142,Do you see any leaves that look scorched or sunburned?,0,1
142,Are the leaves losing their natural shine?,1,1
142,Is there a sticky film on the leaf surface?,0,1
142,Do the affected leaves wilt faster during hot weather?,1,1
142,Are any parts of the leaf transparent or thin?,1,1
142,Do you notice any fungus-like growth near leaf stems?,1,1
142,Are the leaves changing color faster than normal?,0,1
142,Is the plant less vigorous than healthy plants?,1,1
142,Do you observe any yellowing around leaf margins?,1,1
142,Are the leaves curling unevenly or asymmetrically?,1,1
142,Do you see any spots that look oily or greasy?,0,1
143,Are the leaves turning yellow starting from the tips?,1,1
143,Do you notice any brown streaks on the leaf veins?,0,1
143,Is there a sticky residue on the leaf surface?,1,1
143,Are the leaves curling inward or downward?,0,1
143,Do you see any tiny white spots on the leaves?,1,1
143,Is there a foul or unusual smell from the leaves?,1,1
143,Are the leaf edges turning brown or dry?,1,1
143,Do the leaves have patches of light green or pale color?,0,1
143,Is the plant growth slower than usual?,1,1
143,Are the leaves falling off prematurely?,0,1
143,Do you see black fungal spots on the leaves?,1,1
143,Are ants or other insects frequently found on the leaves?,0,1
143,Is there any powdery white coating on the leaves?,1,1
143,Do you see small holes or eaten parts on the leaves?,0,1
143,Are the younger leaves affected more than older ones?,1,1
143,Is there any sticky honeydew on the underside of leaves?,0,1
143,Do the leaves feel brittle or dry to touch?,1,1
143,Are there any web-like structures on the leaves?,0,1
143,Is there any mold or mildew on the leaf surface?,1,1
143,Are the leaves drooping or wilted during the day?,0,1
143,Do you see any yellow rings or spots on the leaves?,0,1
143,Are the leaves thinner or smaller than normal?,0,1
143,Is there any rust-colored powder on the leaves?,1,1
143,Do you notice any leaf veins turning red or purple?,0,1
143,Are the leaves brittle and breaking easily?,1,1
143,Is the plant showing signs of nutrient deficiency?,0,1
143,Are there any whiteflies or aphids on the leaves?,1,1
143,Do the leaves have translucent patches?,0,1
143,Is there a sticky substance attracting ants?,1,1
143,Are the leaves clustered tightly together unusually?,0,1
143,Is the leaf surface rough or bumpy?,1,1
143,Are the plants less productive than usual?,0,1
143,Do you see any holes forming in the leaf blades?,0,1
143,Are the edges of the leaves curling upward?,1,1
143,Do you notice any faint yellow halos around spots?,1,1
143,Is there excessive moisture or dew on the leaves?,0,1
143,Are the leaves uneven in size and shape?,0,1
143,Do you see any leaves that look scorched or sunburned?,0,1
143,Are the leaves losing their natural shine?,0,1
143,Is there a sticky film on the leaf surface?,0,1
143,Do the affected leaves wilt faster during hot weather?,1,1
143,Are any parts of the leaf transparent or thin?,0,1
143,Do you notice any fungus-like growth near leaf stems?,1,1
143,Are the leaves changing color faster than normal?,0,1
143,Is the plant less vigorous than healthy plants?,1,1
143,Do you observe any yellowing around leaf margins?,0,1
143,Are the leaves curling unevenly or asymmetrically?,1,1
143,Do you see any spots that look oily or greasy?,0,1
144,Are the leaves turning yellow starting from the tips?,0,0
144,Do you notice any brown streaks on the leaf veins?,1,0
144,Is there a sticky residue on the leaf surface?,0,0
144,Are the leaves curling inward or downward?,1,0
144,Do you see any tiny white spots on the leaves?,0,0
144,Is there a foul or unusual smell from the leaves?,0,0
144,Are the leaf edges turning brown or dry?,0,0
144,Do the leaves have patches of light green or pale color?,1,0
144,Is the plant growth slower than usual?,0,0
144,Are the leaves falling off prematurely?,1,0
144,Do you see black fungal spots on the leaves?,0,0
144,Are ants or other insects frequently found on the leaves?,0,0
144,Is there any powdery white coating on the leaves?,0,0
144,Do you see small holes or eaten parts on the leaves?,1,0
144,Are the younger leaves affected more than older ones?,0,0
144,Is there any sticky honeydew on the underside of leaves?,1,0
144,Do the leaves feel brittle or dry to touch?,0,0
144,Are there any web-like structures on the leaves?,0,0
144,Is there any mold or mildew on the leaf surface?,1,0
144,Are the leaves drooping or wilted during the day?,1,0
144,Do you see any yellow rings or spots on the leaves?,0,0
144,Are the leaves thinner or smaller than normal?,1,0
144,Is there any rust-colored powder on the leaves?,0,0
144,Do you notice any leaf veins turning red or purple?,1,0
144,Are the leaves brittle and breaking easily?,1,0
144,Is the plant showing signs of nutrient deficiency?,1,0
144,Are there any whiteflies or aphids on the leaves?,1,0
144,Do the leaves have translucent patches?,1,0
144,Is there a sticky substance attracting ants?,1,0
144,Are the leaves clustered tightly together unusually?,1,0
144,Is the leaf surface rough or bumpy?,0,0
144,Are the plants less productive than usual?,1,0
144,Do you see any holes forming in the leaf blades?,0,0
144,Are the edges of the leaves curling upward?,1,0
144,Do you notice any faint yellow halos around spots?,0,0
144,Is there excessive moisture or dew on the leaves?,0,0
144,Are the leaves uneven in size and shape?,0,0
144,Do you see any leaves that look scorched or sunburned?,1,0
144,Are the leaves losing their natural shine?,1,0
144,Is there a sticky film on the leaf surface?,1,0
144,Do the affected leaves wilt faster during hot weather?,0,0
144,Are any parts of the leaf transparent or thin?,1,0
144,Do you notice any fungus-like growth near leaf stems?,0,0
144,Are the leaves changing color faster than normal?,1,0
144,Is the plant less vigorous than healthy plants?,1,0
144,Do you observe any yellowing around leaf margins?,1,0
144,Are the leaves curling unevenly or asymmetrically?,0,0
144,Do you see any spots that look oily or greasy?,0,0
145,Are the leaves turning yellow starting from the tips?,1,1
145,Do you notice any brown streaks on the leaf veins?,0,1
145,Is there a sticky residue on the leaf surface?,1,1
145,Are the leaves curling inward or downward?,0,1
145,Do you see any tiny white spots on the leaves?,0,1
145,Is there a foul or unusual smell from the leaves?,1,1
145,Are the leaf edges turning brown or dry?,1,1
145,Do the leaves have patches of light green or pale color?,0,1
145,Is the plant growth slower than usual?,1,1
145,Are the leaves falling off prematurely?,0,1
145,Do you see black fungal spots on the leaves?,1,1
145,Are ants or other insects frequently found on the leaves?,0,1
145,Is there any powdery white coating on the leaves?,1,1
145,Do you see small holes or eaten parts on the leaves?,0,1
145,Are the younger leaves affected more than older ones?,1,1
145,Is there any sticky honeydew on the underside of leaves?,1,1
145,Do the leaves feel brittle or dry to touch?,0,1
145,Are there any web-like structures on the leaves?,0,1
145,Is there any mold or mildew on the leaf surface?,0,1
145,Are the leaves drooping or wilted during the day?,0,1
145,Do you see any yellow rings or spots on the leaves?,0,1
145,Are the leaves thinner or smaller than normal?,0,1
145,Is there any rust-colored powder on the leaves?,1,1
145,Do you notice any leaf veins turning red or purple?,1,1
145,Are the leaves brittle and breaking easily?,0,1
145,Is the plant showing signs of nutrient deficiency?,0,1
145,Are there any whiteflies or aphids on the leaves?,0,1
145,Do the leaves have translucent patches?,0,1
145,Is there a sticky substance attracting ants?,1,1
145,Are the leaves clustered tightly together unusually?,0,1
145,Is the leaf surface rough or bumpy?,1,1
145,Are the plants less productive than usual?,0,1
145,Do you see any holes forming in the leaf blades?,1,1
145,Are the edges of the leaves curling upward?,1,1
145,Do you notice any faint yellow halos around spots?,1,1
145,Is there excessive moisture or dew on the leaves?,0,1
145,Are the leaves uneven in size and shape?,1,1
145,Do you see any leaves that look scorched or sunburned?,0,1
145,Are the leaves losing their natural shine?,1,1
145,Is there a sticky film on the leaf surface?,0,1
145,Do the affected leaves wilt faster during hot weather?,1,1
145,Are any parts of the leaf transparent or thin?,0,1
145,Do you notice any fungus-like growth near leaf stems?,1,1
145,Are the leaves changing color faster than normal?,0,1
145,Is the plant less vigorous than healthy plants?,1,1
145,Do you observe any yellowing around leaf margins?,0,1
145,Are the leaves curling unevenly or asymmetrically?,1,1
145,Do you see any spots that look oily or greasy?,0,1
146,Are the leaves turning yellow starting from the tips?,0,0
146,Do you notice any brown streaks on the leaf veins?,1,0
146,Is there a sticky residue on the leaf surface?,1,0
146,Are the leaves curling inward or downward?,1,0
146,Do you see any tiny white spots on the leaves?,1,0
146,Is there a foul or unusual smell from the leaves?,1,0
146,Are the leaf edges turning brown or dry?,0,0
146,Do the leaves have patches of light green or pale color?,0,0
146,Is the plant growth slower than usual?,0,0
146,Are the leaves falling off prematurely?,1,0
146,Do you see black fungal spots on the leaves?,0,0
146,Are ants or other insects frequently found on the leaves?,0,0
146,Is there any powdery white coating on the leaves?,0,0
146,Do you see small holes or eaten parts on the leaves?,1,0
146,Are the younger leaves affected more than older ones?,0,0
146,Is there any sticky honeydew on the underside of leaves?,1,0
146,Do the leaves feel brittle or dry to touch?,1,0
146,Are there any web-like structures on the leaves?,1,0
146,Is there any mold or mildew on the leaf surface?,0,0
146,Are the leaves drooping or wilted during the day?,1,0
146,Do you see any yellow rings or spots on the leaves?,1,0
146,Are the leaves thinner or smaller than normal?,0,0
146,Is there any rust-colored powder on the leaves?,1,0
146,Do you notice any leaf veins turning red or purple?,1,0
146,Are the leaves brittle and breaking easily?,0,0
146,Is the plant showing signs of nutrient deficiency?,1,0
146,Are there any whiteflies or aphids on the leaves?,0,0
146,Do the leaves have translucent patches?,1,0
146,Is there a sticky substance attracting ants?,1,0
146,Are the leaves clustered tightly together unusually?,0,0
146,Is the leaf surface rough or bumpy?,0,0
146,Are the plants less productive than usual?,1,0
146,Do you see any holes forming in the leaf blades?,0,0
146,Are the edges of the leaves curling upward?,1,0
146,Do you notice any faint yellow halos around spots?,1,0
146,Is there excessive moisture or dew on the leaves?,0,0
146,Are the leaves uneven in size and shape?,1,0
146,Do you see any leaves that look scorched or sunburned?,0,0
146,Are the leaves losing their natural shine?,0,0
146,Is there a sticky film on the leaf surface?,1,0
146,Do the affected leaves wilt faster during hot weather?,0,0
146,Are any parts of the leaf transparent or thin?,1,0
146,Do you notice any fungus-like growth near leaf stems?,0,0
146,Are the leaves changing color faster than normal?,1,0
146,Is the plant less vigorous than healthy plants?,0,0
146,Do you observe any yellowing around leaf margins?,1,0
146,Are the leaves curling unevenly or asymmetrically?,0,0
146,Do you see any spots that look oily or greasy?,1,0
147,Are the leaves turning yellow starting from the tips?,1,0
147,Do you notice any brown streaks on the leaf veins?,1,0
147,Is there a sticky residue on the leaf surface?,0,0
147,Are the leaves curling inward or downward?,1,0
147,Do you see any tiny white spots on the leaves?,1,0
147,Is there a foul or unusual smell from the leaves?,1,0
147,Are the leaf edges turning brown or dry?,0,0
147,Do the leaves have patches of light green or pale color?,1,0
147,Is the plant growth slower than usual?,0,0
147,Are the leaves falling off prematurely?,1,0
147,Do you see black fungal spots on the leaves?,0,0
147,Are ants or other insects frequently found on the leaves?,1,0
147,Is there any powdery white coating on the leaves?,0,0
147,Do you see small holes or eaten parts on the leaves?,1,0
147,Are the younger leaves affected more than older ones?,0,0
147,Is there any sticky honeydew on the underside of leaves?,1,0
147,Do the leaves feel brittle or dry to touch?,0,0
147,Are there any web-like structures on the leaves?,1,0
147,Is there any mold or mildew on the leaf surface?,0,0
147,Are the leaves drooping or wilted during the day?,1,0
147,Do you see any yellow rings or spots on the leaves?,0,0
147,Are the leaves thinner or smaller than normal?,1,0
147,Is there any rust-colored powder on the leaves?,0,0
147,Do you notice any leaf veins turning red or purple?,1,0
147,Are the leaves brittle and breaking easily?,0,0
147,Is the plant showing signs of nutrient deficiency?,1,0
147,Are there any whiteflies or aphids on the leaves?,0,0
147,Do the leaves have translucent patches?,1,0
147,Is there a sticky substance attracting ants?,0,0
147,Are the leaves clustered tightly together unusually?,1,0
147,Is the leaf surface rough or bumpy?,0,0
147,Are the plants less productive than usual?,1,0
147,Do you see any holes forming in the leaf blades?,0,0
147,Are the edges of the leaves curling upward?,1,0
147,Do you notice any faint yellow halos around spots?,0,0
147,Is there excessive moisture or dew on the leaves?,1,0
147,Are the leaves uneven in size and shape?,0,0
147,Do you see any leaves that look scorched or sunburned?,1,0
147,Are the leaves losing their natural shine?,0,0
147,Is there a sticky film on the leaf surface?,0,0
147,Do the affected leaves wilt faster during hot weather?,0,0
147,Are any parts of the leaf transparent or thin?,1,0
147,Do you notice any fungus-like growth near leaf stems?,0,0
147,Are the leaves changing color faster than normal?,1,0
147,Is the plant less vigorous than healthy plants?,0,0
147,Do you observe any yellowing around leaf margins?,1,0
147,Are the leaves curling unevenly or asymmetrically?,0,0
147,Do you see any spots that look oily or greasy?,1,0
148,Are the leaves turning yellow starting from the tips?,1,1
148,Do you notice any brown streaks on the leaf veins?,0,1
148,Is there a sticky residue on the leaf surface?,1,1
148,Are the leaves curling inward or downward?,0,1
148,Do you see any tiny white spots on the leaves?,1,1
148,Is there a foul or unusual smell from the leaves?,1,1
148,Are the leaf edges turning brown or dry?,0,1
148,Do the leaves have patches of light green or pale color?,0,1
148,Is the plant growth slower than usual?,1,1
148,Are the leaves falling off prematurely?,0,1
148,Do you see black fungal spots on the leaves?,1,1
148,Are ants or other insects frequently found on the leaves?,0,1
148,Is there any powdery white coating on the leaves?,1,1
148,Do you see small holes or eaten parts on the leaves?,0,1
148,Are the younger leaves affected more than older ones?,1,1
148,Is there any sticky honeydew on the underside of leaves?,1,1
148,Do the leaves feel brittle or dry to touch?,1,1
148,Are there any web-like structures on the leaves?,0,1
148,Is there any mold or mildew on the leaf surface?,1,1
148,Are the leaves drooping or wilted during the day?,0,1
148,Do you see any yellow rings or spots on the leaves?,1,1
148,Are the leaves thinner or smaller than normal?,0,1
148,Is there any rust-colored powder on the leaves?,1,1
148,Do you notice any leaf veins turning red or purple?,0,1
148,Are the leaves brittle and breaking easily?,1,1
148,Is the plant showing signs of nutrient deficiency?,1,1
148,Are there any whiteflies or aphids on the leaves?,1,1
148,Do the leaves have translucent patches?,0,1
148,Is there a sticky substance attracting ants?,1,1
148,Are the leaves clustered tightly together unusually?,1,1
148,Is the leaf surface rough or bumpy?,0,1
148,Are the plants less productive than usual?,0,1
148,Do you see any holes forming in the leaf blades?,1,1
148,Are the edges of the leaves curling upward?,0,1
148,Do you notice any faint yellow halos around spots?,1,1
148,Is there excessive moisture or dew on the leaves?,1,1
148,Are the leaves uneven in size and shape?,1,1
148,Do you see any leaves that look scorched or sunburned?,0,1
148,Are the leaves losing their natural shine?,1,1
148,Is there a sticky film on the leaf surface?,0,1
148,Do the affected leaves wilt faster during hot weather?,1,1
148,Are any parts of the leaf transparent or thin?,0,1
148,Do you notice any fungus-like growth near leaf stems?,1,1
148,Are the leaves changing color faster than normal?,0,1
148,Is the plant less vigorous than healthy plants?,1,1
148,Do you observe any yellowing around leaf margins?,0,1
148,Are the leaves curling unevenly or asymmetrically?,1,1
148,Do you see any spots that look oily or greasy?,0,1
149,Are the leaves turning yellow starting from the tips?,0,0
149,Do you notice any brown streaks on the leaf veins?,1,0
149,Is there a sticky residue on the leaf surface?,0,0
149,Are the leaves curling inward or downward?,1,0
149,Do you see any tiny white spots on the leaves?,0,0
149,Is there a foul or unusual smell from the leaves?,0,0
149,Are the leaf edges turning brown or dry?,0,0
149,Do the leaves have patches of light green or pale color?,0,0
149,Is the plant growth slower than usual?,0,0
149,Are the leaves falling off prematurely?,1,0
149,Do you see black fungal spots on the leaves?,0,0
149,Are ants or other insects frequently found on the leaves?,0,0
149,Is there any powdery white coating on the leaves?,0,0
149,Do you see small holes or eaten parts on the leaves?,1,0
149,Are the younger leaves affected more than older ones?,0,0
149,Is there any sticky honeydew on the underside of leaves?,1,0
149,Do the leaves feel brittle or dry to touch?,1,0
149,Are there any web-like structures on the leaves?,1,0
149,Is there any mold or mildew on the leaf surface?,0,0
149,Are the leaves drooping or wilted during the day?,0,0
149,Do you see any yellow rings or spots on the leaves?,0,0
149,Are the leaves thinner or smaller than normal?,1,0
149,Is there any rust-colored powder on the leaves?,0,0
149,Do you notice any leaf veins turning red or purple?,1,0
149,Are the leaves brittle and breaking easily?,1,0
149,Is the plant showing signs of nutrient deficiency?,1,0
149,Are there any whiteflies or aphids on the leaves?,0,0
149,Do the leaves have translucent patches?,1,0
149,Is there a sticky substance attracting ants?,0,0
149,Are the leaves clustered tightly together unusually?,1,0
149,Is the leaf surface rough or bumpy?,0,0
149,Are the plants less productive than usual?,1,0
149,Do you see any holes forming in the leaf blades?,0,0
149,Are the edges of the leaves curling upward?,0,0
149,Do you notice any faint yellow halos around spots?,0,0
149,Is there excessive moisture or dew on the leaves?,1,0
149,Are the leaves uneven in size and shape?,0,0
149,Do you see any leaves that look scorched or sunburned?,1,0
149,Are the leaves losing their natural shine?,0,0
149,Is there a sticky film on the leaf surface?,0,0
149,Do the affected leaves wilt faster during hot weather?,0,0
149,Are any parts of the leaf transparent or thin?,1,0
149,Do you notice any fungus-like growth near leaf stems?,0,0
149,Are the leaves changing color faster than normal?,1,0
149,Is the plant less vigorous than healthy plants?,0,0
149,Do you observe any yellowing around leaf margins?,1,0
149,Are the leaves curling unevenly or asymmetrically?,0,0
149,Do you see any spots that look oily or greasy?,1,0
150,Are the leaves turning yellow starting from the tips?,0,0
150,Do you notice any brown streaks on the leaf veins?,1,0
150,Is there a sticky residue on the leaf surface?,0,0
150,Are the leaves curling inward or downward?,1,0
150,Do you see any tiny white spots on the leaves?,0,0
150,Is there a foul or unusual smell from the leaves?,1,0
150,Are the leaf edges turning brown or dry?,0,0
150,Do the leaves have patches of light green or pale color?,1,0
150,Is the plant growth slower than usual?,0,0
150,Are the leaves falling off prematurely?,1,0
150,Do you see black fungal spots on the leaves?,0,0
150,Are ants or other insects frequently found on the leaves?,1,0
150,Is there any powdery white coating on the leaves?,0,0
150,Do you see small holes or eaten parts on the leaves?,1,0
150,Are the younger leaves affected more than older ones?,0,0
150,Is there any sticky honeydew on the underside of leaves?,1,0
150,Do the leaves feel brittle or dry to touch?,0,0
150,Are there any web-like structures on the leaves?,1,0
150,Is there any mold or mildew on the leaf surface?,0,0
150,Are the leaves drooping or wilted during the day?,1,0
150,Do you see any yellow rings or spots on the leaves?,0,0
150,Are the leaves thinner or smaller than normal?,1,0
150,Is there any rust-colored powder on the leaves?,0,0
150,Do you notice any leaf veins turning red or purple?,0,0
150,Are the leaves brittle and breaking easily?,0,0
150,Is the plant showing signs of nutrient deficiency?,1,0
150,Are there any whiteflies or aphids on the leaves?,0,0
150,Do the leaves have translucent patches?,1,0
150,Is there a sticky substance attracting ants?,0,0
150,Are the leaves clustered tightly together unusually?,0,0
150,Is the leaf surface rough or bumpy?,1,0
150,Are the plants less productive than usual?,1,0
150,Do you see any holes forming in the leaf blades?,1,0
150,Are the edges of the leaves curling upward?,0,0
150,Do you notice any faint yellow halos around spots?,0,0
150,Is there excessive moisture or dew on the leaves?,1,0
150,Are the leaves uneven in size and shape?,1,0
150,Do you see any leaves that look scorched or sunburned?,1,0
150,Are the leaves losing their natural shine?,0,0
150,Is there a sticky film on the leaf surface?,0,0
150,Do the affected leaves wilt faster during hot weather?,0,0
150,Are any parts of the leaf transparent or thin?,1,0
150,Do you notice any fungus-like growth near leaf stems?,0,0
150,Are the leaves changing color faster than normal?,1,0
150,Is the plant less vigorous than healthy plants?,0,0
150,Do you observe any yellowing around leaf margins?,1,0
150,Are the leaves curling unevenly or asymmetrically?,0,0
150,Do you see any spots that look oily or greasy?,1,0
151,Are the leaves turning yellow starting from the tips?,0,0
151,Do you notice any brown streaks on the leaf veins?,1,0
151,Is there a sticky residue on the leaf surface?,0,0
151,Are the leaves curling inward or downward?,1,0
151,Do you see any tiny white spots on the leaves?,0,0
151,Is there a foul or unusual smell from the leaves?,0,0
151,Are the leaf edges turning brown or dry?,0,0
151,Do the leaves have patches of light green or pale color?,1,0
151,Is the plant growth slower than usual?,0,0
151,Are the leaves falling off prematurely?,1,0
151,Do you see black fungal spots on the leaves?,0,0
151,Are ants or other insects frequently found on the leaves?,0,0
151,Is there any powdery white coating on the leaves?,0,0
151,Do you see small holes or eaten parts on the leaves?,1,0
151,Are the younger leaves affected more than older ones?,0,0
151,Is there any sticky honeydew on the underside of leaves?,1,0
151,Do the leaves feel brittle or dry to touch?,0,0
151,Are there any web-like structures on the leaves?,1,0
151,Is there any mold or mildew on the leaf surface?,0,0
151,Are the leaves drooping or wilted during the day?,0,0
151,Do you see any yellow rings or spots on the leaves?,1,0
151,Are the leaves thinner or smaller than normal?,1,0
151,Is there any rust-colored powder on the leaves?,0,0
151,Do you notice any leaf veins turning red or purple?,0,0
151,Are the leaves brittle and breaking easily?,0,0
151,Is the plant showing signs of nutrient deficiency?,0,0
151,Are there any whiteflies or aphids on the leaves?,0,0
151,Do the leaves have translucent patches?,1,0
151,Is there a sticky substance attracting ants?,1,0
151,Are the leaves clustered tightly together unusually?,0,0
151,Is the leaf surface rough or bumpy?,0,0
151,Are the plants less productive than usual?,1,0
151,Do you see any holes forming in the leaf blades?,0,0
151,Are the edges of the leaves curling upward?,1,0
151,Do you notice any faint yellow halos around spots?,0,0
151,Is there excessive moisture or dew on the leaves?,1,0
151,Are the leaves uneven in size and shape?,1,0
151,Do you see any leaves that look scorched or sunburned?,1,0
151,Are the leaves losing their natural shine?,0,0
151,Is there a sticky film on the leaf surface?,1,0
151,Do the affected leaves wilt faster during hot weather?,1,0
151,Are any parts of the leaf transparent or thin?,1,0
151,Do you notice any fungus-like growth near leaf stems?,0,0
151,Are the leaves changing color faster than normal?,0,0
151,Is the plant less vigorous than healthy plants?,0,0
151,Do you observe any yellowing around leaf margins?,1,0
151,Are the leaves curling unevenly or asymmetrically?,0,0
151,Do you see any spots that look oily or greasy?,0,0
152,Are the leaves turning yellow starting from the tips?,1,1
152,Do you notice any brown streaks on the leaf veins?,0,1
152,Is there a sticky residue on the leaf surface?,0,1
152,Are the leaves curling inward or downward?,1,1
152,Do you see any tiny white spots on the leaves?,1,1
152,Is there a foul or unusual smell from the leaves?,0,1
152,Are the leaf edges turning brown or dry?,0,1
152,Do the leaves have patches of light green or pale color?,0,1
152,Is the plant growth slower than usual?,1,1
152,Are the leaves falling off prematurely?,0,1
152,Do you see black fungal spots on the leaves?,1,1
152,Are ants or other insects frequently found on the leaves?,0,1
152,Is there any powdery white coating on the leaves?,1,1
152,Do you see small holes or eaten parts on the leaves?,0,1
152,Are the younger leaves affected more than older ones?,0,1
152,Is there any sticky honeydew on the underside of leaves?,0,1
152,Do the leaves feel brittle or dry to touch?,1,1
152,Are there any web-like structures on the leaves?,0,1
152,Is there any mold or mildew on the leaf surface?,1,1
152,Are the leaves drooping or wilted during the day?,0,1
152,Do you see any yellow rings or spots on the leaves?,1,1
152,Are the leaves thinner or smaller than normal?,0,1
152,Is there any rust-colored powder on the leaves?,1,1
152,Do you notice any leaf veins turning red or purple?,0,1
152,Are the leaves brittle and breaking easily?,0,1
152,Is the plant showing signs of nutrient deficiency?,0,1
152,Are there any whiteflies or aphids on the leaves?,1,1
152,Do the leaves have translucent patches?,1,1
152,Is there a sticky substance attracting ants?,1,1
152,Are the leaves clustered tightly together unusually?,0,1
152,Is the leaf surface rough or bumpy?,1,1
152,Are the plants less productive than usual?,0,1
152,Do you see any holes forming in the leaf blades?,1,1
152,Are the edges of the leaves curling upward?,0,1
152,Do you notice any faint yellow halos around spots?,0,1
152,Is there excessive moisture or dew on the leaves?,0,1
152,Are the leaves uneven in size and shape?,1,1
152,Do you see any leaves that look scorched or sunburned?,1,1
152,Are the leaves losing their natural shine?,1,1
152,Is there a sticky film on the leaf surface?,0,1
152,Do the affected leaves wilt faster during hot weather?,1,1
152,Are any parts of the leaf transparent or thin?,0,1
152,Do you notice any fungus-like growth near leaf stems?,1,1
152,Are the leaves changing color faster than normal?,0,1
152,Is the plant less vigorous than healthy plants?,1,1
152,Do you observe any yellowing around leaf margins?,0,1
152,Are the leaves curling unevenly or asymmetrically?,0,1
152,Do you see any spots that look oily or greasy?,0,1
153,Are the leaves turning yellow starting from the tips?,0,1
153,Do you notice any brown streaks on the leaf veins?,0,1
153,Is there a sticky residue on the leaf surface?,1,1
153,Are the leaves curling inward or downward?,0,1
153,Do you see any tiny white spots on the leaves?,0,1
153,Is there a foul or unusual smell from the leaves?,0,1
153,Are the leaf edges turning brown or dry?,1,1
153,Do the leaves have patches of light green or pale color?,0,1
153,Is the plant growth slower than usual?,1,1
153,Are the leaves falling off prematurely?,1,1
153,Do you see black fungal spots on the leaves?,1,1
153,Are ants or other insects frequently found on the leaves?,0,1
153,Is there any powdery white coating on the leaves?,1,1
153,Do you see small holes or eaten parts on the leaves?,0,1
153,Are the younger leaves affected more than older ones?,1,1
153,Is there any sticky honeydew on the underside of leaves?,0,1
153,Do the leaves feel brittle or dry to touch?,1,1
153,Are there any web-like structures on the leaves?,0,1
153,Is there any mold or mildew on the leaf surface?,1,1
153,Are the leaves drooping or wilted during the day?,1,1
153,Do you see any yellow rings or spots on the leaves?,1,1
153,Are the leaves thinner or smaller than normal?,0,1
153,Is there any rust-colored powder on the leaves?,1,1
153,Do you notice any leaf veins turning red or purple?,0,1
153,Are the leaves brittle and breaking easily?,1,1
153,Is the plant showing signs of nutrient deficiency?,0,1
153,Are there any whiteflies or aphids on the leaves?,1,1
153,Do the leaves have translucent patches?,0,1
153,Is there a sticky substance attracting ants?,0,1
153,Are the leaves clustered tightly together unusually?,0,1
153,Is the leaf surface rough or bumpy?,1,1
153,Are the plants less productive than usual?,0,1
153,Do you see any holes forming in the leaf blades?,0,1
153,Are the edges of the leaves curling upward?,0,1
153,Do you notice any faint yellow halos around spots?,1,1
153,Is there excessive moisture or dew on the leaves?,0,1
153,Are the leaves uneven in size and shape?,1,1
153,Do you see any leaves that look scorched or sunburned?,0,1
153,Are the leaves losing their natural shine?,1,1
153,Is there a sticky film on the leaf surface?,0,1
153,Do the affected leaves wilt faster during hot weather?,1,1
153,Are any parts of the leaf transparent or thin?,0,1
153,Do you notice any fungus-like growth near leaf stems?,1,1
153,Are the leaves changing color faster than normal?,0,1
153,Is the plant less vigorous than healthy plants?,1,1
153,Do you observe any yellowing around leaf margins?,0,1
153,Are the leaves curling unevenly or asymmetrically?,1,1
153,Do you see any spots that look oily or greasy?,0,1
154,Are the leaves turning yellow starting from the tips?,1,1
154,Do you notice any brown streaks on the leaf veins?,0,1
154,Is there a sticky residue on the leaf surface?,1,1
154,Are the leaves curling inward or downward?,0,1
154,Do you see any tiny white spots on the leaves?,0,1
154,Is there a foul or unusual smell from the leaves?,0,1
154,Are the leaf edges turning brown or dry?,0,1
154,Do the leaves have patches of light green or pale color?,0,1
154,Is the plant growth slower than usual?,1,1
154,Are the leaves falling off prematurely?,0,1
154,Do you see black fungal spots on the leaves?,1,1
154,Are ants or other insects frequently found on the leaves?,0,1
154,Is there any powdery white coating on the leaves?,1,1
154,Do you see small holes or eaten parts on the leaves?,0,1
154,Are the younger leaves affected more than older ones?,1,1
154,Is there any sticky honeydew on the underside of leaves?,0,1
154,Do the leaves feel brittle or dry to touch?,1,1
154,Are there any web-like structures on the leaves?,0,1
154,Is there any mold or mildew on the leaf surface?,1,1
154,Are the leaves drooping or wilted during the day?,1,1
154,Do you see any yellow rings or spots on the leaves?,0,1
154,Are the leaves thinner or smaller than normal?,0,1
154,Is there any rust-colored powder on the leaves?,1,1
154,Do you notice any leaf veins turning red or purple?,0,1
154,Are the leaves brittle and breaking easily?,1,1
154,Is the plant showing signs of nutrient deficiency?,0,1
154,Are there any whiteflies or aphids on the leaves?,1,1
154,Do the leaves have translucent patches?,1,1
154,Is there a sticky substance attracting ants?,1,1
154,Are the leaves clustered tightly together unusually?,0,1
154,Is the leaf surface rough or bumpy?,1,1
154,Are the plants less productive than usual?,1,1
154,Do you see any holes forming in the leaf blades?,1,1
154,Are the edges of the leaves curling upward?,0,1
154,Do you notice any faint yellow halos around spots?,1,1
154,Is there excessive moisture or dew on the leaves?,0,1
154,Are the leaves uneven in size and shape?,1,1
154,Do you see any leaves that look scorched or sunburned?,1,1
154,Are the leaves losing their natural shine?,1,1
154,Is there a sticky film on the leaf surface?,0,1
154,Do the affected leaves wilt faster during hot weather?,1,1
154,Are any parts of the leaf transparent or thin?,1,1
154,Do you notice any fungus-like growth near leaf stems?,1,1
154,Are the leaves changing color faster than normal?,0,1
154,Is the plant less vigorous than healthy plants?,1,1
154,Do you observe any yellowing around leaf margins?,0,1
154,Are the leaves curling unevenly or asymmetrically?,1,1
154,Do you see any spots that look oily or greasy?,1,1
155,Are the leaves turning yellow starting from the tips?,0,0
155,Do you notice any brown streaks on the leaf veins?,1,0
155,Is there a sticky residue on the leaf surface?,0,0
155,Are the leaves curling inward or downward?,0,0
155,Do you see any tiny white spots on the leaves?,0,0
155,Is there a foul or unusual smell from the leaves?,0,0
155,Are the leaf edges turning brown or dry?,0,0
155,Do the leaves have patches of light green or pale color?,1,0
155,Is the plant growth slower than usual?,0,0
155,Are the leaves falling off prematurely?,0,0
155,Do you see black fungal spots on the leaves?,0,0
155,Are ants or other insects frequently found on the leaves?,1,0
155,Is there any powdery white coating on the leaves?,1,0
155,Do you see small holes or eaten parts on the leaves?,1,0
155,Are the younger leaves affected more than older ones?,0,0
155,Is there any sticky honeydew on the underside of leaves?,1,0
155,Do the leaves feel brittle or dry to touch?,0,0
155,Are there any web-like structures on the leaves?,1,0
155,Is there any mold or mildew on the leaf surface?,0,0
155,Are the leaves drooping or wilted during the day?,1,0
155,Do you see any yellow rings or spots on the leaves?,1,0
155,Are the leaves thinner or smaller than normal?,1,0
155,Is there any rust-colored powder on the leaves?,1,0
155,Do you notice any leaf veins turning red or purple?,1,0
155,Are the leaves brittle and breaking easily?,0,0
155,Is the plant showing signs of nutrient deficiency?,1,0
155,Are there any whiteflies or aphids on the leaves?,0,0
155,Do the leaves have translucent patches?,0,0
155,Is there a sticky substance attracting ants?,0,0
155,Are the leaves clustered tightly together unusually?,1,0
155,Is the leaf surface rough or bumpy?,1,0
155,Are the plants less productive than usual?,1,0
155,Do you see any holes forming in the leaf blades?,0,0
155,Are the edges of the leaves curling upward?,1,0
155,Do you notice any faint yellow halos around spots?,0,0
155,Is there excessive moisture or dew on the leaves?,1,0
155,Are the leaves uneven in size and shape?,0,0
155,Do you see any leaves that look scorched or sunburned?,1,0
155,Are the leaves losing their natural shine?,1,0
155,Is there a sticky film on the leaf surface?,1,0
155,Do the affected leaves wilt faster during hot weather?,0,0
155,Are any parts of the leaf transparent or thin?,0,0
155,Do you notice any fungus-like growth near leaf stems?,0,0
155,Are the leaves changing color faster than normal?,0,0
155,Is the plant less vigorous than healthy plants?,1,0
155,Do you observe any yellowing around leaf margins?,1,0
155,Are the leaves curling unevenly or asymmetrically?,0,0
155,Do you see any spots that look oily or greasy?,1,0
156,Are the leaves turning yellow starting from the tips?,0,0
156,Do you notice any brown streaks on the leaf veins?,1,0
156,Is there a sticky residue on the leaf surface?,0,0
156,Are the leaves curling inward or downward?,1,0
156,Do you see any tiny white spots on the leaves?,0,0
156,Is there a foul or unusual smell from the leaves?,1,0
156,Are the leaf edges turning brown or dry?,0,0
156,Do the leaves have patches of light green or pale color?,0,0
156,Is the plant growth slower than usual?,0,0
156,Are the leaves falling off prematurely?,1,0
156,Do you see black fungal spots on the leaves?,0,0
156,Are ants or other insects frequently found on the leaves?,1,0
156,Is there any powdery white coating on the leaves?,1,0
156,Do you see small holes or eaten parts on the leaves?,0,0
156,Are the younger leaves affected more than older ones?,1,0
156,Is there any sticky honeydew on the underside of leaves?,1,0
156,Do the leaves feel brittle or dry to touch?,0,0
156,Are there any web-like structures on the leaves?,0,0
156,Is there any mold or mildew on the leaf surface?,0,0
156,Are the leaves drooping or wilted during the day?,1,0
156,Do you see any yellow rings or spots on the leaves?,0,0
156,Are the leaves thinner or smaller than normal?,1,0
156,Is there any rust-colored powder on the leaves?,0,0
156,Do you notice any leaf veins turning red or purple?,1,0
156,Are the leaves brittle and breaking easily?,0,0
156,Is the plant showing signs of nutrient deficiency?,1,0
156,Are there any whiteflies or aphids on the leaves?,0,0
156,Do the leaves have translucent patches?,1,0
156,Is there a sticky substance attracting ants?,0,0
156,Are the leaves clustered tightly together unusually?,1,0
156,Is the leaf surface rough or bumpy?,0,0
156,Are the plants less productive than usual?,1,0
156,Do you see any holes forming in the leaf blades?,0,0
156,Are the edges of the leaves curling upward?,0,0
156,Do you notice any faint yellow halos around spots?,0,0
156,Is there excessive moisture or dew on the leaves?,1,0
156,Are the leaves uneven in size and shape?,0,0
156,Do you see any leaves that look scorched or sunburned?,1,0
156,Are the leaves losing their natural shine?,0,0
156,Is there a sticky film on the leaf surface?,1,0
156,Do the affected leaves wilt faster during hot weather?,0,0
156,Are any parts of the leaf transparent or thin?,0,0
156,Do you notice any fungus-like growth near leaf stems?,0,0
156,Are the leaves changing color faster than normal?,1,0
156,Is the plant less vigorous than healthy plants?,0,0
156,Do you observe any yellowing around leaf margins?,1,0
156,Are the leaves curling unevenly or asymmetrically?,0,0
156,Do you see any spots that look oily or greasy?,1,0
157,Are the leaves turning yellow starting from the tips?,0,1
157,Do you notice any brown streaks on the leaf veins?,0,1
157,Is there a sticky residue on the leaf surface?,0,1
157,Are the leaves curling inward or downward?,0,1
157,Do you see any tiny white spots on the leaves?,1,1
157,Is there a foul or unusual smell from the leaves?,1,1
157,Are the leaf edges turning brown or dry?,1,1
157,Do the leaves have patches of light green or pale color?,0,1
157,Is the plant growth slower than usual?,1,1
157,Are the leaves falling off prematurely?,0,1
157,Do you see black fungal spots on the leaves?,0,1
157,Are ants or other insects frequently found on the leaves?,0,1
157,Is there any powdery white coating on the leaves?,1,1
157,Do you see small holes or eaten parts on the leaves?,1,1
157,Are the younger leaves affected more than older ones?,1,1
157,Is there any sticky honeydew on the underside of leaves?,0,1
157,Do the leaves feel brittle or dry to touch?,1,1
157,Are there any web-like structures on the leaves?,1,1
157,Is there any mold or mildew on the leaf surface?,0,1
157,Are the leaves drooping or wilted during the day?,0,1
157,Do you see any yellow rings or spots on the leaves?,0,1
157,Are the leaves thinner or smaller than normal?,0,1
157,Is there any rust-colored powder on the leaves?,1,1
157,Do you notice any leaf veins turning red or purple?,0,1
157,Are the leaves brittle and breaking easily?,1,1
157,Is the plant showing signs of nutrient deficiency?,1,1
157,Are there any whiteflies or aphids on the leaves?,1,1
157,Do the leaves have translucent patches?,1,1
157,Is there a sticky substance attracting ants?,1,1
157,Are the leaves clustered tightly together unusually?,0,1
157,Is the leaf surface rough or bumpy?,1,1
157,Are the plants less productive than usual?,0,1
157,Do you see any holes forming in the leaf blades?,0,1
157,Are the edges of the leaves curling upward?,0,1
157,Do you notice any faint yellow halos around spots?,1,1
157,Is there excessive moisture or dew on the leaves?,1,1
157,Are the leaves uneven in size and shape?,1,1
157,Do you see any leaves that look scorched or sunburned?,0,1
157,Are the leaves losing their natural shine?,1,1
157,Is there a sticky film on the leaf surface?,1,1
157,Do the affected leaves wilt faster during hot weather?,1,1
157,Are any parts of the leaf transparent or thin?,0,1
157,Do you notice any fungus-like growth near leaf stems?,0,1
157,Are the leaves changing color faster than normal?,0,1
157,Is the plant less vigorous than healthy plants?,1,1
157,Do you observe any yellowing around leaf margins?,0,1
157,Are the leaves curling unevenly or asymmetrically?,1,1
157,Do you see any spots that look oily or greasy?,0,1
158,Are the leaves turning yellow starting from the tips?,0,0
158,Do you notice any brown streaks on the leaf veins?,1,0
158,Is there a sticky residue on the leaf surface?,0,0
158,Are the leaves curling inward or downward?,1,0
158,Do you see any tiny white spots on the leaves?,0,0
158,Is there a foul or unusual smell from the leaves?,1,0
158,Are the leaf edges turning brown or dry?,1,0
158,Do the leaves have patches of light green or pale color?,0,0
158,Is the plant growth slower than usual?,0,0
158,Are the leaves falling off prematurely?,0,0
158,Do you see black fungal spots on the leaves?,1,0
158,Are ants or other insects frequently found on the leaves?,1,0
158,Is there any powdery white coating on the leaves?,0,0
158,Do you see small holes or eaten parts on the leaves?,1,0
158,Are the younger leaves affected more than older ones?,0,0
158,Is there any sticky honeydew on the underside of leaves?,1,0
158,Do the leaves feel brittle or dry to touch?,0,0
158,Are there any web-like structures on the leaves?,1,0
158,Is there any mold or mildew on the leaf surface?,0,0
158,Are the leaves drooping or wilted during the day?,0,0
158,Do you see any yellow rings or spots on the leaves?,0,0
158,Are the leaves thinner or smaller than normal?,1,0
158,Is there any rust-colored powder on the leaves?,0,0
158,Do you notice any leaf veins turning red or purple?,1,0
158,Are the leaves brittle and breaking easily?,0,0
158,Is the plant showing signs of nutrient deficiency?,1,0
158,Are there any whiteflies or aphids on the leaves?,0,0
158,Do the leaves have translucent patches?,1,0
158,Is there a sticky substance attracting ants?,0,0
158,Are the leaves clustered tightly together unusually?,1,0
158,Is the leaf surface rough or bumpy?,0,0
158,Are the plants less productive than usual?,1,0
158,Do you see any holes forming in the leaf blades?,0,0
158,Are the edges of the leaves curling upward?,1,0
158,Do you notice any faint yellow halos around spots?,1,0
158,Is there excessive moisture or dew on the leaves?,1,0
158,Are the leaves uneven in size and shape?,0,0
158,Do you see any leaves that look scorched or sunburned?,1,0
158,Are the leaves losing their natural shine?,1,0
158,Is there a sticky film on the leaf surface?,1,0
158,Do the affected leaves wilt faster during hot weather?,0,0
158,Are any parts of the leaf transparent or thin?,1,0
158,Do you notice any fungus-like growth near leaf stems?,0,0
158,Are the leaves changing color faster than normal?,1,0
158,Is the plant less vigorous than healthy plants?,0,0
158,Do you observe any yellowing around leaf margins?,0,0
158,Are the leaves curling unevenly or asymmetrically?,0,0
158,Do you see any spots that look oily or greasy?,1,0
159,Are the leaves turning yellow starting from the tips?,1,0
159,Do you notice any brown streaks on the leaf veins?,1,0
159,Is there a sticky residue on the leaf surface?,1,0
159,Are the leaves curling inward or downward?,1,0
159,Do you see any tiny white spots on the leaves?,0,0
159,Is there a foul or unusual smell from the leaves?,1,0
159,Are the leaf edges turning brown or dry?,0,0
159,Do the leaves have patches of light green or pale color?,1,0
159,Is the plant growth slower than usual?,0,0
159,Are the leaves falling off prematurely?,1,0
159,Do you see black fungal spots on the leaves?,0,0
159,Are ants or other insects frequently found on the leaves?,1,0
159,Is there any powdery white coating on the leaves?,1,0
159,Do you see small holes or eaten parts on the leaves?,1,0
159,Are the younger leaves affected more than older ones?,0,0
159,Is there any sticky honeydew on the underside of leaves?,0,0
159,Do the leaves feel brittle or dry to touch?,0,0
159,Are there any web-like structures on the leaves?,1,0
159,Is there any mold or mildew on the leaf surface?,1,0
159,Are the leaves drooping or wilted during the day?,0,0
159,Do you see any yellow rings or spots on the leaves?,0,0
159,Are the leaves thinner or smaller than normal?,1,0
159,Is there any rust-colored powder on the leaves?,0,0
159,Do you notice any leaf veins turning red or purple?,1,0
159,Are the leaves brittle and breaking easily?,0,0
159,Is the plant showing signs of nutrient deficiency?,1,0
159,Are there any whiteflies or aphids on the leaves?,0,0
159,Do the leaves have translucent patches?,0,0
159,Is there a sticky substance attracting ants?,0,0
159,Are the leaves clustered tightly together unusually?,1,0
159,Is the leaf surface rough or bumpy?,0,0
159,Are the plants less productive than usual?,1,0
159,Do you see any holes forming in the leaf blades?,1,0
159,Are the edges of the leaves curling upward?,1,0
159,Do you notice any faint yellow halos around spots?,0,0
159,Is there excessive moisture or dew on the leaves?,0,0
159,Are the leaves uneven in size and shape?,0,0
159,Do you see any leaves that look scorched or sunburned?,1,0
159,Are the leaves losing their natural shine?,0,0
159,Is there a sticky film on the leaf surface?,1,0
159,Do the affected leaves wilt faster during hot weather?,1,0
159,Are any parts of the leaf transparent or thin?,1,0
159,Do you notice any fungus-like growth near leaf stems?,1,0
159,Are the leaves changing color faster than normal?,1,0
159,Is the plant less vigorous than healthy plants?,0,0
159,Do you observe any yellowing around leaf margins?,1,0
159,Are the leaves curling unevenly or asymmetrically?,0,0
159,Do you see any spots that look oily or greasy?,1,0
160,Are the leaves turning yellow starting from the tips?,1,1
160,Do you notice any brown streaks on the leaf veins?,0,1
160,Is there a sticky residue on the leaf surface?,1,1
160,Are the leaves curling inward or downward?,0,1
160,Do you see any tiny white spots on the leaves?,1,1
160,Is there a foul or unusual smell from the leaves?,0,1
160,Are the leaf edges turning brown or dry?,1,1
160,Do the leaves have patches of light green or pale color?,1,1
160,Is the plant growth slower than usual?,1,1
160,Are the leaves falling off prematurely?,0,1
160,Do you see black fungal spots on the leaves?,1,1
160,Are ants or other insects frequently found on the leaves?,0,1
160,Is there any powdery white coating on the leaves?,0,1
160,Do you see small holes or eaten parts on the leaves?,1,1
160,Are the younger leaves affected more than older ones?,1,1
160,Is there any sticky honeydew on the underside of leaves?,0,1
160,Do the leaves feel brittle or dry to touch?,1,1
160,Are there any web-like structures on the leaves?,1,1
160,Is there any mold or mildew on the leaf surface?,1,1
160,Are the leaves drooping or wilted during the day?,1,1
160,Do you see any yellow rings or spots on the leaves?,1,1
160,Are the leaves thinner or smaller than normal?,0,1
160,Is there any rust-colored powder on the leaves?,1,1
160,Do you notice any leaf veins turning red or purple?,0,1
160,Are the leaves brittle and breaking easily?,1,1
160,Is the plant showing signs of nutrient deficiency?,1,1
160,Are there any whiteflies or aphids on the leaves?,1,1
160,Do the leaves have translucent patches?,0,1
160,Is there a sticky substance attracting ants?,1,1
160,Are the leaves clustered tightly together unusually?,0,1
160,Is the leaf surface rough or bumpy?,1,1
160,Are the plants less productive than usual?,0,1
160,Do you see any holes forming in the leaf blades?,1,1
160,Are the edges of the leaves curling upward?,0,1
160,Do you notice any faint yellow halos around spots?,1,1
160,Is there excessive moisture or dew on the leaves?,0,1
160,Are the leaves uneven in size and shape?,1,1
160,Do you see any leaves that look scorched or sunburned?,0,1
160,Are the leaves losing their natural shine?,1,1
160,Is there a sticky film on the leaf surface?,0,1
160,Do the affected leaves wilt faster during hot weather?,1,1
160,Are any parts of the leaf transparent or thin?,0,1
160,Do you notice any fungus-like growth near leaf stems?,1,1
160,Are the leaves changing color faster than normal?,1,1
160,Is the plant less vigorous than healthy plants?,1,1
160,Do you observe any yellowing around leaf margins?,0,1
160,Are the leaves curling unevenly or asymmetrically?,1,1
160,Do you see any spots that look oily or greasy?,0,1
161,Are the leaves turning yellow starting from the tips?,0,0
161,Do you notice any brown streaks on the leaf veins?,1,0
161,Is there a sticky residue on the leaf surface?,0,0
161,Are the leaves curling inward or downward?,1,0
161,Do you see any tiny white spots on the leaves?,0,0
161,Is there a foul or unusual smell from the leaves?,1,0
161,Are the leaf edges turning brown or dry?,0,0
161,Do the leaves have patches of light green or pale color?,0,0
161,Is the plant growth slower than usual?,0,0
161,Are the leaves falling off prematurely?,0,0
161,Do you see black fungal spots on the leaves?,0,0
161,Are ants or other insects frequently found on the leaves?,1,0
161,Is there any powdery white coating on the leaves?,1,0
161,Do you see small holes or eaten parts on the leaves?,0,0
161,Are the younger leaves affected more than older ones?,0,0
161,Is there any sticky honeydew on the underside of leaves?,1,0
161,Do the leaves feel brittle or dry to touch?,0,0
161,Are there any web-like structures on the leaves?,1,0
161,Is there any mold or mildew on the leaf surface?,0,0
161,Are the leaves drooping or wilted during the day?,1,0
161,Do you see any yellow rings or spots on the leaves?,1,0
161,Are the leaves thinner or smaller than normal?,0,0
161,Is there any rust-colored powder on the leaves?,0,0
161,Do you notice any leaf veins turning red or purple?,1,0
161,Are the leaves brittle and breaking easily?,0,0
161,Is the plant showing signs of nutrient deficiency?,1,0
161,Are there any whiteflies or aphids on the leaves?,0,0
161,Do the leaves have translucent patches?,1,0
161,Is there a sticky substance attracting ants?,0,0
161,Are the leaves clustered tightly together unusually?,0,0
161,Is the leaf surface rough or bumpy?,0,0
161,Are the plants less productive than usual?,1,0
161,Do you see any holes forming in the leaf blades?,0,0
161,Are the edges of the leaves curling upward?,1,0
161,Do you notice any faint yellow halos around spots?,0,0
161,Is there excessive moisture or dew on the leaves?,1,0
161,Are the leaves uneven in size and shape?,0,0
161,Do you see any leaves that look scorched or sunburned?,1,0
161,Are the leaves losing their natural shine?,0,0
161,Is there a sticky film on the leaf surface?,1,0
161,Do the affected leaves wilt faster during hot weather?,0,0
161,Are any parts of the leaf transparent or thin?,0,0
161,Do you notice any fungus-like growth near leaf stems?,0,0
161,Are the leaves changing color faster than normal?,1,0
161,Is the plant less vigorous than healthy plants?,0,0
161,Do you observe any yellowing around leaf margins?,1,0
161,Are the leaves curling unevenly or asymmetrically?,0,0
161,Do you see any spots that look oily or greasy?,1,0
162,Are the leaves turning yellow starting from the tips?,0,0
162,Do you notice any brown streaks on the leaf veins?,1,0
162,Is there a sticky residue on the leaf surface?,0,0
162,Are the leaves curling inward or downward?,1,0
162,Do you see any tiny white spots on the leaves?,0,0
162,Is there a foul or unusual smell from the leaves?,1,0
162,Are the leaf edges turning brown or dry?,1,0
162,Do the leaves have patches of light green or pale color?,1,0
162,Is the plant growth slower than usual?,0,0
162,Are the leaves falling off prematurely?,0,0
162,Do you see black fungal spots on the leaves?,0,0
162,Are ants or other insects frequently found on the leaves?,1,0
162,Is there any powdery white coating on the leaves?,1,0
162,Do you see small holes or eaten parts on the leaves?,1,0
162,Are the younger leaves affected more than older ones?,0,0
162,Is there any sticky honeydew on the underside of leaves?,1,0
162,Do the leaves feel brittle or dry to touch?,0,0
162,Are there any web-like structures on the leaves?,1,0
162,Is there any mold or mildew on the leaf surface?,0,0
162,Are the leaves drooping or wilted during the day?,1,0
162,Do you see any yellow rings or spots on the leaves?,0,0
162,Are the leaves thinner or smaller than normal?,1,0
162,Is there any rust-colored powder on the leaves?,0,0
162,Do you notice any leaf veins turning red or purple?,1,0
162,Are the leaves brittle and breaking easily?,0,0
162,Is the plant showing signs of nutrient deficiency?,1,0
162,Are there any whiteflies or aphids on the leaves?,0,0
162,Do the leaves have translucent patches?,1,0
162,Is there a sticky substance attracting ants?,1,0
162,Are the leaves clustered tightly together unusually?,0,0
162,Is the leaf surface rough or bumpy?,0,0
162,Are the plants less productive than usual?,1,0
162,Do you see any holes forming in the leaf blades?,0,0
162,Are the edges of the leaves curling upward?,1,0
162,Do you notice any faint yellow halos around spots?,1,0
162,Is there excessive moisture or dew on the leaves?,1,0
162,Are the leaves uneven in size and shape?,0,0
162,Do you see any leaves that look scorched or sunburned?,1,0
162,Are the leaves losing their natural shine?,0,0
162,Is there a sticky film on the leaf surface?,1,0
162,Do the affected leaves wilt faster during hot weather?,0,0
162,Are any parts of the leaf transparent or thin?,1,0
162,Do you notice any fungus-like growth near leaf stems?,1,0
162,Are the leaves changing color faster than normal?,0,0
162,Is the plant less vigorous than healthy plants?,0,0
162,Do you observe any yellowing around leaf margins?,0,0
162,Are the leaves curling unevenly or asymmetrically?,0,0
162,Do you see any spots that look oily or greasy?,1,0
163,Are the leaves turning yellow starting from the tips?,0,0
163,Do you notice any brown streaks on the leaf veins?,0,0
163,Is there a sticky residue on the leaf surface?,0,0
163,Are the leaves curling inward or downward?,1,0
163,Do you see any tiny white spots on the leaves?,0,0
163,Is there a foul or unusual smell from the leaves?,1,0
163,Are the leaf edges turning brown or dry?,0,0
163,Do the leaves have patches of light green or pale color?,0,0
163,Is the plant growth slower than usual?,0,0
163,Are the leaves falling off prematurely?,1,0
163,Do you see black fungal spots on the leaves?,1,0
163,Are ants or other insects frequently found on the leaves?,0,0
163,Is there any powdery white coating on the leaves?,1,0
163,Do you see small holes or eaten parts on the leaves?,1,0
163,Are the younger leaves affected more than older ones?,0,0
163,Is there any sticky honeydew on the underside of leaves?,1,0
163,Do the leaves feel brittle or dry to touch?,1,0
163,Are there any web-like structures on the leaves?,1,0
163,Is there any mold or mildew on the leaf surface?,0,0
163,Are the leaves drooping or wilted during the day?,0,0
163,Do you see any yellow rings or spots on the leaves?,0,0
163,Are the leaves thinner or smaller than normal?,1,0
163,Is there any rust-colored powder on the leaves?,0,0
163,Do you notice any leaf veins turning red or purple?,1,0
163,Are the leaves brittle and breaking easily?,0,0
163,Is the plant showing signs of nutrient deficiency?,1,0
163,Are there any whiteflies or aphids on the leaves?,0,0
163,Do the leaves have translucent patches?,1,0
163,Is there a sticky substance attracting ants?,0,0
163,Are the leaves clustered tightly together unusually?,0,0
163,Is the leaf surface rough or bumpy?,0,0
163,Are the plants less productive than usual?,1,0
163,Do you see any holes forming in the leaf blades?,0,0
163,Are the edges of the leaves curling upward?,0,0
163,Do you notice any faint yellow halos around spots?,0,0
163,Is there excessive moisture or dew on the leaves?,0,0
163,Are the leaves uneven in size and shape?,0,0
163,Do you see any leaves that look scorched or sunburned?,0,0
163,Are the leaves losing their natural shine?,0,0
163,Is there a sticky film on the leaf surface?,1,0
163,Do the affected leaves wilt faster during hot weather?,1,0
163,Are any parts of the leaf transparent or thin?,0,0
163,Do you notice any fungus-like growth near leaf stems?,0,0
163,Are the leaves changing color faster than normal?,1,0
163,Is the plant less vigorous than healthy plants?,0,0
163,Do you observe any yellowing around leaf margins?,1,0
163,Are the leaves curling unevenly or asymmetrically?,1,0
163,Do you see any spots that look oily or greasy?,1,0
164,Are the leaves turning yellow starting from the tips?,0,0
164,Do you notice any brown streaks on the leaf veins?,1,0
164,Is there a sticky residue on the leaf surface?,0,0
164,Are the leaves curling inward or downward?,1,0
164,Do you see any tiny white spots on the leaves?,0,0
164,Is there a foul or unusual smell from the leaves?,1,0
164,Are the leaf edges turning brown or dry?,0,0
164,Do the leaves have patches of light green or pale color?,1,0
164,Is the plant growth slower than usual?,1,0
164,Are the leaves falling off prematurely?,1,0
164,Do you see black fungal spots on the leaves?,0,0
164,Are ants or other insects frequently found on the leaves?,1,0
164,Is there any powdery white coating on the leaves?,0,0
164,Do you see small holes or eaten parts on the leaves?,1,0
164,Are the younger leaves affected more than older ones?,0,0
164,Is there any sticky honeydew on the underside of leaves?,1,0
164,Do the leaves feel brittle or dry to touch?,0,0
164,Are there any web-like structures on the leaves?,1,0
164,Is there any mold or mildew on the leaf surface?,1,0
164,Are the leaves drooping or wilted during the day?,1,0
164,Do you see any yellow rings or spots on the leaves?,0,0
164,Are the leaves thinner or smaller than normal?,1,0
164,Is there any rust-colored powder on the leaves?,0,0
164,Do you notice any leaf veins turning red or purple?,1,0
164,Are the leaves brittle and breaking easily?,0,0
164,Is the plant showing signs of nutrient deficiency?,1,0
164,Are there any whiteflies or aphids on the leaves?,0,0
164,Do the leaves have translucent patches?,0,0
164,Is there a sticky substance attracting ants?,0,0
164,Are the leaves clustered tightly together unusually?,1,0
164,Is the leaf surface rough or bumpy?,0,0
164,Are the plants less productive than usual?,1,0
164,Do you see any holes forming in the leaf blades?,0,0
164,Are the edges of the leaves curling upward?,1,0
164,Do you notice any faint yellow halos around spots?,0,0
164,Is there excessive moisture or dew on the leaves?,1,0
164,Are the leaves uneven in size and shape?,0,0
164,Do you see any leaves that look scorched or sunburned?,1,0
164,Are the leaves losing their natural shine?,0,0
164,Is there a sticky film on the leaf surface?,1,0
164,Do the affected leaves wilt faster during hot weather?,0,0
164,Are any parts of the leaf transparent or thin?,1,0
164,Do you notice any fungus-like growth near leaf stems?,0,0
164,Are the leaves changing color faster than normal?,1,0
164,Is the plant less vigorous than healthy plants?,0,0
164,Do you observe any yellowing around leaf margins?,0,0
164,Are the leaves curling unevenly or asymmetrically?,0,0
164,Do you see any spots that look oily or greasy?,0,0
165,Are the leaves turning yellow starting from the tips?,0,0
165,Do you notice any brown streaks on the leaf veins?,1,0
165,Is there a sticky residue on the leaf surface?,0,0
165,Are the leaves curling inward or downward?,1,0
165,Do you see any tiny white spots on the leaves?,1,0
165,Is there a foul or unusual smell from the leaves?,1,0
165,Are the leaf edges turning brown or dry?,0,0
165,Do the leaves have patches of light green or pale color?,0,0
165,Is the plant growth slower than usual?,0,0
165,Are the leaves falling off prematurely?,1,0
165,Do you see black fungal spots on the leaves?,1,0
165,Are ants or other insects frequently found on the leaves?,1,0
165,Is there any powdery white coating on the leaves?,0,0
165,Do you see small holes or eaten parts on the leaves?,1,0
165,Are the younger leaves affected more than older ones?,0,0
165,Is there any sticky honeydew on the underside of leaves?,1,0
165,Do the leaves feel brittle or dry to touch?,0,0
165,Are there any web-like structures on the leaves?,1,0
165,Is there any mold or mildew on the leaf surface?,0,0
165,Are the leaves drooping or wilted during the day?,1,0
165,Do you see any yellow rings or spots on the leaves?,1,0
165,Are the leaves thinner or smaller than normal?,1,0
165,Is there any rust-colored powder on the leaves?,0,0
165,Do you notice any leaf veins turning red or purple?,1,0
165,Are the leaves brittle and breaking easily?,1,0
165,Is the plant showing signs of nutrient deficiency?,1,0
165,Are there any whiteflies or aphids on the leaves?,0,0
165,Do the leaves have translucent patches?,1,0
165,Is there a sticky substance attracting ants?,0,0
165,Are the leaves clustered tightly together unusually?,1,0
165,Is the leaf surface rough or bumpy?,0,0
165,Are the plants less productive than usual?,1,0
165,Do you see any holes forming in the leaf blades?,1,0
165,Are the edges of the leaves curling upward?,0,0
165,Do you notice any faint yellow halos around spots?,0,0
165,Is there excessive moisture or dew on the leaves?,0,0
165,Are the leaves uneven in size and shape?,1,0
165,Do you see any leaves that look scorched or sunburned?,1,0
165,Are the leaves losing their natural shine?,0,0
165,Is there a sticky film on the leaf surface?,1,0
165,Do the affected leaves wilt faster during hot weather?,0,0
165,Are any parts of the leaf transparent or thin?,1,0
165,Do you notice any fungus-like growth near leaf stems?,1,0
165,Are the leaves changing color faster than normal?,1,0
165,Is the plant less vigorous than healthy plants?,0,0
165,Do you observe any yellowing around leaf margins?,1,0
165,Are the leaves curling unevenly or asymmetrically?,0,0
165,Do you see any spots that look oily or greasy?,1,0
166,Are the leaves turning yellow starting from the tips?,1,0
166,Do you notice any brown streaks on the leaf veins?,1,0
166,Is there a sticky residue on the leaf surface?,0,0
166,Are the leaves curling inward or downward?,1,0
166,Do you see any tiny white spots on the leaves?,0,0
166,Is there a foul or unusual smell from the leaves?,1,0
166,Are the leaf edges turning brown or dry?,1,0
166,Do the leaves have patches of light green or pale color?,1,0
166,Is the plant growth slower than usual?,0,0
166,Are the leaves falling off prematurely?,1,0
166,Do you see black fungal spots on the leaves?,0,0
166,Are ants or other insects frequently found on the leaves?,1,0
166,Is there any powdery white coating on the leaves?,1,0
166,Do you see small holes or eaten parts on the leaves?,1,0
166,Are the younger leaves affected more than older ones?,0,0
166,Is there any sticky honeydew on the underside of leaves?,1,0
166,Do the leaves feel brittle or dry to touch?,0,0
166,Are there any web-like structures on the leaves?,1,0
166,Is there any mold or mildew on the leaf surface?,0,0
166,Are the leaves drooping or wilted during the day?,1,0
166,Do you see any yellow rings or spots on the leaves?,1,0
166,Are the leaves thinner or smaller than normal?,0,0
166,Is there any rust-colored powder on the leaves?,0,0
166,Do you notice any leaf veins turning red or purple?,1,0
166,Are the leaves brittle and breaking easily?,0,0
166,Is the plant showing signs of nutrient deficiency?,1,0
166,Are there any whiteflies or aphids on the leaves?,0,0
166,Do the leaves have translucent patches?,0,0
166,Is there a sticky substance attracting ants?,0,0
166,Are the leaves clustered tightly together unusually?,0,0
166,Is the leaf surface rough or bumpy?,0,0
166,Are the plants less productive than usual?,1,0
166,Do you see any holes forming in the leaf blades?,0,0
166,Are the edges of the leaves curling upward?,1,0
166,Do you notice any faint yellow halos around spots?,0,0
166,Is there excessive moisture or dew on the leaves?,0,0
166,Are the leaves uneven in size and shape?,0,0
166,Do you see any leaves that look scorched or sunburned?,1,0
166,Are the leaves losing their natural shine?,0,0
166,Is there a sticky film on the leaf surface?,1,0
166,Do the affected leaves wilt faster during hot weather?,1,0
166,Are any parts of the leaf transparent or thin?,1,0
166,Do you notice any fungus-like growth near leaf stems?,1,0
166,Are the leaves changing color faster than normal?,1,0
166,Is the plant less vigorous than healthy plants?,1,0
166,Do you observe any yellowing around leaf margins?,1,0
166,Are the leaves curling unevenly or asymmetrically?,0,0
166,Do you see any spots that look oily or greasy?,1,0
167,Are the leaves turning yellow starting from the tips?,1,1
167,Do you notice any brown streaks on the leaf veins?,0,1
167,Is there a sticky residue on the leaf surface?,0,1
167,Are the leaves curling inward or downward?,0,1
167,Do you see any tiny white spots on the leaves?,1,1
167,Is there a foul or unusual smell from the leaves?,0,1
167,Are the leaf edges turning brown or dry?,1,1
167,Do the leaves have patches of light green or pale color?,0,1
167,Is the plant growth slower than usual?,1,1
167,Are the leaves falling off prematurely?,0,1
167,Do you see black fungal spots on the leaves?,1,1
167,Are ants or other insects frequently found on the leaves?,0,1
167,Is there any powdery white coating on the leaves?,1,1
167,Do you see small holes or eaten parts on the leaves?,0,1
167,Are the younger leaves affected more than older ones?,1,1
167,Is there any sticky honeydew on the underside of leaves?,0,1
167,Do the leaves feel brittle or dry to touch?,1,1
167,Are there any web-like structures on the leaves?,0,1
167,Is there any mold or mildew on the leaf surface?,1,1
167,Are the leaves drooping or wilted during the day?,0,1
167,Do you see any yellow rings or spots on the leaves?,0,1
167,Are the leaves thinner or smaller than normal?,0,1
167,Is there any rust-colored powder on the leaves?,0,1
167,Do you notice any leaf veins turning red or purple?,0,1
167,Are the leaves brittle and breaking easily?,1,1
167,Is the plant showing signs of nutrient deficiency?,1,1
167,Are there any whiteflies or aphids on the leaves?,1,1
167,Do the leaves have translucent patches?,0,1
167,Is there a sticky substance attracting ants?,1,1
167,Are the leaves clustered tightly together unusually?,0,1
167,Is the leaf surface rough or bumpy?,1,1
167,Are the plants less productive than usual?,1,1
167,Do you see any holes forming in the leaf blades?,1,1
167,Are the edges of the leaves curling upward?,0,1
167,Do you notice any faint yellow halos around spots?,1,1
167,Is there excessive moisture or dew on the leaves?,0,1
167,Are the leaves uneven in size and shape?,0,1
167,Do you see any leaves that look scorched or sunburned?,0,1
167,Are the leaves losing their natural shine?,1,1
167,Is there a sticky film on the leaf surface?,0,1
167,Do the affected leaves wilt faster during hot weather?,1,1
167,Are any parts of the leaf transparent or thin?,0,1
167,Do you notice any fungus-like growth near leaf stems?,1,1
167,Are the leaves changing color faster than normal?,0,1
167,Is the plant less vigorous than healthy plants?,1,1
167,Do you observe any yellowing around leaf margins?,0,1
167,Are the leaves curling unevenly or asymmetrically?,1,1
167,Do you see any spots that look oily or greasy?,0,1
168,Are the leaves turning yellow starting from the tips?,1,1
168,Do you notice any brown streaks on the leaf veins?,0,1
168,Is there a sticky residue on the leaf surface?,0,1
168,Are the leaves curling inward or downward?,0,1
168,Do you see any tiny white spots on the leaves?,1,1
168,Is there a foul or unusual smell from the leaves?,0,1
168,Are the leaf edges turning brown or dry?,1,1
168,Do the leaves have patches of light green or pale color?,0,1
168,Is the plant growth slower than usual?,1,1
168,Are the leaves falling off prematurely?,0,1
168,Do you see black fungal spots on the leaves?,1,1
168,Are ants or other insects frequently found on the leaves?,1,1
168,Is there any powdery white coating on the leaves?,0,1
168,Do you see small holes or eaten parts on the leaves?,1,1
168,Are the younger leaves affected more than older ones?,1,1
168,Is there any sticky honeydew on the underside of leaves?,0,1
168,Do the leaves feel brittle or dry to touch?,1,1
168,Are there any web-like structures on the leaves?,1,1
168,Is there any mold or mildew on the leaf surface?,1,1
168,Are the leaves drooping or wilted during the day?,0,1
168,Do you see any yellow rings or spots on the leaves?,1,1
168,Are the leaves thinner or smaller than normal?,0,1
168,Is there any rust-colored powder on the leaves?,1,1
168,Do you notice any leaf veins turning red or purple?,0,1
168,Are the leaves brittle and breaking easily?,0,1
168,Is the plant showing signs of nutrient deficiency?,0,1
168,Are there any whiteflies or aphids on the leaves?,1,1
168,Do the leaves have translucent patches?,0,1
168,Is there a sticky substance attracting ants?,0,1
168,Are the leaves clustered tightly together unusually?,0,1
168,Is the leaf surface rough or bumpy?,1,1
168,Are the plants less productive than usual?,1,1
168,Do you see any holes forming in the leaf blades?,1,1
168,Are the edges of the leaves curling upward?,1,1
168,Do you notice any faint yellow halos around spots?,1,1
168,Is there excessive moisture or dew on the leaves?,0,1
168,Are the leaves uneven in size and shape?,1,1
168,Do you see any leaves that look scorched or sunburned?,0,1
168,Are the leaves losing their natural shine?,0,1
168,Is there a sticky film on the leaf surface?,1,1
168,Do the affected leaves wilt faster during hot weather?,0,1
168,Are any parts of the leaf transparent or thin?,0,1
168,Do you notice any fungus-like growth near leaf stems?,0,1
168,Are the leaves changing color faster than normal?,0,1
168,Is the plant less vigorous than healthy plants?,1,1
168,Do you observe any yellowing around leaf margins?,0,1
168,Are the leaves curling unevenly or asymmetrically?,1,1
168,Do you see any spots that look oily or greasy?,0,1
169,Are the leaves turning yellow starting from the tips?,0,0
169,Do you notice any brown streaks on the leaf veins?,0,0
169,Is there a sticky residue on the leaf surface?,0,0
169,Are the leaves curling inward or downward?,1,0
169,Do you see any tiny white spots on the leaves?,0,0
169,Is there a foul or unusual smell from the leaves?,0,0
169,Are the leaf edges turning brown or dry?,1,0
169,Do the leaves have patches of light green or pale color?,1,0
169,Is the plant growth slower than usual?,0,0
169,Are the leaves falling off prematurely?,1,0
169,Do you see black fungal spots on the leaves?,1,0
169,Are ants or other insects frequently found on the leaves?,1,0
169,Is there any powdery white coating on the leaves?,0,0
169,Do you see small holes or eaten parts on the leaves?,1,0
169,Are the younger leaves affected more than older ones?,0,0
169,Is there any sticky honeydew on the underside of leaves?,1,0
169,Do the leaves feel brittle or dry to touch?,0,0
169,Are there any web-like structures on the leaves?,1,0
169,Is there any mold or mildew on the leaf surface?,0,0
169,Are the leaves drooping or wilted during the day?,1,0
169,Do you see any yellow rings or spots on the leaves?,0,0
169,Are the leaves thinner or smaller than normal?,1,0
169,Is there any rust-colored powder on the leaves?,1,0
169,Do you notice any leaf veins turning red or purple?,1,0
169,Are the leaves brittle and breaking easily?,0,0
169,Is the plant showing signs of nutrient deficiency?,1,0
169,Are there any whiteflies or aphids on the leaves?,0,0
169,Do the leaves have translucent patches?,1,0
169,Is there a sticky substance attracting ants?,0,0
169,Are the leaves clustered tightly together unusually?,1,0
169,Is the leaf surface rough or bumpy?,0,0
169,Are the plants less productive than usual?,0,0
169,Do you see any holes forming in the leaf blades?,1,0
169,Are the edges of the leaves curling upward?,0,0
169,Do you notice any faint yellow halos around spots?,0,0
169,Is there excessive moisture or dew on the leaves?,0,0
169,Are the leaves uneven in size and shape?,0,0
169,Do you see any leaves that look scorched or sunburned?,1,0
169,Are the leaves losing their natural shine?,1,0
169,Is there a sticky film on the leaf surface?,1,0
169,Do the affected leaves wilt faster during hot weather?,0,0
169,Are any parts of the leaf transparent or thin?,0,0
169,Do you notice any fungus-like growth near leaf stems?,0,0
169,Are the leaves changing color faster than normal?,1,0
169,Is the plant less vigorous than healthy plants?,0,0
169,Do you observe any yellowing around leaf margins?,1,0
169,Are the leaves curling unevenly or asymmetrically?,0,0
169,Do you see any spots that look oily or greasy?,1,0
170,Are the leaves turning yellow starting from the tips?,1,1
170,Do you notice any brown streaks on the leaf veins?,0,1
170,Is there a sticky residue on the leaf surface?,1,1
170,Are the leaves curling inward or downward?,0,1
170,Do you see any tiny white spots on the leaves?,0,1
170,Is there a foul or unusual smell from the leaves?,0,1
170,Are the leaf edges turning brown or dry?,1,1
170,Do the leaves have patches of light green or pale color?,0,1
170,Is the plant growth slower than usual?,1,1
170,Are the leaves falling off prematurely?,0,1
170,Do you see black fungal spots on the leaves?,1,1
170,Are ants or other insects frequently found on the leaves?,1,1
170,Is there any powdery white coating on the leaves?,1,1
170,Do you see small holes or eaten parts on the leaves?,1,1
170,Are the younger leaves affected more than older ones?,1,1
170,Is there any sticky honeydew on the underside of leaves?,1,1
170,Do the leaves feel brittle or dry to touch?,1,1
170,Are there any web-like structures on the leaves?,0,1
170,Is there any mold or mildew on the leaf surface?,1,1
170,Are the leaves drooping or wilted during the day?,0,1
170,Do you see any yellow rings or spots on the leaves?,1,1
170,Are the leaves thinner or smaller than normal?,0,1
170,Is there any rust-colored powder on the leaves?,1,1
170,Do you notice any leaf veins turning red or purple?,0,1
170,Are the leaves brittle and breaking easily?,0,1
170,Is the plant showing signs of nutrient deficiency?,0,1
170,Are there any whiteflies or aphids on the leaves?,1,1
170,Do the leaves have translucent patches?,0,1
170,Is there a sticky substance attracting ants?,1,1
170,Are the leaves clustered tightly together unusually?,0,1
170,Is the leaf surface rough or bumpy?,1,1
170,Are the plants less productive than usual?,1,1
170,Do you see any holes forming in the leaf blades?,1,1
170,Are the edges of the leaves curling upward?,1,1
170,Do you notice any faint yellow halos around spots?,0,1
170,Is there excessive moisture or dew on the leaves?,1,1
170,Are the leaves uneven in size and shape?,1,1
170,Do you see any leaves that look scorched or sunburned?,0,1
170,Are the leaves losing their natural shine?,0,1
170,Is there a sticky film on the leaf surface?,0,1
170,Do the affected leaves wilt faster during hot weather?,0,1
170,Are any parts of the leaf transparent or thin?,0,1
170,Do you notice any fungus-like growth near leaf stems?,1,1
170,Are the leaves changing color faster than normal?,0,1
170,Is the plant less vigorous than healthy plants?,0,1
170,Do you observe any yellowing around leaf margins?,0,1
170,Are the leaves curling unevenly or asymmetrically?,1,1
170,Do you see any spots that look oily or greasy?,1,1
171,Are the leaves turning yellow starting from the tips?,0,0
171,Do you notice any brown streaks on the leaf veins?,1,0
171,Is there a sticky residue on the leaf surface?,0,0
171,Are the leaves curling inward or downward?,1,0
171,Do you see any tiny white spots on the leaves?,0,0
171,Is there a foul or unusual smell from the leaves?,1,0
171,Are the leaf edges turning brown or dry?,0,0
171,Do the leaves have patches of light green or pale color?,0,0
171,Is the plant growth slower than usual?,0,0
171,Are the leaves falling off prematurely?,1,0
171,Do you see black fungal spots on the leaves?,0,0
171,Are ants or other insects frequently found on the leaves?,0,0
171,Is there any powdery white coating on the leaves?,0,0
171,Do you see small holes or eaten parts on the leaves?,1,0
171,Are the younger leaves affected more than older ones?,0,0
171,Is there any sticky honeydew on the underside of leaves?,0,0
171,Do the leaves feel brittle or dry to touch?,0,0
171,Are there any web-like structures on the leaves?,1,0
171,Is there any mold or mildew on the leaf surface?,0,0
171,Are the leaves drooping or wilted during the day?,1,0
171,Do you see any yellow rings or spots on the leaves?,0,0
171,Are the leaves thinner or smaller than normal?,0,0
171,Is there any rust-colored powder on the leaves?,0,0
171,Do you notice any leaf veins turning red or purple?,1,0
171,Are the leaves brittle and breaking easily?,0,0
171,Is the plant showing signs of nutrient deficiency?,1,0
171,Are there any whiteflies or aphids on the leaves?,1,0
171,Do the leaves have translucent patches?,1,0
171,Is there a sticky substance attracting ants?,0,0
171,Are the leaves clustered tightly together unusually?,0,0
171,Is the leaf surface rough or bumpy?,1,0
171,Are the plants less productive than usual?,1,0
171,Do you see any holes forming in the leaf blades?,0,0
171,Are the edges of the leaves curling upward?,1,0
171,Do you notice any faint yellow halos around spots?,1,0
171,Is there excessive moisture or dew on the leaves?,1,0
171,Are the leaves uneven in size and shape?,0,0
171,Do you see any leaves that look scorched or sunburned?,1,0
171,Are the leaves losing their natural shine?,0,0
171,Is there a sticky film on the leaf surface?,1,0
171,Do the affected leaves wilt faster during hot weather?,0,0
171,Are any parts of the leaf transparent or thin?,1,0
171,Do you notice any fungus-like growth near leaf stems?,1,0
171,Are the leaves changing color faster than normal?,1,0
171,Is the plant less vigorous than healthy plants?,0,0
171,Do you observe any yellowing around leaf margins?,1,0
171,Are the leaves curling unevenly or asymmetrically?,0,0
171,Do you see any spots that look oily or greasy?,1,0
172,Are the leaves turning yellow starting from the tips?,0,0
172,Do you notice any brown streaks on the leaf veins?,0,0
172,Is there a sticky residue on the leaf surface?,0,0
172,Are the leaves curling inward or downward?,0,0
172,Do you see any tiny white spots on the leaves?,0,0
172,Is there a foul or unusual smell from the leaves?,1,0
172,Are the leaf edges turning brown or dry?,0,0
172,Do the leaves have patches of light green or pale color?,1,0
172,Is the plant growth slower than usual?,0,0
172,Are the leaves falling off prematurely?,1,0
172,Do you see black fungal spots on the leaves?,0,0
172,Are ants or other insects frequently found on the leaves?,1,0
172,Is there any powdery white coating on the leaves?,0,0
172,Do you see small holes or eaten parts on the leaves?,1,0
172,Are the younger leaves affected more than older ones?,0,0
172,Is there any sticky honeydew on the underside of leaves?,1,0
172,Do the leaves feel brittle or dry to touch?,1,0
172,Are there any web-like structures on the leaves?,1,0
172,Is there any mold or mildew on the leaf surface?,0,0
172,Are the leaves drooping or wilted during the day?,1,0
172,Do you see any yellow rings or spots on the leaves?,0,0
172,Are the leaves thinner or smaller than normal?,1,0
172,Is there any rust-colored powder on the leaves?,0,0
172,Do you notice any leaf veins turning red or purple?,1,0
172,Are the leaves brittle and breaking easily?,0,0
172,Is the plant showing signs of nutrient deficiency?,1,0
172,Are there any whiteflies or aphids on the leaves?,0,0
172,Do the leaves have translucent patches?,1,0
172,Is there a sticky substance attracting ants?,0,0
172,Are the leaves clustered tightly together unusually?,0,0
172,Is the leaf surface rough or bumpy?,0,0
172,Are the plants less productive than usual?,1,0
172,Do you see any holes forming in the leaf blades?,0,0
172,Are the edges of the leaves curling upward?,0,0
172,Do you notice any faint yellow halos around spots?,0,0
172,Is there excessive moisture or dew on the leaves?,0,0
172,Are the leaves uneven in size and shape?,0,0
172,Do you see any leaves that look scorched or sunburned?,1,0
172,Are the leaves losing their natural shine?,1,0
172,Is there a sticky film on the leaf surface?,1,0
172,Do the affected leaves wilt faster during hot weather?,0,0
172,Are any parts of the leaf transparent or thin?,0,0
172,Do you notice any fungus-like growth near leaf stems?,0,0
172,Are the leaves changing color faster than normal?,1,0
172,Is the plant less vigorous than healthy plants?,1,0
172,Do you observe any yellowing around leaf margins?,1,0
172,Are the leaves curling unevenly or asymmetrically?,0,0
172,Do you see any spots that look oily or greasy?,1,0
173,Are the leaves turning yellow starting from the tips?,1,1
173,Do you notice any brown streaks on the leaf veins?,0,1
173,Is there a sticky residue on the leaf surface?,0,1
173,Are the leaves curling inward or downward?,0,1
173,Do you see any tiny white spots on the leaves?,1,1
173,Is there a foul or unusual smell from the leaves?,0,1
173,Are the leaf edges turning brown or dry?,0,1
173,Do the leaves have patches of light green or pale color?,0,1
173,Is the plant growth slower than usual?,1,1
173,Are the leaves falling off prematurely?,0,1
173,Do you see black fungal spots on the leaves?,1,1
173,Are ants or other insects frequently found on the leaves?,0,1
173,Is there any powdery white coating on the leaves?,1,1
173,Do you see small holes or eaten parts on the leaves?,0,1
173,Are the younger leaves affected more than older ones?,1,1
173,Is there any sticky honeydew on the underside of leaves?,1,1
173,Do the leaves feel brittle or dry to touch?,1,1
173,Are there any web-like structures on the leaves?,0,1
173,Is there any mold or mildew on the leaf surface?,1,1
173,Are the leaves drooping or wilted during the day?,0,1
173,Do you see any yellow rings or spots on the leaves?,1,1
173,Are the leaves thinner or smaller than normal?,1,1
173,Is there any rust-colored powder on the leaves?,1,1
173,Do you notice any leaf veins turning red or purple?,0,1
173,Are the leaves brittle and breaking easily?,0,1
173,Is the plant showing signs of nutrient deficiency?,0,1
173,Are there any whiteflies or aphids on the leaves?,1,1
173,Do the leaves have translucent patches?,0,1
173,Is there a sticky substance attracting ants?,1,1
173,Are the leaves clustered tightly together unusually?,0,1
173,Is the leaf surface rough or bumpy?,1,1
173,Are the plants less productive than usual?,1,1
173,Do you see any holes forming in the leaf blades?,1,1
173,Are the edges of the leaves curling upward?,0,1
173,Do you notice any faint yellow halos around spots?,1,1
173,Is there excessive moisture or dew on the leaves?,1,1
173,Are the leaves uneven in size and shape?,0,1
173,Do you see any leaves that look scorched or sunburned?,0,1
173,Are the leaves losing their natural shine?,1,1
173,Is there a sticky film on the leaf surface?,1,1
173,Do the affected leaves wilt faster during hot weather?,1,1
173,Are any parts of the leaf transparent or thin?,0,1
173,Do you notice any fungus-like growth near leaf stems?,1,1
173,Are the leaves changing color faster than normal?,0,1
173,Is the plant less vigorous than healthy plants?,1,1
173,Do you observe any yellowing around leaf margins?,0,1
173,Are the leaves curling unevenly or asymmetrically?,1,1
173,Do you see any spots that look oily or greasy?,0,1
174,Are the leaves turning yellow starting from the tips?,1,1
174,Do you notice any brown streaks on the leaf veins?,0,1
174,Is there a sticky residue on the leaf surface?,1,1
174,Are the leaves curling inward or downward?,0,1
174,Do you see any tiny white spots on the leaves?,1,1
174,Is there a foul or unusual smell from the leaves?,0,1
174,Are the leaf edges turning brown or dry?,1,1
174,Do the leaves have patches of light green or pale color?,1,1
174,Is the plant growth slower than usual?,1,1
174,Are the leaves falling off prematurely?,1,1
174,Do you see black fungal spots on the leaves?,0,1
174,Are ants or other insects frequently found on the leaves?,0,1
174,Is there any powdery white coating on the leaves?,1,1
174,Do you see small holes or eaten parts on the leaves?,0,1
174,Are the younger leaves affected more than older ones?,1,1
174,Is there any sticky honeydew on the underside of leaves?,0,1
174,Do the leaves feel brittle or dry to touch?,1,1
174,Are there any web-like structures on the leaves?,0,1
174,Is there any mold or mildew on the leaf surface?,1,1
174,Are the leaves drooping or wilted during the day?,0,1
174,Do you see any yellow rings or spots on the leaves?,0,1
174,Are the leaves thinner or smaller than normal?,1,1
174,Is there any rust-colored powder on the leaves?,1,1
174,Do you notice any leaf veins turning red or purple?,0,1
174,Are the leaves brittle and breaking easily?,1,1
174,Is the plant showing signs of nutrient deficiency?,0,1
174,Are there any whiteflies or aphids on the leaves?,1,1
174,Do the leaves have translucent patches?,1,1
174,Is there a sticky substance attracting ants?,1,1
174,Are the leaves clustered tightly together unusually?,1,1
174,Is the leaf surface rough or bumpy?,1,1
174,Are the plants less productive than usual?,0,1
174,Do you see any holes forming in the leaf blades?,0,1
174,Are the edges of the leaves curling upward?,0,1
174,Do you notice any faint yellow halos around spots?,1,1
174,Is there excessive moisture or dew on the leaves?,0,1
174,Are the leaves uneven in size and shape?,1,1
174,Do you see any leaves that look scorched or sunburned?,0,1
174,Are the leaves losing their natural shine?,1,1
174,Is there a sticky film on the leaf surface?,1,1
174,Do the affected leaves wilt faster during hot weather?,1,1
174,Are any parts of the leaf transparent or thin?,1,1
174,Do you notice any fungus-like growth near leaf stems?,1,1
174,Are the leaves changing color faster than normal?,0,1
174,Is the plant less vigorous than healthy plants?,0,1
174,Do you observe any yellowing around leaf margins?,1,1
174,Are the leaves curling unevenly or asymmetrically?,1,1
174,Do you see any spots that look oily or greasy?,0,1
175,Are the leaves turning yellow starting from the tips?,1,1
175,Do you notice any brown streaks on the leaf veins?,0,1
175,Is there a sticky residue on the leaf surface?,1,1
175,Are the leaves curling inward or downward?,0,1
175,Do you see any tiny white spots on the leaves?,1,1
175,Is there a foul or unusual smell from the leaves?,0,1
175,Are the leaf edges turning brown or dry?,1,1
175,Do the leaves have patches of light green or pale color?,0,1
175,Is the plant growth slower than usual?,1,1
175,Are the leaves falling off prematurely?,1,1
175,Do you see black fungal spots on the leaves?,0,1
175,Are ants or other insects frequently found on the leaves?,0,1
175,Is there any powdery white coating on the leaves?,1,1
175,Do you see small holes or eaten parts on the leaves?,0,1
175,Are the younger leaves affected more than older ones?,1,1
175,Is there any sticky honeydew on the underside of leaves?,0,1
175,Do the leaves feel brittle or dry to touch?,1,1
175,Are there any web-like structures on the leaves?,0,1
175,Is there any mold or mildew on the leaf surface?,1,1
175,Are the leaves drooping or wilted during the day?,0,1
175,Do you see any yellow rings or spots on the leaves?,1,1
175,Are the leaves thinner or smaller than normal?,0,1
175,Is there any rust-colored powder on the leaves?,0,1
175,Do you notice any leaf veins turning red or purple?,1,1
175,Are the leaves brittle and breaking easily?,1,1
175,Is the plant showing signs of nutrient deficiency?,0,1
175,Are there any whiteflies or aphids on the leaves?,1,1
175,Do the leaves have translucent patches?,0,1
175,Is there a sticky substance attracting ants?,0,1
175,Are the leaves clustered tightly together unusually?,0,1
175,Is the leaf surface rough or bumpy?,0,1
175,Are the plants less productive than usual?,0,1
175,Do you see any holes forming in the leaf blades?,1,1
175,Are the edges of the leaves curling upward?,1,1
175,Do you notice any faint yellow halos around spots?,1,1
175,Is there excessive moisture or dew on the leaves?,0,1
175,Are the leaves uneven in size and shape?,1,1
175,Do you see any leaves that look scorched or sunburned?,0,1
175,Are the leaves losing their natural shine?,1,1
175,Is there a sticky film on the leaf surface?,0,1
175,Do the affected leaves wilt faster during hot weather?,1,1
175,Are any parts of the leaf transparent or thin?,0,1
175,Do you notice any fungus-like growth near leaf stems?,1,1
175,Are the leaves changing color faster than normal?,0,1
175,Is the plant less vigorous than healthy plants?,1,1
175,Do you observe any yellowing around leaf margins?,0,1
175,Are the leaves curling unevenly or asymmetrically?,0,1
175,Do you see any spots that look oily or greasy?,0,1
176,Are the leaves turning yellow starting from the tips?,1,1
176,Do you notice any brown streaks on the leaf veins?,0,1
176,Is there a sticky residue on the leaf surface?,0,1
176,Are the leaves curling inward or downward?,1,1
176,Do you see any tiny white spots on the leaves?,1,1
176,Is there a foul or unusual smell from the leaves?,0,1
176,Are the leaf edges turning brown or dry?,1,1
176,Do the leaves have patches of light green or pale color?,0,1
176,Is the plant growth slower than usual?,1,1
176,Are the leaves falling off prematurely?,0,1
176,Do you see black fungal spots on the leaves?,1,1
176,Are ants or other insects frequently found on the leaves?,0,1
176,Is there any powdery white coating on the leaves?,1,1
176,Do you see small holes or eaten parts on the leaves?,0,1
176,Are the younger leaves affected more than older ones?,1,1
176,Is there any sticky honeydew on the underside of leaves?,0,1
176,Do the leaves feel brittle or dry to touch?,1,1
176,Are there any web-like structures on the leaves?,0,1
176,Is there any mold or mildew on the leaf surface?,0,1
176,Are the leaves drooping or wilted during the day?,1,1
176,Do you see any yellow rings or spots on the leaves?,1,1
176,Are the leaves thinner or smaller than normal?,0,1
176,Is there any rust-colored powder on the leaves?,0,1
176,Do you notice any leaf veins turning red or purple?,0,1
176,Are the leaves brittle and breaking easily?,1,1
176,Is the plant showing signs of nutrient deficiency?,0,1
176,Are there any whiteflies or aphids on the leaves?,1,1
176,Do the leaves have translucent patches?,0,1
176,Is there a sticky substance attracting ants?,1,1
176,Are the leaves clustered tightly together unusually?,0,1
176,Is the leaf surface rough or bumpy?,1,1
176,Are the plants less productive than usual?,0,1
176,Do you see any holes forming in the leaf blades?,1,1
176,Are the edges of the leaves curling upward?,0,1
176,Do you notice any faint yellow halos around spots?,1,1
176,Is there excessive moisture or dew on the leaves?,0,1
176,Are the leaves uneven in size and shape?,1,1
176,Do you see any leaves that look scorched or sunburned?,0,1
176,Are the leaves losing their natural shine?,1,1
176,Is there a sticky film on the leaf surface?,0,1
176,Do the affected leaves wilt faster during hot weather?,1,1
176,Are any parts of the leaf transparent or thin?,0,1
176,Do you notice any fungus-like growth near leaf stems?,1,1
176,Are the leaves changing color faster than normal?,0,1
176,Is the plant less vigorous than healthy plants?,1,1
176,Do you observe any yellowing around leaf margins?,0,1
176,Are the leaves curling unevenly or asymmetrically?,1,1
176,Do you see any spots that look oily or greasy?,0,1
177,Are the leaves turning yellow starting from the tips?,1,0
177,Do you notice any brown streaks on the leaf veins?,1,0
177,Is there a sticky residue on the leaf surface?,0,0
177,Are the leaves curling inward or downward?,1,0
177,Do you see any tiny white spots on the leaves?,0,0
177,Is there a foul or unusual smell from the leaves?,1,0
177,Are the leaf edges turning brown or dry?,0,0
177,Do the leaves have patches of light green or pale color?,1,0
177,Is the plant growth slower than usual?,0,0
177,Are the leaves falling off prematurely?,1,0
177,Do you see black fungal spots on the leaves?,1,0
177,Are ants or other insects frequently found on the leaves?,1,0
177,Is there any powdery white coating on the leaves?,0,0
177,Do you see small holes or eaten parts on the leaves?,1,0
177,Are the younger leaves affected more than older ones?,1,0
177,Is there any sticky honeydew on the underside of leaves?,0,0
177,Do the leaves feel brittle or dry to touch?,0,0
177,Are there any web-like structures on the leaves?,1,0
177,Is there any mold or mildew on the leaf surface?,0,0
177,Are the leaves drooping or wilted during the day?,1,0
177,Do you see any yellow rings or spots on the leaves?,0,0
177,Are the leaves thinner or smaller than normal?,1,0
177,Is there any rust-colored powder on the leaves?,0,0
177,Do you notice any leaf veins turning red or purple?,1,0
177,Are the leaves brittle and breaking easily?,0,0
177,Is the plant showing signs of nutrient deficiency?,1,0
177,Are there any whiteflies or aphids on the leaves?,0,0
177,Do the leaves have translucent patches?,0,0
177,Is there a sticky substance attracting ants?,1,0
177,Are the leaves clustered tightly together unusually?,1,0
177,Is the leaf surface rough or bumpy?,0,0
177,Are the plants less productive than usual?,1,0
177,Do you see any holes forming in the leaf blades?,0,0
177,Are the edges of the leaves curling upward?,1,0
177,Do you notice any faint yellow halos around spots?,0,0
177,Is there excessive moisture or dew on the leaves?,0,0
177,Are the leaves uneven in size and shape?,0,0
177,Do you see any leaves that look scorched or sunburned?,1,0
177,Are the leaves losing their natural shine?,1,0
177,Is there a sticky film on the leaf surface?,0,0
177,Do the affected leaves wilt faster during hot weather?,0,0
177,Are any parts of the leaf transparent or thin?,1,0
177,Do you notice any fungus-like growth near leaf stems?,1,0
177,Are the leaves changing color faster than normal?,0,0
177,Is the plant less vigorous than healthy plants?,0,0
177,Do you observe any yellowing around leaf margins?,1,0
177,Are the leaves curling unevenly or asymmetrically?,0,0
177,Do you see any spots that look oily or greasy?,1,0
178,Are the leaves turning yellow starting from the tips?,0,0
178,Do you notice any brown streaks on the leaf veins?,0,0
178,Is there a sticky residue on the leaf surface?,1,0
178,Are the leaves curling inward or downward?,1,0
178,Do you see any tiny white spots on the leaves?,0,0
178,Is there a foul or unusual smell from the leaves?,0,0
178,Are the leaf edges turning brown or dry?,1,0
178,Do the leaves have patches of light green or pale color?,1,0
178,Is the plant growth slower than usual?,0,0
178,Are the leaves falling off prematurely?,0,0
178,Do you see black fungal spots on the leaves?,1,0
178,Are ants or other insects frequently found on the leaves?,1,0
178,Is there any powdery white coating on the leaves?,0,0
178,Do you see small holes or eaten parts on the leaves?,1,0
178,Are the younger leaves affected more than older ones?,0,0
178,Is there any sticky honeydew on the underside of leaves?,1,0
178,Do the leaves feel brittle or dry to touch?,0,0
178,Are there any web-like structures on the leaves?,0,0
178,Is there any mold or mildew on the leaf surface?,0,0
178,Are the leaves drooping or wilted during the day?,1,0
178,Do you see any yellow rings or spots on the leaves?,0,0
178,Are the leaves thinner or smaller than normal?,1,0
178,Is there any rust-colored powder on the leaves?,0,0
178,Do you notice any leaf veins turning red or purple?,1,0
178,Are the leaves brittle and breaking easily?,1,0
178,Is the plant showing signs of nutrient deficiency?,1,0
178,Are there any whiteflies or aphids on the leaves?,0,0
178,Do the leaves have translucent patches?,1,0
178,Is there a sticky substance attracting ants?,0,0
178,Are the leaves clustered tightly together unusually?,1,0
178,Is the leaf surface rough or bumpy?,0,0
178,Are the plants less productive than usual?,1,0
178,Do you see any holes forming in the leaf blades?,1,0
178,Are the edges of the leaves curling upward?,1,0
178,Do you notice any faint yellow halos around spots?,0,0
178,Is there excessive moisture or dew on the leaves?,1,0
178,Are the leaves uneven in size and shape?,0,0
178,Do you see any leaves that look scorched or sunburned?,1,0
178,Are the leaves losing their natural shine?,1,0
178,Is there a sticky film on the leaf surface?,0,0
178,Do the affected leaves wilt faster during hot weather?,0,0
178,Are any parts of the leaf transparent or thin?,0,0
178,Do you notice any fungus-like growth near leaf stems?,0,0
178,Are the leaves changing color faster than normal?,1,0
178,Is the plant less vigorous than healthy plants?,0,0
178,Do you observe any yellowing around leaf margins?,1,0
178,Are the leaves curling unevenly or asymmetrically?,1,0
178,Do you see any spots that look oily or greasy?,1,0
179,Are the leaves turning yellow starting from the tips?,0,0
179,Do you notice any brown streaks on the leaf veins?,1,0
179,Is there a sticky residue on the leaf surface?,0,0
179,Are the leaves curling inward or downward?,1,0
179,Do you see any tiny white spots on the leaves?,0,0
179,Is there a foul or unusual smell from the leaves?,1,0
179,Are the leaf edges turning brown or dry?,0,0
179,Do the leaves have patches of light green or pale color?,0,0
179,Is the plant growth slower than usual?,0,0
179,Are the leaves falling off prematurely?,0,0
179,Do you see black fungal spots on the leaves?,0,0
179,Are ants or other insects frequently found on the leaves?,1,0
179,Is there any powdery white coating on the leaves?,1,0
179,Do you see small holes or eaten parts on the leaves?,1,0
179,Are the younger leaves affected more than older ones?,0,0
179,Is there any sticky honeydew on the underside of leaves?,1,0
179,Do the leaves feel brittle or dry to touch?,0,0
179,Are there any web-like structures on the leaves?,1,0
179,Is there any mold or mildew on the leaf surface?,0,0
179,Are the leaves drooping or wilted during the day?,1,0
179,Do you see any yellow rings or spots on the leaves?,0,0
179,Are the leaves thinner or smaller than normal?,1,0
179,Is there any rust-colored powder on the leaves?,1,0
179,Do you notice any leaf veins turning red or purple?,1,0
179,Are the leaves brittle and breaking easily?,1,0
179,Is the plant showing signs of nutrient deficiency?,1,0
179,Are there any whiteflies or aphids on the leaves?,0,0
179,Do the leaves have translucent patches?,1,0
179,Is there a sticky substance attracting ants?,1,0
179,Are the leaves clustered tightly together unusually?,1,0
179,Is the leaf surface rough or bumpy?,0,0
179,Are the plants less productive than usual?,1,0
179,Do you see any holes forming in the leaf blades?,0,0
179,Are the edges of the leaves curling upward?,1,0
179,Do you notice any faint yellow halos around spots?,1,0
179,Is there excessive moisture or dew on the leaves?,1,0
179,Are the leaves uneven in size and shape?,1,0
179,Do you see any leaves that look scorched or sunburned?,1,0
179,Are the leaves losing their natural shine?,0,0
179,Is there a sticky film on the leaf surface?,1,0
179,Do the affected leaves wilt faster during hot weather?,0,0
179,Are any parts of the leaf transparent or thin?,1,0
179,Do you notice any fungus-like growth near leaf stems?,0,0
179,Are the leaves changing color faster than normal?,1,0
179,Is the plant less vigorous than healthy plants?,1,0
179,Do you observe any yellowing around leaf margins?,0,0
179,Are the leaves curling unevenly or asymmetrically?,1,0
179,Do you see any spots that look oily or greasy?,1,0
180,Are the leaves turning yellow starting from the tips?,0,0
180,Do you notice any brown streaks on the leaf veins?,1,0
180,Is there a sticky residue on the leaf surface?,0,0
180,Are the leaves curling inward or downward?,1,0
180,Do you see any tiny white spots on the leaves?,0,0
180,Is there a foul or unusual smell from the leaves?,1,0
180,Are the leaf edges turning brown or dry?,0,0
180,Do the leaves have patches of light green or pale color?,1,0
180,Is the plant growth slower than usual?,0,0
180,Are the leaves falling off prematurely?,0,0
180,Do you see black fungal spots on the leaves?,0,0
180,Are ants or other insects frequently found on the leaves?,1,0
180,Is there any powdery white coating on the leaves?,0,0
180,Do you see small holes or eaten parts on the leaves?,1,0
180,Are the younger leaves affected more than older ones?,0,0
180,Is there any sticky honeydew on the underside of leaves?,1,0
180,Do the leaves feel brittle or dry to touch?,0,0
180,Are there any web-like structures on the leaves?,0,0
180,Is there any mold or mildew on the leaf surface?,0,0
180,Are the leaves drooping or wilted during the day?,1,0
180,Do you see any yellow rings or spots on the leaves?,0,0
180,Are the leaves thinner or smaller than normal?,1,0
180,Is there any rust-colored powder on the leaves?,1,0
180,Do you notice any leaf veins turning red or purple?,0,0
180,Are the leaves brittle and breaking easily?,0,0
180,Is the plant showing signs of nutrient deficiency?,1,0
180,Are there any whiteflies or aphids on the leaves?,1,0
180,Do the leaves have translucent patches?,0,0
180,Is there a sticky substance attracting ants?,0,0
180,Are the leaves clustered tightly together unusually?,1,0
180,Is the leaf surface rough or bumpy?,0,0
180,Are the plants less productive than usual?,1,0
180,Do you see any holes forming in the leaf blades?,1,0
180,Are the edges of the leaves curling upward?,1,0
180,Do you notice any faint yellow halos around spots?,0,0
180,Is there excessive moisture or dew on the leaves?,1,0
180,Are the leaves uneven in size and shape?,1,0
180,Do you see any leaves that look scorched or sunburned?,1,0
180,Are the leaves losing their natural shine?,0,0
180,Is there a sticky film on the leaf surface?,1,0
180,Do the affected leaves wilt faster during hot weather?,0,0
180,Are any parts of the leaf transparent or thin?,1,0
180,Do you notice any fungus-like growth near leaf stems?,0,0
180,Are the leaves changing color faster than normal?,1,0
180,Is the plant less vigorous than healthy plants?,0,0
180,Do you observe any yellowing around leaf margins?,1,0
180,Are the leaves curling unevenly or asymmetrically?,0,0
180,Do you see any spots that look oily or greasy?,1,0
181,Are the leaves turning yellow starting from the tips?,0,0
181,Do you notice any brown streaks on the leaf veins?,1,0
181,Is there a sticky residue on the leaf surface?,0,0
181,Are the leaves curling inward or downward?,0,0
181,Do you see any tiny white spots on the leaves?,0,0
181,Is there a foul or unusual smell from the leaves?,1,0
181,Are the leaf edges turning brown or dry?,0,0
181,Do the leaves have patches of light green or pale color?,1,0
181,Is the plant growth slower than usual?,0,0
181,Are the leaves falling off prematurely?,1,0
181,Do you see black fungal spots on the leaves?,1,0
181,Are ants or other insects frequently found on the leaves?,0,0
181,Is there any powdery white coating on the leaves?,0,0
181,Do you see small holes or eaten parts on the leaves?,1,0
181,Are the younger leaves affected more than older ones?,0,0
181,Is there any sticky honeydew on the underside of leaves?,1,0
181,Do the leaves feel brittle or dry to touch?,0,0
181,Are there any web-like structures on the leaves?,1,0
181,Is there any mold or mildew on the leaf surface?,0,0
181,Are the leaves drooping or wilted during the day?,1,0
181,Do you see any yellow rings or spots on the leaves?,0,0
181,Are the leaves thinner or smaller than normal?,1,0
181,Is there any rust-colored powder on the leaves?,0,0
181,Do you notice any leaf veins turning red or purple?,0,0
181,Are the leaves brittle and breaking easily?,0,0
181,Is the plant showing signs of nutrient deficiency?,1,0
181,Are there any whiteflies or aphids on the leaves?,0,0
181,Do the leaves have translucent patches?,1,0
181,Is there a sticky substance attracting ants?,0,0
181,Are the leaves clustered tightly together unusually?,1,0
181,Is the leaf surface rough or bumpy?,0,0
181,Are the plants less productive than usual?,1,0
181,Do you see any holes forming in the leaf blades?,1,0
181,Are the edges of the leaves curling upward?,1,0
181,Do you notice any faint yellow halos around spots?,0,0
181,Is there excessive moisture or dew on the leaves?,1,0
181,Are the leaves uneven in size and shape?,1,0
181,Do you see any leaves that look scorched or sunburned?,1,0
181,Are the leaves losing their natural shine?,0,0
181,Is there a sticky film on the leaf surface?,1,0
181,Do the affected leaves wilt faster during hot weather?,0,0
181,Are any parts of the leaf transparent or thin?,1,0
181,Do you notice any fungus-like growth near leaf stems?,0,0
181,Are the leaves changing color faster than normal?,0,0
181,Is the plant less vigorous than healthy plants?,0,0
181,Do you observe any yellowing around leaf margins?,1,0
181,Are the leaves curling unevenly or asymmetrically?,1,0
181,Do you see any spots that look oily or greasy?,0,0
182,Are the leaves turning yellow starting from the tips?,1,0
182,Do you notice any brown streaks on the leaf veins?,1,0
182,Is there a sticky residue on the leaf surface?,0,0
182,Are the leaves curling inward or downward?,1,0
182,Do you see any tiny white spots on the leaves?,1,0
182,Is there a foul or unusual smell from the leaves?,1,0
182,Are the leaf edges turning brown or dry?,0,0
182,Do the leaves have patches of light green or pale color?,1,0
182,Is the plant growth slower than usual?,0,0
182,Are the leaves falling off prematurely?,1,0
182,Do you see black fungal spots on the leaves?,0,0
182,Are ants or other insects frequently found on the leaves?,0,0
182,Is there any powdery white coating on the leaves?,0,0
182,Do you see small holes or eaten parts on the leaves?,1,0
182,Are the younger leaves affected more than older ones?,0,0
182,Is there any sticky honeydew on the underside of leaves?,1,0
182,Do the leaves feel brittle or dry to touch?,0,0
182,Are there any web-like structures on the leaves?,1,0
182,Is there any mold or mildew on the leaf surface?,0,0
182,Are the leaves drooping or wilted during the day?,1,0
182,Do you see any yellow rings or spots on the leaves?,1,0
182,Are the leaves thinner or smaller than normal?,1,0
182,Is there any rust-colored powder on the leaves?,1,0
182,Do you notice any leaf veins turning red or purple?,0,0
182,Are the leaves brittle and breaking easily?,0,0
182,Is the plant showing signs of nutrient deficiency?,1,0
182,Are there any whiteflies or aphids on the leaves?,0,0
182,Do the leaves have translucent patches?,1,0
182,Is there a sticky substance attracting ants?,0,0
182,Are the leaves clustered tightly together unusually?,0,0
182,Is the leaf surface rough or bumpy?,0,0
182,Are the plants less productive than usual?,1,0
182,Do you see any holes forming in the leaf blades?,1,0
182,Are the edges of the leaves curling upward?,1,0
182,Do you notice any faint yellow halos around spots?,0,0
182,Is there excessive moisture or dew on the leaves?,1,0
182,Are the leaves uneven in size and shape?,1,0
182,Do you see any leaves that look scorched or sunburned?,1,0
182,Are the leaves losing their natural shine?,0,0
182,Is there a sticky film on the leaf surface?,1,0
182,Do the affected leaves wilt faster during hot weather?,0,0
182,Are any parts of the leaf transparent or thin?,1,0
182,Do you notice any fungus-like growth near leaf stems?,0,0
182,Are the leaves changing color faster than normal?,1,0
182,Is the plant less vigorous than healthy plants?,0,0
182,Do you observe any yellowing around leaf margins?,1,0
182,Are the leaves curling unevenly or asymmetrically?,0,0
182,Do you see any spots that look oily or greasy?,1,0
183,Are the leaves turning yellow starting from the tips?,1,0
183,Do you notice any brown streaks on the leaf veins?,1,0
183,Is there a sticky residue on the leaf surface?,0,0
183,Are the leaves curling inward or downward?,0,0
183,Do you see any tiny white spots on the leaves?,1,0
183,Is there a foul or unusual smell from the leaves?,1,0
183,Are the leaf edges turning brown or dry?,0,0
183,Do the leaves have patches of light green or pale color?,1,0
183,Is the plant growth slower than usual?,0,0
183,Are the leaves falling off prematurely?,1,0
183,Do you see black fungal spots on the leaves?,0,0
183,Are ants or other insects frequently found on the leaves?,1,0
183,Is there any powdery white coating on the leaves?,0,0
183,Do you see small holes or eaten parts on the leaves?,1,0
183,Are the younger leaves affected more than older ones?,0,0
183,Is there any sticky honeydew on the underside of leaves?,1,0
183,Do the leaves feel brittle or dry to touch?,0,0
183,Are there any web-like structures on the leaves?,1,0
183,Is there any mold or mildew on the leaf surface?,0,0
183,Are the leaves drooping or wilted during the day?,0,0
183,Do you see any yellow rings or spots on the leaves?,0,0
183,Are the leaves thinner or smaller than normal?,1,0
183,Is there any rust-colored powder on the leaves?,0,0
183,Do you notice any leaf veins turning red or purple?,1,0
183,Are the leaves brittle and breaking easily?,0,0
183,Is the plant showing signs of nutrient deficiency?,1,0
183,Are there any whiteflies or aphids on the leaves?,1,0
183,Do the leaves have translucent patches?,1,0
183,Is there a sticky substance attracting ants?,0,0
183,Are the leaves clustered tightly together unusually?,1,0
183,Is the leaf surface rough or bumpy?,0,0
183,Are the plants less productive than usual?,1,0
183,Do you see any holes forming in the leaf blades?,0,0
183,Are the edges of the leaves curling upward?,1,0
183,Do you notice any faint yellow halos around spots?,0,0
183,Is there excessive moisture or dew on the leaves?,1,0
183,Are the leaves uneven in size and shape?,1,0
183,Do you see any leaves that look scorched or sunburned?,1,0
183,Are the leaves losing their natural shine?,1,0
183,Is there a sticky film on the leaf surface?,1,0
183,Do the affected leaves wilt faster during hot weather?,0,0
183,Are any parts of the leaf transparent or thin?,1,0
183,Do you notice any fungus-like growth near leaf stems?,1,0
183,Are the leaves changing color faster than normal?,1,0
183,Is the plant less vigorous than healthy plants?,0,0
183,Do you observe any yellowing around leaf margins?,1,0
183,Are the leaves curling unevenly or asymmetrically?,0,0
183,Do you see any spots that look oily or greasy?,1,0
184,Are the leaves turning yellow starting from the tips?,1,1
184,Do you notice any brown streaks on the leaf veins?,0,1
184,Is there a sticky residue on the leaf surface?,1,1
184,Are the leaves curling inward or downward?,0,1
184,Do you see any tiny white spots on the leaves?,1,1
184,Is there a foul or unusual smell from the leaves?,0,1
184,Are the leaf edges turning brown or dry?,1,1
184,Do the leaves have patches of light green or pale color?,0,1
184,Is the plant growth slower than usual?,0,1
184,Are the leaves falling off prematurely?,0,1
184,Do you see black fungal spots on the leaves?,1,1
184,Are ants or other insects frequently found on the leaves?,0,1
184,Is there any powdery white coating on the leaves?,1,1
184,Do you see small holes or eaten parts on the leaves?,0,1
184,Are the younger leaves affected more than older ones?,1,1
184,Is there any sticky honeydew on the underside of leaves?,0,1
184,Do the leaves feel brittle or dry to touch?,0,1
184,Are there any web-like structures on the leaves?,0,1
184,Is there any mold or mildew on the leaf surface?,1,1
184,Are the leaves drooping or wilted during the day?,0,1
184,Do you see any yellow rings or spots on the leaves?,1,1
184,Are the leaves thinner or smaller than normal?,0,1
184,Is there any rust-colored powder on the leaves?,1,1
184,Do you notice any leaf veins turning red or purple?,0,1
184,Are the leaves brittle and breaking easily?,1,1
184,Is the plant showing signs of nutrient deficiency?,0,1
184,Are there any whiteflies or aphids on the leaves?,1,1
184,Do the leaves have translucent patches?,1,1
184,Is there a sticky substance attracting ants?,1,1
184,Are the leaves clustered tightly together unusually?,0,1
184,Is the leaf surface rough or bumpy?,1,1
184,Are the plants less productive than usual?,1,1
184,Do you see any holes forming in the leaf blades?,1,1
184,Are the edges of the leaves curling upward?,1,1
184,Do you notice any faint yellow halos around spots?,1,1
184,Is there excessive moisture or dew on the leaves?,0,1
184,Are the leaves uneven in size and shape?,1,1
184,Do you see any leaves that look scorched or sunburned?,0,1
184,Are the leaves losing their natural shine?,0,1
184,Is there a sticky film on the leaf surface?,0,1
184,Do the affected leaves wilt faster during hot weather?,1,1
184,Are any parts of the leaf transparent or thin?,0,1
184,Do you notice any fungus-like growth near leaf stems?,1,1
184,Are the leaves changing color faster than normal?,0,1
184,Is the plant less vigorous than healthy plants?,1,1
184,Do you observe any yellowing around leaf margins?,0,1
184,Are the leaves curling unevenly or asymmetrically?,1,1
184,Do you see any spots that look oily or greasy?,0,1
185,Are the leaves turning yellow starting from the tips?,1,1
185,Do you notice any brown streaks on the leaf veins?,0,1
185,Is there a sticky residue on the leaf surface?,1,1
185,Are the leaves curling inward or downward?,0,1
185,Do you see any tiny white spots on the leaves?,1,1
185,Is there a foul or unusual smell from the leaves?,1,1
185,Are the leaf edges turning brown or dry?,1,1
185,Do the leaves have patches of light green or pale color?,0,1
185,Is the plant growth slower than usual?,1,1
185,Are the leaves falling off prematurely?,0,1
185,Do you see black fungal spots on the leaves?,1,1
185,Are ants or other insects frequently found on the leaves?,0,1
185,Is there any powdery white coating on the leaves?,0,1
185,Do you see small holes or eaten parts on the leaves?,0,1
185,Are the younger leaves affected more than older ones?,1,1
185,Is there any sticky honeydew on the underside of leaves?,0,1
185,Do the leaves feel brittle or dry to touch?,1,1
185,Are there any web-like structures on the leaves?,0,1
185,Is there any mold or mildew on the leaf surface?,0,1
185,Are the leaves drooping or wilted during the day?,0,1
185,Do you see any yellow rings or spots on the leaves?,0,1
185,Are the leaves thinner or smaller than normal?,0,1
185,Is there any rust-colored powder on the leaves?,1,1
185,Do you notice any leaf veins turning red or purple?,0,1
185,Are the leaves brittle and breaking easily?,1,1
185,Is the plant showing signs of nutrient deficiency?,0,1
185,Are there any whiteflies or aphids on the leaves?,1,1
185,Do the leaves have translucent patches?,0,1
185,Is there a sticky substance attracting ants?,1,1
185,Are the leaves clustered tightly together unusually?,1,1
185,Is the leaf surface rough or bumpy?,1,1
185,Are the plants less productive than usual?,0,1
185,Do you see any holes forming in the leaf blades?,1,1
185,Are the edges of the leaves curling upward?,1,1
185,Do you notice any faint yellow halos around spots?,1,1
185,Is there excessive moisture or dew on the leaves?,1,1
185,Are the leaves uneven in size and shape?,1,1
185,Do you see any leaves that look scorched or sunburned?,0,1
185,Are the leaves losing their natural shine?,0,1
185,Is there a sticky film on the leaf surface?,1,1
185,Do the affected leaves wilt faster during hot weather?,1,1
185,Are any parts of the leaf transparent or thin?,0,1
185,Do you notice any fungus-like growth near leaf stems?,1,1
185,Are the leaves changing color faster than normal?,0,1
185,Is the plant less vigorous than healthy plants?,0,1
185,Do you observe any yellowing around leaf margins?,0,1
185,Are the leaves curling unevenly or asymmetrically?,0,1
185,Do you see any spots that look oily or greasy?,0,1
186,Are the leaves turning yellow starting from the tips?,1,1
186,Do you notice any brown streaks on the leaf veins?,0,1
186,Is there a sticky residue on the leaf surface?,1,1
186,Are the leaves curling inward or downward?,0,1
186,Do you see any tiny white spots on the leaves?,1,1
186,Is there a foul or unusual smell from the leaves?,1,1
186,Are the leaf edges turning brown or dry?,1,1
186,Do the leaves have patches of light green or pale color?,0,1
186,Is the plant growth slower than usual?,1,1
186,Are the leaves falling off prematurely?,0,1
186,Do you see black fungal spots on the leaves?,1,1
186,Are ants or other insects frequently found on the leaves?,0,1
186,Is there any powdery white coating on the leaves?,1,1
186,Do you see small holes or eaten parts on the leaves?,1,1
186,Are the younger leaves affected more than older ones?,1,1
186,Is there any sticky honeydew on the underside of leaves?,0,1
186,Do the leaves feel brittle or dry to touch?,0,1
186,Are there any web-like structures on the leaves?,0,1
186,Is there any mold or mildew on the leaf surface?,0,1
186,Are the leaves drooping or wilted during the day?,0,1
186,Do you see any yellow rings or spots on the leaves?,1,1
186,Are the leaves thinner or smaller than normal?,0,1
186,Is there any rust-colored powder on the leaves?,0,1
186,Do you notice any leaf veins turning red or purple?,1,1
186,Are the leaves brittle and breaking easily?,1,1
186,Is the plant showing signs of nutrient deficiency?,0,1
186,Are there any whiteflies or aphids on the leaves?,1,1
186,Do the leaves have translucent patches?,0,1
186,Is there a sticky substance attracting ants?,1,1
186,Are the leaves clustered tightly together unusually?,0,1
186,Is the leaf surface rough or bumpy?,1,1
186,Are the plants less productive than usual?,1,1
186,Do you see any holes forming in the leaf blades?,1,1
186,Are the edges of the leaves curling upward?,0,1
186,Do you notice any faint yellow halos around spots?,0,1
186,Is there excessive moisture or dew on the leaves?,0,1
186,Are the leaves uneven in size and shape?,1,1
186,Do you see any leaves that look scorched or sunburned?,0,1
186,Are the leaves losing their natural shine?,1,1
186,Is there a sticky film on the leaf surface?,0,1
186,Do the affected leaves wilt faster during hot weather?,1,1
186,Are any parts of the leaf transparent or thin?,1,1
186,Do you notice any fungus-like growth near leaf stems?,1,1
186,Are the leaves changing color faster than normal?,0,1
186,Is the plant less vigorous than healthy plants?,1,1
186,Do you observe any yellowing around leaf margins?,0,1
186,Are the leaves curling unevenly or asymmetrically?,1,1
186,Do you see any spots that look oily or greasy?,0,1
187,Are the leaves turning yellow starting from the tips?,0,0
187,Do you notice any brown streaks on the leaf veins?,1,0
187,Is there a sticky residue on the leaf surface?,1,0
187,Are the leaves curling inward or downward?,1,0
187,Do you see any tiny white spots on the leaves?,0,0
187,Is there a foul or unusual smell from the leaves?,1,0
187,Are the leaf edges turning brown or dry?,0,0
187,Do the leaves have patches of light green or pale color?,0,0
187,Is the plant growth slower than usual?,0,0
187,Are the leaves falling off prematurely?,1,0
187,Do you see black fungal spots on the leaves?,0,0
187,Are ants or other insects frequently found on the leaves?,1,0
187,Is there any powdery white coating on the leaves?,0,0
187,Do you see small holes or eaten parts on the leaves?,1,0
187,Are the younger leaves affected more than older ones?,1,0
187,Is there any sticky honeydew on the underside of leaves?,1,0
187,Do the leaves feel brittle or dry to touch?,0,0
187,Are there any web-like structures on the leaves?,1,0
187,Is there any mold or mildew on the leaf surface?,1,0
187,Are the leaves drooping or wilted during the day?,1,0
187,Do you see any yellow rings or spots on the leaves?,0,0
187,Are the leaves thinner or smaller than normal?,1,0
187,Is there any rust-colored powder on the leaves?,0,0
187,Do you notice any leaf veins turning red or purple?,1,0
187,Are the leaves brittle and breaking easily?,0,0
187,Is the plant showing signs of nutrient deficiency?,1,0
187,Are there any whiteflies or aphids on the leaves?,0,0
187,Do the leaves have translucent patches?,1,0
187,Is there a sticky substance attracting ants?,1,0
187,Are the leaves clustered tightly together unusually?,0,0
187,Is the leaf surface rough or bumpy?,0,0
187,Are the plants less productive than usual?,1,0
187,Do you see any holes forming in the leaf blades?,0,0
187,Are the edges of the leaves curling upward?,0,0
187,Do you notice any faint yellow halos around spots?,0,0
187,Is there excessive moisture or dew on the leaves?,1,0
187,Are the leaves uneven in size and shape?,0,0
187,Do you see any leaves that look scorched or sunburned?,1,0
187,Are the leaves losing their natural shine?,0,0
187,Is there a sticky film on the leaf surface?,0,0
187,Do the affected leaves wilt faster during hot weather?,0,0
187,Are any parts of the leaf transparent or thin?,1,0
187,Do you notice any fungus-like growth near leaf stems?,1,0
187,Are the leaves changing color faster than normal?,1,0
187,Is the plant less vigorous than healthy plants?,0,0
187,Do you observe any yellowing around leaf margins?,0,0
187,Are the leaves curling unevenly or asymmetrically?,1,0
187,Do you see any spots that look oily or greasy?,1,0
188,Are the leaves turning yellow starting from the tips?,0,1
188,Do you notice any brown streaks on the leaf veins?,0,1
188,Is there a sticky residue on the leaf surface?,1,1
188,Are the leaves curling inward or downward?,0,1
188,Do you see any tiny white spots on the leaves?,1,1
188,Is there a foul or unusual smell from the leaves?,0,1
188,Are the leaf edges turning brown or dry?,1,1
188,Do the leaves have patches of light green or pale color?,0,1
188,Is the plant growth slower than usual?,1,1
188,Are the leaves falling off prematurely?,1,1
188,Do you see black fungal spots on the leaves?,0,1
188,Are ants or other insects frequently found on the leaves?,1,1
188,Is there any powdery white coating on the leaves?,1,1
188,Do you see small holes or eaten parts on the leaves?,0,1
188,Are the younger leaves affected more than older ones?,1,1
188,Is there any sticky honeydew on the underside of leaves?,0,1
188,Do the leaves feel brittle or dry to touch?,1,1
188,Are there any web-like structures on the leaves?,0,1
188,Is there any mold or mildew on the leaf surface?,1,1
188,Are the leaves drooping or wilted during the day?,0,1
188,Do you see any yellow rings or spots on the leaves?,1,1
188,Are the leaves thinner or smaller than normal?,1,1
188,Is there any rust-colored powder on the leaves?,1,1
188,Do you notice any leaf veins turning red or purple?,0,1
188,Are the leaves brittle and breaking easily?,1,1
188,Is the plant showing signs of nutrient deficiency?,0,1
188,Are there any whiteflies or aphids on the leaves?,1,1
188,Do the leaves have translucent patches?,0,1
188,Is there a sticky substance attracting ants?,1,1
188,Are the leaves clustered tightly together unusually?,0,1
188,Is the leaf surface rough or bumpy?,1,1
188,Are the plants less productive than usual?,1,1
188,Do you see any holes forming in the leaf blades?,1,1
188,Are the edges of the leaves curling upward?,0,1
188,Do you notice any faint yellow halos around spots?,1,1
188,Is there excessive moisture or dew on the leaves?,0,1
188,Are the leaves uneven in size and shape?,1,1
188,Do you see any leaves that look scorched or sunburned?,0,1
188,Are the leaves losing their natural shine?,1,1
188,Is there a sticky film on the leaf surface?,0,1
188,Do the affected leaves wilt faster during hot weather?,1,1
188,Are any parts of the leaf transparent or thin?,0,1
188,Do you notice any fungus-like growth near leaf stems?,1,1
188,Are the leaves changing color faster than normal?,0,1
188,Is the plant less vigorous than healthy plants?,1,1
188,Do you observe any yellowing around leaf margins?,0,1
188,Are the leaves curling unevenly or asymmetrically?,0,1
188,Do you see any spots that look oily or greasy?,1,1
189,Are the leaves turning yellow starting from the tips?,1,0
189,Do you notice any brown streaks on the leaf veins?,1,0
189,Is there a sticky residue on the leaf surface?,0,0
189,Are the leaves curling inward or downward?,1,0
189,Do you see any tiny white spots on the leaves?,0,0
189,Is there a foul or unusual smell from the leaves?,1,0
189,Are the leaf edges turning brown or dry?,0,0
189,Do the leaves have patches of light green or pale color?,1,0
189,Is the plant growth slower than usual?,0,0
189,Are the leaves falling off prematurely?,0,0
189,Do you see black fungal spots on the leaves?,0,0
189,Are ants or other insects frequently found on the leaves?,0,0
189,Is there any powdery white coating on the leaves?,0,0
189,Do you see small holes or eaten parts on the leaves?,1,0
189,Are the younger leaves affected more than older ones?,1,0
189,Is there any sticky honeydew on the underside of leaves?,1,0
189,Do the leaves feel brittle or dry to touch?,0,0
189,Are there any web-like structures on the leaves?,1,0
189,Is there any mold or mildew on the leaf surface?,0,0
189,Are the leaves drooping or wilted during the day?,0,0
189,Do you see any yellow rings or spots on the leaves?,0,0
189,Are the leaves thinner or smaller than normal?,1,0
189,Is there any rust-colored powder on the leaves?,0,0
189,Do you notice any leaf veins turning red or purple?,1,0
189,Are the leaves brittle and breaking easily?,0,0
189,Is the plant showing signs of nutrient deficiency?,1,0
189,Are there any whiteflies or aphids on the leaves?,0,0
189,Do the leaves have translucent patches?,0,0
189,Is there a sticky substance attracting ants?,1,0
189,Are the leaves clustered tightly together unusually?,0,0
189,Is the leaf surface rough or bumpy?,1,0
189,Are the plants less productive than usual?,1,0
189,Do you see any holes forming in the leaf blades?,1,0
189,Are the edges of the leaves curling upward?,1,0
189,Do you notice any faint yellow halos around spots?,0,0
189,Is there excessive moisture or dew on the leaves?,1,0
189,Are the leaves uneven in size and shape?,0,0
189,Do you see any leaves that look scorched or sunburned?,0,0
189,Are the leaves losing their natural shine?,0,0
189,Is there a sticky film on the leaf surface?,1,0
189,Do the affected leaves wilt faster during hot weather?,0,0
189,Are any parts of the leaf transparent or thin?,1,0
189,Do you notice any fungus-like growth near leaf stems?,1,0
189,Are the leaves changing color faster than normal?,0,0
189,Is the plant less vigorous than healthy plants?,1,0
189,Do you observe any yellowing around leaf margins?,1,0
189,Are the leaves curling unevenly or asymmetrically?,1,0
189,Do you see any spots that look oily or greasy?,1,0
190,Are the leaves turning yellow starting from the tips?,1,1
190,Do you notice any brown streaks on the leaf veins?,0,1
190,Is there a sticky residue on the leaf surface?,0,1
190,Are the leaves curling inward or downward?,1,1
190,Do you see any tiny white spots on the leaves?,0,1
190,Is there a foul or unusual smell from the leaves?,0,1
190,Are the leaf edges turning brown or dry?,1,1
190,Do the leaves have patches of light green or pale color?,0,1
190,Is the plant growth slower than usual?,1,1
190,Are the leaves falling off prematurely?,0,1
190,Do you see black fungal spots on the leaves?,0,1
190,Are ants or other insects frequently found on the leaves?,1,1
190,Is there any powdery white coating on the leaves?,1,1
190,Do you see small holes or eaten parts on the leaves?,0,1
190,Are the younger leaves affected more than older ones?,1,1
190,Is there any sticky honeydew on the underside of leaves?,0,1
190,Do the leaves feel brittle or dry to touch?,1,1
190,Are there any web-like structures on the leaves?,0,1
190,Is there any mold or mildew on the leaf surface?,0,1
190,Are the leaves drooping or wilted during the day?,0,1
190,Do you see any yellow rings or spots on the leaves?,1,1
190,Are the leaves thinner or smaller than normal?,1,1
190,Is there any rust-colored powder on the leaves?,1,1
190,Do you notice any leaf veins turning red or purple?,1,1
190,Are the leaves brittle and breaking easily?,1,1
190,Is the plant showing signs of nutrient deficiency?,1,1
190,Are there any whiteflies or aphids on the leaves?,1,1
190,Do the leaves have translucent patches?,0,1
190,Is there a sticky substance attracting ants?,1,1
190,Are the leaves clustered tightly together unusually?,0,1
190,Is the leaf surface rough or bumpy?,1,1
190,Are the plants less productive than usual?,0,1
190,Do you see any holes forming in the leaf blades?,1,1
190,Are the edges of the leaves curling upward?,1,1
190,Do you notice any faint yellow halos around spots?,0,1
190,Is there excessive moisture or dew on the leaves?,0,1
190,Are the leaves uneven in size and shape?,1,1
190,Do you see any leaves that look scorched or sunburned?,0,1
190,Are the leaves losing their natural shine?,0,1
190,Is there a sticky film on the leaf surface?,0,1
190,Do the affected leaves wilt faster during hot weather?,0,1
190,Are any parts of the leaf transparent or thin?,0,1
190,Do you notice any fungus-like growth near leaf stems?,1,1
190,Are the leaves changing color faster than normal?,1,1
190,Is the plant less vigorous than healthy plants?,1,1
190,Do you observe any yellowing around leaf margins?,0,1
190,Are the leaves curling unevenly or asymmetrically?,1,1
190,Do you see any spots that look oily or greasy?,1,1
191,Are the leaves turning yellow starting from the tips?,0,0
191,Do you notice any brown streaks on the leaf veins?,0,0
191,Is there a sticky residue on the leaf surface?,0,0
191,Are the leaves curling inward or downward?,0,0
191,Do you see any tiny white spots on the leaves?,0,0
191,Is there a foul or unusual smell from the leaves?,1,0
191,Are the leaf edges turning brown or dry?,0,0
191,Do the leaves have patches of light green or pale color?,1,0
191,Is the plant growth slower than usual?,0,0
191,Are the leaves falling off prematurely?,1,0
191,Do you see black fungal spots on the leaves?,0,0
191,Are ants or other insects frequently found on the leaves?,1,0
191,Is there any powdery white coating on the leaves?,1,0
191,Do you see small holes or eaten parts on the leaves?,0,0
191,Are the younger leaves affected more than older ones?,0,0
191,Is there any sticky honeydew on the underside of leaves?,1,0
191,Do the leaves feel brittle or dry to touch?,0,0
191,Are there any web-like structures on the leaves?,1,0
191,Is there any mold or mildew on the leaf surface?,1,0
191,Are the leaves drooping or wilted during the day?,1,0
191,Do you see any yellow rings or spots on the leaves?,0,0
191,Are the leaves thinner or smaller than normal?,1,0
191,Is there any rust-colored powder on the leaves?,0,0
191,Do you notice any leaf veins turning red or purple?,1,0
191,Are the leaves brittle and breaking easily?,0,0
191,Is the plant showing signs of nutrient deficiency?,1,0
191,Are there any whiteflies or aphids on the leaves?,1,0
191,Do the leaves have translucent patches?,1,0
191,Is there a sticky substance attracting ants?,1,0
191,Are the leaves clustered tightly together unusually?,1,0
191,Is the leaf surface rough or bumpy?,0,0
191,Are the plants less productive than usual?,0,0
191,Do you see any holes forming in the leaf blades?,1,0
191,Are the edges of the leaves curling upward?,1,0
191,Do you notice any faint yellow halos around spots?,0,0
191,Is there excessive moisture or dew on the leaves?,1,0
191,Are the leaves uneven in size and shape?,0,0
191,Do you see any leaves that look scorched or sunburned?,1,0
191,Are the leaves losing their natural shine?,0,0
191,Is there a sticky film on the leaf surface?,1,0
191,Do the affected leaves wilt faster during hot weather?,0,0
191,Are any parts of the leaf transparent or thin?,0,0
191,Do you notice any fungus-like growth near leaf stems?,0,0
191,Are the leaves changing color faster than normal?,1,0
191,Is the plant less vigorous than healthy plants?,0,0
191,Do you observe any yellowing around leaf margins?,1,0
191,Are the leaves curling unevenly or asymmetrically?,0,0
191,Do you see any spots that look oily or greasy?,0,0
192,Are the leaves turning yellow starting from the tips?,1,1
192,Do you notice any brown streaks on the leaf veins?,0,1
192,Is there a sticky residue on the leaf surface?,0,1
192,Are the leaves curling inward or downward?,0,1
192,Do you see any tiny white spots on the leaves?,1,1
192,Is there a foul or unusual smell from the leaves?,0,1
192,Are the leaf edges turning brown or dry?,1,1
192,Do the leaves have patches of light green or pale color?,1,1
192,Is the plant growth slower than usual?,1,1
192,Are the leaves falling off prematurely?,0,1
192,Do you see black fungal spots on the leaves?,1,1
192,Are ants or other insects frequently found on the leaves?,0,1
192,Is there any powdery white coating on the leaves?,0,1
192,Do you see small holes or eaten parts on the leaves?,0,1
192,Are the younger leaves affected more than older ones?,0,1
192,Is there any sticky honeydew on the underside of leaves?,1,1
192,Do the leaves feel brittle or dry to touch?,1,1
192,Are there any web-like structures on the leaves?,0,1
192,Is there any mold or mildew on the leaf surface?,1,1
192,Are the leaves drooping or wilted during the day?,0,1
192,Do you see any yellow rings or spots on the leaves?,1,1
192,Are the leaves thinner or smaller than normal?,0,1
192,Is there any rust-colored powder on the leaves?,1,1
192,Do you notice any leaf veins turning red or purple?,0,1
192,Are the leaves brittle and breaking easily?,1,1
192,Is the plant showing signs of nutrient deficiency?,1,1
192,Are there any whiteflies or aphids on the leaves?,1,1
192,Do the leaves have translucent patches?,0,1
192,Is there a sticky substance attracting ants?,1,1
192,Are the leaves clustered tightly together unusually?,0,1
192,Is the leaf surface rough or bumpy?,1,1
192,Are the plants less productive than usual?,0,1
192,Do you see any holes forming in the leaf blades?,1,1
192,Are the edges of the leaves curling upward?,0,1
192,Do you notice any faint yellow halos around spots?,1,1
192,Is there excessive moisture or dew on the leaves?,0,1
192,Are the leaves uneven in size and shape?,1,1
192,Do you see any leaves that look scorched or sunburned?,0,1
192,Are the leaves losing their natural shine?,1,1
192,Is there a sticky film on the leaf surface?,0,1
192,Do the affected leaves wilt faster during hot weather?,1,1
192,Are any parts of the leaf transparent or thin?,0,1
192,Do you notice any fungus-like growth near leaf stems?,1,1
192,Are the leaves changing color faster than normal?,0,1
192,Is the plant less vigorous than healthy plants?,1,1
192,Do you observe any yellowing around leaf margins?,0,1
192,Are the leaves curling unevenly or asymmetrically?,0,1
192,Do you see any spots that look oily or greasy?,0,1
193,Are the leaves turning yellow starting from the tips?,0,0
193,Do you notice any brown streaks on the leaf veins?,1,0
193,Is there a sticky residue on the leaf surface?,0,0
193,Are the leaves curling inward or downward?,1,0
193,Do you see any tiny white spots on the leaves?,0,0
193,Is there a foul or unusual smell from the leaves?,1,0
193,Are the leaf edges turning brown or dry?,0,0
193,Do the leaves have patches of light green or pale color?,1,0
193,Is the plant growth slower than usual?,0,0
193,Are the leaves falling off prematurely?,1,0
193,Do you see black fungal spots on the leaves?,0,0
193,Are ants or other insects frequently found on the leaves?,1,0
193,Is there any powdery white coating on the leaves?,0,0
193,Do you see small holes or eaten parts on the leaves?,1,0
193,Are the younger leaves affected more than older ones?,1,0
193,Is there any sticky honeydew on the underside of leaves?,1,0
193,Do the leaves feel brittle or dry to touch?,0,0
193,Are there any web-like structures on the leaves?,0,0
193,Is there any mold or mildew on the leaf surface?,1,0
193,Are the leaves drooping or wilted during the day?,1,0
193,Do you see any yellow rings or spots on the leaves?,0,0
193,Are the leaves thinner or smaller than normal?,1,0
193,Is there any rust-colored powder on the leaves?,0,0
193,Do you notice any leaf veins turning red or purple?,0,0
193,Are the leaves brittle and breaking easily?,0,0
193,Is the plant showing signs of nutrient deficiency?,1,0
193,Are there any whiteflies or aphids on the leaves?,0,0
193,Do the leaves have translucent patches?,1,0
193,Is there a sticky substance attracting ants?,0,0
193,Are the leaves clustered tightly together unusually?,1,0
193,Is the leaf surface rough or bumpy?,0,0
193,Are the plants less productive than usual?,1,0
193,Do you see any holes forming in the leaf blades?,0,0
193,Are the edges of the leaves curling upward?,1,0
193,Do you notice any faint yellow halos around spots?,0,0
193,Is there excessive moisture or dew on the leaves?,0,0
193,Are the leaves uneven in size and shape?,0,0
193,Do you see any leaves that look scorched or sunburned?,1,0
193,Are the leaves losing their natural shine?,0,0
193,Is there a sticky film on the leaf surface?,1,0
193,Do the affected leaves wilt faster during hot weather?,0,0
193,Are any parts of the leaf transparent or thin?,1,0
193,Do you notice any fungus-like growth near leaf stems?,0,0
193,Are the leaves changing color faster than normal?,1,0
193,Is the plant less vigorous than healthy plants?,0,0
193,Do you observe any yellowing around leaf margins?,1,0
193,Are the leaves curling unevenly or asymmetrically?,0,0
193,Do you see any spots that look oily or greasy?,1,0
194,Are the leaves turning yellow starting from the tips?,1,0
194,Do you notice any brown streaks on the leaf veins?,1,0
194,Is there a sticky residue on the leaf surface?,0,0
194,Are the leaves curling inward or downward?,1,0
194,Do you see any tiny white spots on the leaves?,1,0
194,Is there a foul or unusual smell from the leaves?,1,0
194,Are the leaf edges turning brown or dry?,0,0
194,Do the leaves have patches of light green or pale color?,1,0
194,Is the plant growth slower than usual?,1,0
194,Are the leaves falling off prematurely?,1,0
194,Do you see black fungal spots on the leaves?,0,0
194,Are ants or other insects frequently found on the leaves?,1,0
194,Is there any powdery white coating on the leaves?,0,0
194,Do you see small holes or eaten parts on the leaves?,0,0
194,Are the younger leaves affected more than older ones?,1,0
194,Is there any sticky honeydew on the underside of leaves?,1,0
194,Do the leaves feel brittle or dry to touch?,0,0
194,Are there any web-like structures on the leaves?,1,0
194,Is there any mold or mildew on the leaf surface?,0,0
194,Are the leaves drooping or wilted during the day?,1,0
194,Do you see any yellow rings or spots on the leaves?,0,0
194,Are the leaves thinner or smaller than normal?,0,0
194,Is there any rust-colored powder on the leaves?,0,0
194,Do you notice any leaf veins turning red or purple?,0,0
194,Are the leaves brittle and breaking easily?,0,0
194,Is the plant showing signs of nutrient deficiency?,0,0
194,Are there any whiteflies or aphids on the leaves?,0,0
194,Do the leaves have translucent patches?,0,0
194,Is there a sticky substance attracting ants?,0,0
194,Are the leaves clustered tightly together unusually?,1,0
194,Is the leaf surface rough or bumpy?,1,0
194,Are the plants less productive than usual?,0,0
194,Do you see any holes forming in the leaf blades?,0,0
194,Are the edges of the leaves curling upward?,1,0
194,Do you notice any faint yellow halos around spots?,0,0
194,Is there excessive moisture or dew on the leaves?,1,0
194,Are the leaves uneven in size and shape?,0,0
194,Do you see any leaves that look scorched or sunburned?,1,0
194,Are the leaves losing their natural shine?,1,0
194,Is there a sticky film on the leaf surface?,1,0
194,Do the affected leaves wilt faster during hot weather?,0,0
194,Are any parts of the leaf transparent or thin?,1,0
194,Do you notice any fungus-like growth near leaf stems?,1,0
194,Are the leaves changing color faster than normal?,1,0
194,Is the plant less vigorous than healthy plants?,0,0
194,Do you observe any yellowing around leaf margins?,1,0
194,Are the leaves curling unevenly or asymmetrically?,1,0
194,Do you see any spots that look oily or greasy?,1,0
195,Are the leaves turning yellow starting from the tips?,1,1
195,Do you notice any brown streaks on the leaf veins?,0,1
195,Is there a sticky residue on the leaf surface?,1,1
195,Are the leaves curling inward or downward?,1,1
195,Do you see any tiny white spots on the leaves?,1,1
195,Is there a foul or unusual smell from the leaves?,0,1
195,Are the leaf edges turning brown or dry?,1,1
195,Do the leaves have patches of light green or pale color?,0,1
195,Is the plant growth slower than usual?,1,1
195,Are the leaves falling off prematurely?,0,1
195,Do you see black fungal spots on the leaves?,1,1
195,Are ants or other insects frequently found on the leaves?,0,1
195,Is there any powdery white coating on the leaves?,1,1
195,Do you see small holes or eaten parts on the leaves?,0,1
195,Are the younger leaves affected more than older ones?,1,1
195,Is there any sticky honeydew on the underside of leaves?,0,1
195,Do the leaves feel brittle or dry to touch?,0,1
195,Are there any web-like structures on the leaves?,0,1
195,Is there any mold or mildew on the leaf surface?,0,1
195,Are the leaves drooping or wilted during the day?,0,1
195,Do you see any yellow rings or spots on the leaves?,1,1
195,Are the leaves thinner or smaller than normal?,0,1
195,Is there any rust-colored powder on the leaves?,1,1
195,Do you notice any leaf veins turning red or purple?,0,1
195,Are the leaves brittle and breaking easily?,1,1
195,Is the plant showing signs of nutrient deficiency?,0,1
195,Are there any whiteflies or aphids on the leaves?,1,1
195,Do the leaves have translucent patches?,0,1
195,Is there a sticky substance attracting ants?,1,1
195,Are the leaves clustered tightly together unusually?,0,1
195,Is the leaf surface rough or bumpy?,1,1
195,Are the plants less productive than usual?,0,1
195,Do you see any holes forming in the leaf blades?,0,1
195,Are the edges of the leaves curling upward?,0,1
195,Do you notice any faint yellow halos around spots?,1,1
195,Is there excessive moisture or dew on the leaves?,0,1
195,Are the leaves uneven in size and shape?,1,1
195,Do you see any leaves that look scorched or sunburned?,0,1
195,Are the leaves losing their natural shine?,1,1
195,Is there a sticky film on the leaf surface?,0,1
195,Do the affected leaves wilt faster during hot weather?,0,1
195,Are any parts of the leaf transparent or thin?,0,1
195,Do you notice any fungus-like growth near leaf stems?,1,1
195,Are the leaves changing color faster than normal?,0,1
195,Is the plant less vigorous than healthy plants?,1,1
195,Do you observe any yellowing around leaf margins?,0,1
195,Are the leaves curling unevenly or asymmetrically?,0,1
195,Do you see any spots that look oily or greasy?,1,1
196,Are the leaves turning yellow starting from the tips?,0,0
196,Do you notice any brown streaks on the leaf veins?,1,0
196,Is there a sticky residue on the leaf surface?,0,0
196,Are the leaves curling inward or downward?,1,0
196,Do you see any tiny white spots on the leaves?,0,0
196,Is there a foul or unusual smell from the leaves?,1,0
196,Are the leaf edges turning brown or dry?,1,0
196,Do the leaves have patches of light green or pale color?,1,0
196,Is the plant growth slower than usual?,1,0
196,Are the leaves falling off prematurely?,1,0
196,Do you see black fungal spots on the leaves?,0,0
196,Are ants or other insects frequently found on the leaves?,1,0
196,Is there any powdery white coating on the leaves?,0,0
196,Do you see small holes or eaten parts on the leaves?,0,0
196,Are the younger leaves affected more than older ones?,0,0
196,Is there any sticky honeydew on the underside of leaves?,1,0
196,Do the leaves feel brittle or dry to touch?,0,0
196,Are there any web-like structures on the leaves?,1,0
196,Is there any mold or mildew on the leaf surface?,0,0
196,Are the leaves drooping or wilted during the day?,0,0
196,Do you see any yellow rings or spots on the leaves?,0,0
196,Are the leaves thinner or smaller than normal?,1,0
196,Is there any rust-colored powder on the leaves?,1,0
196,Do you notice any leaf veins turning red or purple?,1,0
196,Are the leaves brittle and breaking easily?,1,0
196,Is the plant showing signs of nutrient deficiency?,1,0
196,Are there any whiteflies or aphids on the leaves?,0,0
196,Do the leaves have translucent patches?,0,0
196,Is there a sticky substance attracting ants?,0,0
196,Are the leaves clustered tightly together unusually?,1,0
196,Is the leaf surface rough or bumpy?,0,0
196,Are the plants less productive than usual?,1,0
196,Do you see any holes forming in the leaf blades?,0,0
196,Are the edges of the leaves curling upward?,1,0
196,Do you notice any faint yellow halos around spots?,0,0
196,Is there excessive moisture or dew on the leaves?,1,0
196,Are the leaves uneven in size and shape?,0,0
196,Do you see any leaves that look scorched or sunburned?,1,0
196,Are the leaves losing their natural shine?,0,0
196,Is there a sticky film on the leaf surface?,0,0
196,Do the affected leaves wilt faster during hot weather?,0,0
196,Are any parts of the leaf transparent or thin?,1,0
196,Do you notice any fungus-like growth near leaf stems?,0,0
196,Are the leaves changing color faster than normal?,1,0
196,Is the plant less vigorous than healthy plants?,1,0
196,Do you observe any yellowing around leaf margins?,1,0
196,Are the leaves curling unevenly or asymmetrically?,0,0
196,Do you see any spots that look oily or greasy?,1,0
197,Are the leaves turning yellow starting from the tips?,0,0
197,Do you notice any brown streaks on the leaf veins?,1,0
197,Is there a sticky residue on the leaf surface?,0,0
197,Are the leaves curling inward or downward?,1,0
197,Do you see any tiny white spots on the leaves?,0,0
197,Is there a foul or unusual smell from the leaves?,1,0
197,Are the leaf edges turning brown or dry?,0,0
197,Do the leaves have patches of light green or pale color?,1,0
197,Is the plant growth slower than usual?,0,0
197,Are the leaves falling off prematurely?,1,0
197,Do you see black fungal spots on the leaves?,0,0
197,Are ants or other insects frequently found on the leaves?,1,0
197,Is there any powdery white coating on the leaves?,0,0
197,Do you see small holes or eaten parts on the leaves?,1,0
197,Are the younger leaves affected more than older ones?,1,0
197,Is there any sticky honeydew on the underside of leaves?,1,0
197,Do the leaves feel brittle or dry to touch?,0,0
197,Are there any web-like structures on the leaves?,1,0
197,Is there any mold or mildew on the leaf surface?,0,0
197,Are the leaves drooping or wilted during the day?,0,0
197,Do you see any yellow rings or spots on the leaves?,0,0
197,Are the leaves thinner or smaller than normal?,1,0
197,Is there any rust-colored powder on the leaves?,1,0
197,Do you notice any leaf veins turning red or purple?,1,0
197,Are the leaves brittle and breaking easily?,0,0
197,Is the plant showing signs of nutrient deficiency?,1,0
197,Are there any whiteflies or aphids on the leaves?,0,0
197,Do the leaves have translucent patches?,1,0
197,Is there a sticky substance attracting ants?,1,0
197,Are the leaves clustered tightly together unusually?,0,0
197,Is the leaf surface rough or bumpy?,1,0
197,Are the plants less productive than usual?,1,0
197,Do you see any holes forming in the leaf blades?,1,0
197,Are the edges of the leaves curling upward?,1,0
197,Do you notice any faint yellow halos around spots?,0,0
197,Is there excessive moisture or dew on the leaves?,1,0
197,Are the leaves uneven in size and shape?,0,0
197,Do you see any leaves that look scorched or sunburned?,1,0
197,Are the leaves losing their natural shine?,0,0
197,Is there a sticky film on the leaf surface?,1,0
197,Do the affected leaves wilt faster during hot weather?,0,0
197,Are any parts of the leaf transparent or thin?,1,0
197,Do you notice any fungus-like growth near leaf stems?,1,0
197,Are the leaves changing color faster than normal?,1,0
197,Is the plant less vigorous than healthy plants?,0,0
197,Do you observe any yellowing around leaf margins?,1,0
197,Are the leaves curling unevenly or asymmetrically?,0,0
197,Do you see any spots that look oily or greasy?,1,0
198,Are the leaves turning yellow starting from the tips?,1,1
198,Do you notice any brown streaks on the leaf veins?,0,1
198,Is there a sticky residue on the leaf surface?,1,1
198,Are the leaves curling inward or downward?,0,1
198,Do you see any tiny white spots on the leaves?,0,1
198,Is there a foul or unusual smell from the leaves?,0,1
198,Are the leaf edges turning brown or dry?,0,1
198,Do the leaves have patches of light green or pale color?,0,1
198,Is the plant growth slower than usual?,1,1
198,Are the leaves falling off prematurely?,0,1
198,Do you see black fungal spots on the leaves?,1,1
198,Are ants or other insects frequently found on the leaves?,0,1
198,Is there any powdery white coating on the leaves?,0,1
198,Do you see small holes or eaten parts on the leaves?,0,1
198,Are the younger leaves affected more than older ones?,1,1
198,Is there any sticky honeydew on the underside of leaves?,0,1
198,Do the leaves feel brittle or dry to touch?,0,1
198,Are there any web-like structures on the leaves?,1,1
198,Is there any mold or mildew on the leaf surface?,1,1
198,Are the leaves drooping or wilted during the day?,0,1
198,Do you see any yellow rings or spots on the leaves?,1,1
198,Are the leaves thinner or smaller than normal?,0,1
198,Is there any rust-colored powder on the leaves?,1,1
198,Do you notice any leaf veins turning red or purple?,0,1
198,Are the leaves brittle and breaking easily?,1,1
198,Is the plant showing signs of nutrient deficiency?,0,1
198,Are there any whiteflies or aphids on the leaves?,1,1
198,Do the leaves have translucent patches?,0,1
198,Is there a sticky substance attracting ants?,0,1
198,Are the leaves clustered tightly together unusually?,1,1
198,Is the leaf surface rough or bumpy?,1,1
198,Are the plants less productive than usual?,1,1
198,Do you see any holes forming in the leaf blades?,1,1
198,Are the edges of the leaves curling upward?,1,1
198,Do you notice any faint yellow halos around spots?,1,1
198,Is there excessive moisture or dew on the leaves?,0,1
198,Are the leaves uneven in size and shape?,1,1
198,Do you see any leaves that look scorched or sunburned?,0,1
198,Are the leaves losing their natural shine?,1,1
198,Is there a sticky film on the leaf surface?,0,1
198,Do the affected leaves wilt faster during hot weather?,1,1
198,Are any parts of the leaf transparent or thin?,1,1
198,Do you notice any fungus-like growth near leaf stems?,0,1
198,Are the leaves changing color faster than normal?,0,1
198,Is the plant less vigorous than healthy plants?,1,1
198,Do you observe any yellowing around leaf margins?,1,1
198,Are the leaves curling unevenly or asymmetrically?,0,1
198,Do you see any spots that look oily or greasy?,0,1
199,Are the leaves turning yellow starting from the tips?,0,0
199,Do you notice any brown streaks on the leaf veins?,1,0
199,Is there a sticky residue on the leaf surface?,1,0
199,Are the leaves curling inward or downward?,1,0
199,Do you see any tiny white spots on the leaves?,1,0
199,Is there a foul or unusual smell from the leaves?,1,0
199,Are the leaf edges turning brown or dry?,0,0
199,Do the leaves have patches of light green or pale color?,1,0
199,Is the plant growth slower than usual?,0,0
199,Are the leaves falling off prematurely?,0,0
199,Do you see black fungal spots on the leaves?,0,0
199,Are ants or other insects frequently found on the leaves?,1,0
199,Is there any powdery white coating on the leaves?,0,0
199,Do you see small holes or eaten parts on the leaves?,1,0
199,Are the younger leaves affected more than older ones?,0,0
199,Is there any sticky honeydew on the underside of leaves?,0,0
199,Do the leaves feel brittle or dry to touch?,0,0
199,Are there any web-like structures on the leaves?,1,0
199,Is there any mold or mildew on the leaf surface?,0,0
199,Are the leaves drooping or wilted during the day?,1,0
199,Do you see any yellow rings or spots on the leaves?,0,0
199,Are the leaves thinner or smaller than normal?,1,0
199,Is there any rust-colored powder on the leaves?,0,0
199,Do you notice any leaf veins turning red or purple?,1,0
199,Are the leaves brittle and breaking easily?,0,0
199,Is the plant showing signs of nutrient deficiency?,1,0
199,Are there any whiteflies or aphids on the leaves?,0,0
199,Do the leaves have translucent patches?,1,0
199,Is there a sticky substance attracting ants?,0,0
199,Are the leaves clustered tightly together unusually?,1,0
199,Is the leaf surface rough or bumpy?,1,0
199,Are the plants less productive than usual?,1,0
199,Do you see any holes forming in the leaf blades?,0,0
199,Are the edges of the leaves curling upward?,1,0
199,Do you notice any faint yellow halos around spots?,1,0
199,Is there excessive moisture or dew on the leaves?,0,0
199,Are the leaves uneven in size and shape?,0,0
199,Do you see any leaves that look scorched or sunburned?,1,0
199,Are the leaves losing their natural shine?,0,0
199,Is there a sticky film on the leaf surface?,1,0
199,Do the affected leaves wilt faster during hot weather?,0,0
199,Are any parts of the leaf transparent or thin?,1,0
199,Do you notice any fungus-like growth near leaf stems?,0,0
199,Are the leaves changing color faster than normal?,1,0
199,Is the plant less vigorous than healthy plants?,0,0
199,Do you observe any yellowing around leaf margins?,1,0
199,Are the leaves curling unevenly or asymmetrically?,0,0
199,Do you see any spots that look oily or greasy?,1,0
200,Are the leaves turning yellow starting from the tips?,1,1
200,Do you notice any brown streaks on the leaf veins?,0,1
200,Is there a sticky residue on the leaf surface?,1,1
200,Are the leaves curling inward or downward?,0,1
200,Do you see any tiny white spots on the leaves?,1,1
200,Is there a foul or unusual smell from the leaves?,0,1
200,Are the leaf edges turning brown or dry?,1,1
200,Do the leaves have patches of light green or pale color?,1,1
200,Is the plant growth slower than usual?,1,1
200,Are the leaves falling off prematurely?,0,1
200,Do you see black fungal spots on the leaves?,1,1
200,Are ants or other insects frequently found on the leaves?,1,1
200,Is there any powdery white coating on the leaves?,1,1
200,Do you see small holes or eaten parts on the leaves?,1,1
200,Are the younger leaves affected more than older ones?,1,1
200,Is there any sticky honeydew on the underside of leaves?,0,1
200,Do the leaves feel brittle or dry to touch?,0,1
200,Are there any web-like structures on the leaves?,0,1
200,Is there any mold or mildew on the leaf surface?,1,1
200,Are the leaves drooping or wilted during the day?,0,1
200,Do you see any yellow rings or spots on the leaves?,1,1
200,Are the leaves thinner or smaller than normal?,1,1
200,Is there any rust-colored powder on the leaves?,1,1
200,Do you notice any leaf veins turning red or purple?,0,1
200,Are the leaves brittle and breaking easily?,1,1
200,Is the plant showing signs of nutrient deficiency?,0,1
200,Are there any whiteflies or aphids on the leaves?,1,1
200,Do the leaves have translucent patches?,0,1
200,Is there a sticky substance attracting ants?,1,1
200,Are the leaves clustered tightly together unusually?,0,1
200,Is the leaf surface rough or bumpy?,1,1
200,Are the plants less productive than usual?,0,1
200,Do you see any holes forming in the leaf blades?,1,1
200,Are the edges of the leaves curling upward?,1,1
200,Do you notice any faint yellow halos around spots?,1,1
200,Is there excessive moisture or dew on the leaves?,1,1
200,Are the leaves uneven in size and shape?,1,1
200,Do you see any leaves that look scorched or sunburned?,0,1
200,Are the leaves losing their natural shine?,1,1
200,Is there a sticky film on the leaf surface?,0,1
200,Do the affected leaves wilt faster during hot weather?,1,1
200,Are any parts of the leaf transparent or thin?,1,1
200,Do you notice any fungus-like growth near leaf stems?,1,1
200,Are the leaves changing color faster than normal?,0,1
200,Is the plant less vigorous than healthy plants?,1,1
200,Do you observe any yellowing around leaf margins?,0,1
200,Are the leaves curling unevenly or asymmetrically?,1,1
200,Do you see any spots that look oily or greasy?,1,1
